league,job_id,job_family,variant,endpoint,season,season_type,scope,request_params,source,request_id,request_table,request_url,request_status,request_row_index,entity_id,team_id,name,short_name,row_id,team_abbreviation,seconds_played,games_played,plus_minus,off_poss,def_poss,penalty_off_poss,penalty_def_poss,second_chance_off_poss,total_poss,at_rim_fgm,at_rim_fga,second_chance_at_rim_fgm,second_chance_at_rim_fga,penalty_at_rim_fgm,penalty_at_rim_fga,short_mid_range_fgm,short_mid_range_fga,long_mid_range_fgm,long_mid_range_fga,corner3_fgm,corner3_fga,second_chance_corner3_fgm,second_chance_corner3_fga,penalty_corner3_fgm,penalty_corner3_fga,arc3_fgm,arc3_fga,second_chance_arc3_fgm,second_chance_arc3_fga,penalty_arc3_fgm,penalty_arc3_fga,fg2m,fg2a,fg3m,fg3a,ft_points,points,opponent_points,second_chance_fg2_m,second_chance_fg2_a,second_chance_fg3_m,second_chance_fg3_a,second_chance_ft_points,second_chance_points,penalty_fg2_m,penalty_fg2_a,penalty_fg3_m,penalty_fg3_a,penalty_ft_points,penalty_points,pts_assisted2s,pts_unassisted2s,pts_assisted3s,pts_unassisted3s,pts_putbacks,heave_attempts,non_heave_arc3_fga,non_heave_arc3_fgm,fg2a_blocked,fg3a_blocked,two_pt_assists,three_pt_assists,assists,arc3_assists,corner3_assists,at_rim_assists,short_mid_range_assists,long_mid_range_assists,assist_points,off_three_pt_rebounds,off_two_pt_rebounds,ft_off_rebounds,def_three_pt_rebounds,def_two_pt_rebounds,ft_def_rebounds,def_rebounds,off_rebounds,rebounds,self_o_reb,steals,bad_pass_steals,lost_ball_steals,live_ball_turnovers,bad_pass_out_of_bounds_turnovers,bad_pass_turnovers,dead_ball_turnovers,lost_ball_out_of_bounds_turnovers,lost_ball_turnovers,step_out_of_bounds_turnovers,travels,turnovers,second_chance_turnovers,penalty_turnovers,shooting_fouls,fouls,charge fouls,clear path fouls,loose ball fouls,offensive fouls,transition take fouls,fouls_drawn,charge fouls drawn,loose ball fouls drawn,offensive fouls drawn,transition take fouls drawn,fta,2pt and 1 free throw trips,3pt and 1 free throw trips,technical free throw trips,two_pt_shooting_fouls_drawn,three_pt_shooting_fouls_drawn,non_shooting_fouls_drawn,blocked2s,blocked3s,blocked_arc3,blocked_at_rim,blocked_corner3,blocked_long_mid_range,blocked_short_mid_range,blocks,recovered_blocks,3_second_violations,defensive 3 seconds violations,first_chance_points,penalty_points_excluding_take_fouls,penalty_off_poss_excluding_take_fouls,non_shooting_penalty_non_take_fouls,non_shooting_penalty_non_take_fouls_drawn,assisted2s_pct,non_putbacks_assisted2s_pct,assisted3s_pct,fg3_pct,second_chance_fg3_pct,penalty_fg3_pct,non_heave_fg3_pct,fg2_pct,second_chance_fg2_pct,penalty_fg2_pct,efg_pct,second_chance_efg_pct,penalty_efg_pct,ts_pct,second_chance_ts_pct,penalty_ts_pct,fg3_a_pct,fg3_a_pct_blocked,fg2_a_pct_blocked,at_rim_pct_blocked,short_mid_range_pct_blocked,long_mid_range_pct_blocked,corner3_pct_blocked,arc3_pct_blocked,live_ball_turnover_pct,def_ft_rebound_pct,off_ft_rebound_pct,def_two_pt_rebound_pct,off_two_pt_rebound_pct,def_three_pt_rebound_pct,off_three_pt_rebound_pct,def_fg_rebound_pct,off_fg_rebound_pct,off_at_rim_rebound_pct,off_short_mid_range_rebound_pct,off_long_mid_range_rebound_pct,off_arc3_rebound_pct,off_corner3_rebound_pct,def_at_rim_rebound_pct,def_short_mid_range_rebound_pct,def_long_mid_range_rebound_pct,def_arc3_rebound_pct,def_corner3_rebound_pct,self_o_reb_pct,pace,blocks_recovered_pct,seconds_per_poss_off,seconds_per_poss_def,seconds_excluding_o_rebs_per_poss_off,seconds_excluding_o_rebs_per_poss_def,at_rim_frequency,at_rim_accuracy,unblocked_at_rim_accuracy,at_rim_pct_assisted,short_mid_range_frequency,short_mid_range_accuracy,unblocked_short_mid_range_accuracy,short_mid_range_pct_assisted,long_mid_range_frequency,long_mid_range_accuracy,unblocked_long_mid_range_accuracy,long_mid_range_pct_assisted,corner3_frequency,corner3_accuracy,unblocked_corner3_accuracy,corner3_pct_assisted,arc3_frequency,arc3_accuracy,unblocked_arc3_accuracy,arc3_pct_assisted,second_chance_at_rim_frequency,second_chance_at_rim_accuracy,second_chance_at_rim_pct_assisted,second_chance_corner3_frequency,second_chance_corner3_accuracy,second_chance_corner3_pct_assisted,second_chance_arc3_frequency,second_chance_arc3_accuracy,second_chance_arc3_pct_assisted,penalty_at_rim_frequency,penalty_at_rim_accuracy,penalty_corner3_frequency,penalty_corner3_accuracy,penalty_arc3_frequency,penalty_arc3_accuracy,at_rim_fg3_a_frequency,non_heave_arc3_accuracy,shot_quality_avg,second_chance_shot_quality_avg,penalty_shot_quality_avg,shooting_fouls_drawn_pct,two_pt_shooting_fouls_drawn_pct,three_pt_shooting_fouls_drawn_pct,second_chance_points_pct,penalty_points_pct,avg2pt_shot_distance,avg3pt_shot_distance,penalty_off_poss_pct,offensive_goaltends
wnba,wnba_totals,totals,team_totals,get-totals,2023,Regular Season,season,"{'Type': 'Team', 'Season': '2023', 'SeasonType': 'Regular Season'}",totals,get-totals__team_totals__type-Team__season-2023__season_type-Regular_Season__74c1df75,get-totals,https://api.pbpstats.com/get-totals/wnba?Type=Team&Season=2023&SeasonType=Regular+Season,200,0,1611661323,1611661323,CON,CON,1611661323,CON,96900.0,40,148,3153,3155,632,702,371,6308,581,940,93,168,100,154,218,615,120,357,75,197,8,23,7,26,212,601,22,53,38,113,919,1912,287,798,608,3307,3159,128,266,30,76,78,424,163,329,45,139,224,685,1138,700,771,90,112,7,594,212,180,5,569,257,826,183,74,364,124,81,1909,113,305,14,400,644,69,1113,432,1545,35,323,198,125,265,84,186,283,25,79,8,38,548,51,101,336,736,8,1.0,41,53,5,773,15,47,84,8,794,93,1,24,342,3,86,137,15,10,60,5.0,11,66,152,89,5,6,2883,675,626,60,71,0.6191512513601741,0.6593279258400927,0.8954703832752613,0.35964912280701755,0.39473684210526316,0.3237410071942446,0.36283185840707965,0.48064853556485354,0.48120300751879697,0.49544072948328266,0.4979704797047971,0.5058479532163743,0.49252136752136755,0.5393829996718084,0.5520833333333334,0.5692821368948247,0.2944649446494465,0.006265664160401002,0.09414225941422594,0.10319148936170212,0.12032520325203253,0.025210084033613446,0.005076142131979695,0.0066555740432612314,0.4835766423357664,0.8518518518518519,0.15384615384615385,0.7171492204899778,0.3128205128205128,0.7380073800738007,0.2334710743801653,0.725,0.2864976010966415,0.3323943661971831,0.30256410256410254,0.3,0.22802197802197802,0.25,0.6377358490566037,0.7202797202797203,0.8137254901960784,0.7415458937198067,0.7265625,0.027365129007036748,93.74117647058823,0.5855263157894737,15.445924516333651,15.2770206022187,14.71011734855693,14.630744849445325,0.34686346863468637,0.6180851063829788,0.6892052194543298,0.6265060240963856,0.22693726937269373,0.3544715447154472,0.4029574861367837,0.5688073394495413,0.13173431734317342,0.33613445378151263,0.3448275862068966,0.675,0.07269372693726937,0.38071065989847713,0.3826530612244898,0.9866666666666667,0.22177121771217712,0.3527454242928453,0.35510887772194305,0.8632075471698113,0.49122807017543857,0.5535714285714286,0.3548387096774194,0.06725146198830409,0.34782608695652173,0.875,0.15497076023391812,0.41509433962264153,0.9090909090909091,0.32905982905982906,0.6493506493506493,0.05555555555555555,0.2692307692307692,0.24145299145299146,0.336283185840708,0.6413284132841328,0.3569023569023569,0.505272037037037,0.528166605839416,0.47455432900432903,0.11651469098277609,0.15826006478482185,0.00375,0.12821288176595103,0.20713637738131238,6.761297071129707,25.064035087719297,0.2004440215667618,
wnba,wnba_totals,totals,team_totals,get-totals,2023,Regular Season,season,"{'Type': 'Team', 'Season': '2023', 'SeasonType': 'Regular Season'}",totals,get-totals__team_totals__type-Team__season-2023__season_type-Regular_Season__74c1df75,get-totals,https://api.pbpstats.com/get-totals/wnba?Type=Team&Season=2023&SeasonType=Regular+Season,200,1,1611661325,1611661325,IND,IND,1611661325,IND,96900.0,40,-162,3147,3156,638,700,404,6303,536,903,108,175,94,161,243,595,159,441,56,166,8,18,10,36,213,625,29,72,51,132,938,1939,269,791,557,3240,3402,146,277,37,90,84,487,162,334,61,168,174,681,984,892,684,123,168,5,620,213,161,8,492,228,720,174,54,274,115,103,1668,156,300,12,414,635,59,1108,468,1576,58,260,180,80,266,88,184,329,32,82,15,49,595,53,116,338,787,18,1.0,45,75,8,710,13,43,57,7,711,77,1,25,314,4,66,118,1,1,69,,3,46,119,53,8,9,2753,670,630,72,45,0.5245202558635395,0.5761124121779859,0.8475836431226765,0.34007585335018964,0.4111111111111111,0.3630952380952381,0.3422391857506361,0.48375451263537905,0.5270758122743683,0.48502994011976047,0.49139194139194137,0.5490463215258855,0.5049800796812749,0.5299736495388669,0.5827338129496403,0.5525451559934319,0.28974358974358977,0.010113780025284451,0.08303249097472924,0.09966777408637874,0.1092436974789916,0.013605442176870748,0.012048192771084338,0.0096,0.4470588235294118,0.7662337662337663,0.15584415584415584,0.7032115171650055,0.303951367781155,0.7680890538033395,0.312,0.7274618585298197,0.3066577000672495,0.3698630136986301,0.28735632183908044,0.23722627737226276,0.29081632653061223,0.3888888888888889,0.6326530612244898,0.7228260869565217,0.7593360995850622,0.7720588235294118,0.7557251908396947,0.04387291981845688,93.66687306501548,0.44537815126050423,15.587543692405465,15.160329531051964,14.899586908166508,14.479087452471482,0.33076923076923076,0.593576965669989,0.6592865928659286,0.5111940298507462,0.21794871794871795,0.4084033613445378,0.45849056603773586,0.4732510288065844,0.16153846153846155,0.36054421768707484,0.36551724137931035,0.6477987421383647,0.060805860805860805,0.3373493975903614,0.34146341463414637,0.9642857142857143,0.22893772893772893,0.3408,0.3441033925686591,0.8169014084507042,0.4768392370572207,0.6171428571428571,0.16666666666666666,0.04904632152588556,0.4444444444444444,1.0,0.19618528610354224,0.4027777777777778,0.896551724137931,0.3207171314741036,0.5838509316770186,0.07171314741035857,0.2777777777777778,0.26294820717131473,0.38636363636363635,0.6205128205128205,0.3435483870967742,0.5029191587068332,0.5256714552238806,0.4867238476953908,0.10707070707070707,0.14430147058823528,0.005037783375314861,0.15030864197530863,0.2101851851851852,7.213769984528107,25.158154235145386,0.2027327613600254,
wnba,wnba_totals,totals,team_totals,get-totals,2023,Regular Season,season,"{'Type': 'Team', 'Season': '2023', 'SeasonType': 'Regular Season'}",totals,get-totals__team_totals__type-Team__season-2023__season_type-Regular_Season__74c1df75,get-totals,https://api.pbpstats.com/get-totals/wnba?Type=Team&Season=2023&SeasonType=Regular+Season,200,2,1611661329,1611661329,CHI,CHI,1611661329,CHI,96600.0,40,-65,3193,3185,523,629,372,6378,454,757,86,139,70,111,258,617,187,521,80,180,11,19,13,32,250,708,25,67,37,113,899,1895,330,888,481,3269,3334,126,264,36,86,49,409,122,257,50,145,168,562,1044,754,888,102,106,1,707,250,132,12,522,296,818,218,78,295,143,84,1932,150,273,18,363,667,57,1087,441,1528,61,267,192,75,309,84,215,264,27,94,10,22,573,64,86,315,691,26,1.0,37,41,5,636,12,44,52,6,640,59,2,22,253,12,69,174,7,6,104,1.0,3,67,181,93,5,4,2860,545,513,65,52,0.5806451612903226,0.6170212765957447,0.896969696969697,0.3716216216216216,0.4186046511627907,0.3448275862068966,0.37204058624577224,0.47440633245382585,0.4772727272727273,0.47470817120622566,0.5008983111749911,0.5142857142857142,0.4900497512437811,0.5320680628272252,0.5395778364116095,0.5621242484969939,0.3190801293568092,0.013513513513513514,0.06965699208443271,0.0845442536327609,0.0940032414910859,0.019193857965451054,0.016666666666666666,0.012711864406779662,0.5392670157068062,0.890625,0.23076923076923078,0.6933471933471933,0.2777212614445575,0.7333333333333333,0.2803738317757009,0.7069320521619766,0.27865612648221344,0.3311036789297659,0.2696629213483146,0.23780487804878048,0.26146788990825687,0.36363636363636365,0.6189189189189189,0.7157360406091371,0.7878787878787878,0.7487179487179487,0.6761904761904762,0.04413892908827786,95.07577639751553,0.5138121546961326,15.304102724710305,14.98712715855573,14.591293454431568,14.323076923076924,0.2720086237872799,0.5997357992073976,0.6551226551226551,0.6497797356828194,0.22170319798778296,0.4181523500810373,0.46153846153846156,0.5542635658914729,0.18720804886812792,0.35892514395393477,0.3659491193737769,0.44919786096256686,0.06467840459935321,0.4444444444444444,0.4519774011299435,0.975,0.254401724757456,0.3531073446327684,0.35765379113018597,0.872,0.39714285714285713,0.6187050359712231,0.37209302325581395,0.054285714285714284,0.5789473684210527,1.0,0.19142857142857142,0.373134328358209,0.96,0.27611940298507465,0.6306306306306306,0.07960199004975124,0.40625,0.2810945273631841,0.3274336283185841,0.5910887531440892,0.3536067892503536,0.4957495685005394,0.5135085714285714,0.47796875,0.08780160857908847,0.12111057922450934,0.01005586592178771,0.12511471397981033,0.17191801774242887,8.466015831134564,24.661824324324325,0.16379580331976198,
wnba,wnba_totals,totals,team_totals,get-totals,2023,Regular Season,season,"{'Type': 'Team', 'Season': '2023', 'SeasonType': 'Regular Season'}",totals,get-totals__team_totals__type-Team__season-2023__season_type-Regular_Season__74c1df75,get-totals,https://api.pbpstats.com/get-totals/wnba?Type=Team&Season=2023&SeasonType=Regular+Season,200,3,1611661322,1611661322,WAS,WAS,1611661322,WAS,96300.0,40,-14,3179,3164,746,721,302,6343,411,644,64,102,80,126,278,698,157,434,82,203,4,13,23,51,228,720,19,57,36,155,846,1776,310,923,599,3221,3235,110,200,23,70,53,342,173,375,59,206,206,729,950,742,879,51,122,8,712,228,109,8,475,293,768,213,80,238,142,95,1829,107,228,6,433,611,70,1114,341,1455,48,309,207,102,269,76,176,259,24,93,2,37,528,44,130,326,743,11,,41,53,4,717,17,46,54,9,728,87,2,16,313,7,80,125,5,4,40,1.0,11,74,130,68,2,12,2879,719,740,76,62,0.5614657210401891,0.6050955414012739,0.9451612903225807,0.3358613217768147,0.32857142857142857,0.28640776699029125,0.33879781420765026,0.47635135135135137,0.55,0.4613333333333333,0.4857354575768803,0.5351851851851852,0.45008605851979344,0.5325581395348837,0.5738255033557047,0.5238095238095238,0.3419785105594665,0.00866738894907909,0.06137387387387387,0.06677018633540373,0.08595988538681948,0.013824884792626729,0.014778325123152709,0.006944444444444444,0.509469696969697,0.8860759493670886,0.08823529411764706,0.7055427251732102,0.25,0.7596491228070176,0.1832191780821918,0.7270194986072424,0.22393048128342247,0.2813852813852814,0.25240384615384615,0.2188679245283019,0.1879049676025918,0.1652892561983471,0.63,0.7200956937799043,0.7419354838709677,0.7635574837310195,0.7431192660550459,0.03480783176214648,94.84859813084113,0.5230769230769231,15.272318339100345,15.091434892541088,14.723403586033342,14.437262958280657,0.23860689144127453,0.6381987577639752,0.6838602329450915,0.5790754257907542,0.25861430159318266,0.3982808022922636,0.43573667711598746,0.5107913669064749,0.16080029640607632,0.3617511520737327,0.36682242990654207,0.6050955414012739,0.07521304186735828,0.4039408866995074,0.41,0.975609756097561,0.2667654686921082,0.31666666666666665,0.31888111888111886,0.9342105263157895,0.37777777777777777,0.6274509803921569,0.234375,0.04814814814814815,0.3076923076923077,1.0,0.2111111111111111,0.3333333333333333,1.0,0.21686746987951808,0.6349206349206349,0.08777969018932874,0.45098039215686275,0.2667814113597246,0.23225806451612904,0.580585402000741,0.3202247191011236,0.4862597397769517,0.5216394607843138,0.4618773519163763,0.10891089108910891,0.15634365634365635,0.006472491909385114,0.1061782055262341,0.22632722756907792,8.269932432432432,25.096316359696644,0.2346649889902485,
wnba,wnba_totals,totals,team_totals,get-totals,2023,Regular Season,season,"{'Type': 'Team', 'Season': '2023', 'SeasonType': 'Regular Season'}",totals,get-totals__team_totals__type-Team__season-2023__season_type-Regular_Season__74c1df75,get-totals,https://api.pbpstats.com/get-totals/wnba?Type=Team&Season=2023&SeasonType=Regular+Season,200,4,1611661317,1611661317,PHO,PHO,1611661317,PHO,96300.0,40,-332,3108,3102,647,712,324,6210,401,613,73,103,63,111,337,778,127,340,69,195,3,9,11,28,202,632,17,54,44,131,865,1731,271,827,521,3064,3396,116,198,20,63,64,356,142,314,55,159,187,636,1040,690,729,84,106,4,628,202,138,19,520,243,763,175,68,245,201,74,1769,126,208,16,368,640,61,1069,350,1419,31,227,157,70,307,91,211,337,30,96,18,33,644,58,131,327,753,8,1.0,37,88,7,694,11,29,77,4,649,71,5,12,266,18,66,168,2,2,79,,8,81,170,91,5,6,2708,631,644,65,54,0.6011560693641619,0.6403940886699507,0.8966789667896679,0.32769044740024184,0.31746031746031744,0.34591194968553457,0.3292831105710814,0.49971114962449453,0.5858585858585859,0.45222929936305734,0.4970680218921032,0.5593869731800766,0.47463002114164904,0.5391949152542372,0.6013513513513513,0.5541958041958042,0.3232994526974199,0.022974607013301087,0.07972270363951472,0.08972267536704731,0.09768637532133675,0.020588235294117647,0.035897435897435895,0.0189873417721519,0.4767080745341615,0.8591549295774648,0.24615384615384617,0.6632124352331606,0.24673784104389088,0.7229862475442044,0.23908918406072105,0.683853459972863,0.24379562043795622,0.3,0.2337962962962963,0.21890547263681592,0.236318407960199,0.248,0.6584507042253521,0.6328502415458938,0.7153558052434457,0.7253521126760564,0.7108433734939759,0.02536824877250409,92.85981308411215,0.5352941176470588,16.038931788931787,14.974532559638943,15.46074646074646,14.206963249516441,0.23964034401876466,0.6541598694942904,0.7186379928315412,0.6109725685785536,0.30414386239249414,0.43316195372750643,0.48005698005698005,0.5964391691394659,0.13291634089132134,0.3735294117647059,0.3813813813813814,0.5826771653543307,0.07623143080531665,0.35384615384615387,0.3670212765957447,0.9855072463768116,0.2470680218921032,0.31962025316455694,0.3258064516129032,0.8663366336633663,0.3946360153256705,0.7087378640776699,0.3424657534246575,0.034482758620689655,0.3333333333333333,1.0,0.20689655172413793,0.3148148148148148,0.8823529411764706,0.2346723044397463,0.5675675675675675,0.05919661733615222,0.39285714285714285,0.2769556025369979,0.33587786259541985,0.5629397967161845,0.321656050955414,0.48570033294163734,0.5012932960893854,0.4659955128205128,0.10170104958378574,0.13811007268951195,0.017921146953405017,0.11618798955613577,0.20757180156657964,7.777642980935876,24.619105199516323,0.20817245817245816,
wnba,wnba_totals,totals,team_totals,get-totals,2023,Regular Season,season,"{'Type': 'Team', 'Season': '2023', 'SeasonType': 'Regular Season'}",totals,get-totals__team_totals__type-Team__season-2023__season_type-Regular_Season__74c1df75,get-totals,https://api.pbpstats.com/get-totals/wnba?Type=Team&Season=2023&SeasonType=Regular+Season,200,5,1611661313,1611661313,NYL,NYL,1611661313,NYL,96900.0,40,348,3205,3207,601,511,390,6412,524,788,78,123,77,117,226,555,92,267,118,319,7,34,22,65,326,868,42,90,52,167,842,1610,444,1187,553,3569,3221,114,217,49,124,86,461,125,249,74,232,219,691,1124,560,1209,123,122,8,860,326,130,9,562,403,965,286,117,358,142,62,2333,193,242,10,421,766,64,1251,445,1696,59,266,170,96,259,94,191,309,28,68,13,38,568,57,90,298,640,8,1.0,30,71,5,686,6,37,50,3,667,63,2,16,246,19,80,163,15,13,84,2.0,8,71,178,101,9,5,3108,668,588,42,64,0.667458432304038,0.7195902688860435,0.9076576576576577,0.37405223251895536,0.3951612903225806,0.31896551724137934,0.37659033078880405,0.5229813664596273,0.5253456221198156,0.5020080321285141,0.5391490883089024,0.5498533724340176,0.49064449064449067,0.5775105622359441,0.5925449871465296,0.5713101160862355,0.42438326778691454,0.007582139848357203,0.08074534161490683,0.10152284263959391,0.08468468468468468,0.011235955056179775,0.006269592476489028,0.008064516129032258,0.45598591549295775,0.8421052631578947,0.16129032258064516,0.7422480620155039,0.322237017310253,0.7696526508226691,0.26880222841225626,0.7517416086130463,0.29611980939414567,0.31417624521072796,0.3862928348909657,0.21301775147928995,0.25961538461538464,0.29292929292929293,0.6845070422535211,0.7531172069825436,0.8007246376811594,0.7728285077951003,0.7551020408163265,0.04422788605697151,95.28668730650155,0.5674157303370787,14.65525741029641,15.569036482694107,13.891606864274571,14.95344558777674,0.28173042545584553,0.6649746192893401,0.7401129943502824,0.683206106870229,0.19842688594923133,0.4072072072072072,0.4448818897637795,0.6283185840707964,0.09545942080800858,0.3445692883895131,0.3484848484848485,0.6739130434782609,0.11405076868072936,0.36990595611285265,0.3722397476340694,0.9915254237288136,0.3103324991061852,0.37557603686635943,0.3786295005807201,0.8773006134969326,0.36070381231671556,0.6341463414634146,0.28205128205128205,0.09970674486803519,0.20588235294117646,1.0,0.26392961876832843,0.4666666666666667,0.9523809523809523,0.24324324324324326,0.6581196581196581,0.13513513513513514,0.3384615384615385,0.3471933471933472,0.31137724550898205,0.7061136932427601,0.37906976744186044,0.514891816223977,0.5214375,0.4956151162790698,0.08781302170283806,0.13720022308979365,0.014143094841930116,0.1291678341272065,0.1936116559260297,6.826708074534161,24.818365627632687,0.1875195007800312,1.0
wnba,wnba_totals,totals,team_totals,get-totals,2023,Regular Season,season,"{'Type': 'Team', 'Season': '2023', 'SeasonType': 'Regular Season'}",totals,get-totals__team_totals__type-Team__season-2023__season_type-Regular_Season__74c1df75,get-totals,https://api.pbpstats.com/get-totals/wnba?Type=Team&Season=2023&SeasonType=Regular+Season,200,6,1611661330,1611661330,ATL,ATL,1611661330,ATL,96600.0,40,-59,3269,3272,729,764,373,6541,471,789,99,156,98,165,285,779,163,414,38,148,6,15,3,16,219,618,18,51,41,135,919,1982,257,766,692,3301,3360,138,252,24,66,100,448,187,405,44,151,206,712,1030,808,684,87,152,11,607,219,166,8,515,228,743,191,37,247,160,108,1714,124,280,18,437,696,77,1210,422,1632,65,251,171,80,306,63,204,276,28,102,6,41,582,52,133,391,772,11,1.0,45,68,3,791,13,44,78,5,878,93,1,17,391,10,73,173,12,9,85,3.0,8,80,185,98,7,12,2853,701,722,56,58,0.5603917301414582,0.6109134045077106,0.8871595330739299,0.33550913838120106,0.36363636363636365,0.2913907284768212,0.3403973509933775,0.4636730575176589,0.5476190476190477,0.4617283950617284,0.4747088791848617,0.5471698113207547,0.4550359712230216,0.5254156010230179,0.6040540540540541,0.523598820058997,0.2787481804949054,0.010443864229765013,0.08375378405650857,0.08111533586818757,0.11810012836970475,0.024154589371980676,0.006756756756756757,0.011326860841423949,0.5257731958762887,0.8279569892473119,0.1836734693877551,0.7080366225839267,0.2676864244741874,0.7916666666666666,0.26105263157894737,0.7381107491856678,0.2656147271531887,0.3291139240506329,0.23721881390593047,0.24896265560165975,0.27049180327868855,0.22935779816513763,0.6303030303030303,0.7339449541284404,0.7741935483870968,0.7756563245823389,0.8421052631578947,0.048183839881393624,97.5055900621118,0.5297297297297298,14.769348424594677,14.76742053789731,14.174365249311716,14.173899755501223,0.287117903930131,0.596958174904943,0.6496551724137931,0.524416135881104,0.28347889374090246,0.36585365853658536,0.4148471615720524,0.5614035087719298,0.15065502183406113,0.39371980676328505,0.4034653465346535,0.6625766871165644,0.053857350800582245,0.25675675675675674,0.2585034013605442,0.9736842105263158,0.22489082969432314,0.35436893203883496,0.35842880523731585,0.8721461187214612,0.49056603773584906,0.6346153846153846,0.16161616161616163,0.04716981132075472,0.4,0.8333333333333334,0.16037735849056603,0.35294117647058826,0.7777777777777778,0.29676258992805754,0.593939393939394,0.02877697841726619,0.1875,0.24280575539568344,0.3037037037037037,0.5658660844250364,0.36079077429983525,0.49604661667885885,0.5266113445378151,0.47179360146252286,0.13069112348509662,0.17149122807017544,0.01034928848641656,0.13571644956073917,0.21569221448046047,7.65882946518668,24.93172323759791,0.2230039767513001,
wnba,wnba_totals,totals,team_totals,get-totals,2023,Regular Season,season,"{'Type': 'Team', 'Season': '2023', 'SeasonType': 'Regular Season'}",totals,get-totals__team_totals__type-Team__season-2023__season_type-Regular_Season__74c1df75,get-totals,https://api.pbpstats.com/get-totals/wnba?Type=Team&Season=2023&SeasonType=Regular+Season,200,7,1611661324,1611661324,MIN,MIN,1611661324,MIN,96600.0,40,-193,3167,3178,644,657,356,6345,466,763,82,129,76,129,284,685,154,421,56,149,7,15,10,26,214,683,23,70,40,138,904,1869,270,832,588,3206,3399,124,235,30,85,61,399,154,327,50,164,220,678,1074,734,717,93,122,8,675,214,161,9,537,239,776,185,54,284,166,87,1791,120,272,10,457,636,42,1135,402,1537,63,257,193,64,285,71,196,284,28,89,11,47,569,50,109,280,675,12,,43,64,7,715,7,32,54,3,734,87,2,20,309,9,81,99,6,5,51,1.0,1,47,105,66,4,12,2807,648,627,49,59,0.5940265486725663,0.6370106761565836,0.8851851851851852,0.3245192307692308,0.35294117647058826,0.3048780487804878,0.3276699029126214,0.48368111289459603,0.5276595744680851,0.4709480122324159,0.4846353202517586,0.528125,0.4663951120162933,0.5290601129192959,0.5641025641025641,0.547077922077922,0.308034061458719,0.010817307692307692,0.08614232209737828,0.09436435124508519,0.11386861313868613,0.026128266033254157,,0.013177159590043924,0.5008787346221442,0.711864406779661,0.12987012987012986,0.7043189368770764,0.2857142857142857,0.7491803278688525,0.22598870056497175,0.722405816259088,0.2643290627107215,0.3423728813559322,0.2878787878787879,0.21839080459770116,0.23515981735159816,0.1827956989247312,0.6655172413793103,0.7172774869109948,0.7316017316017316,0.7456896551724138,0.7602739726027398,0.04779969650986343,94.58385093167702,0.6285714285714286,14.898736975055257,15.549307740717431,14.234449005367855,14.875613593455002,0.2824879674194743,0.6107470511140236,0.6743849493487699,0.6094420600858369,0.25360977415771935,0.4145985401459854,0.46787479406919275,0.5845070422535211,0.15586819696408738,0.3657957244655582,0.375609756097561,0.564935064935065,0.05516475379489078,0.37583892617449666,0.37583892617449666,0.9642857142857143,0.2528693076638282,0.31332357247437775,0.31750741839762614,0.8644859813084113,0.403125,0.6356589147286822,0.24390243902439024,0.046875,0.4666666666666667,1.0,0.21875,0.32857142857142857,0.9565217391304348,0.26272912423625255,0.5891472868217055,0.05295315682281059,0.38461538461538464,0.28105906313645623,0.2898550724637681,0.5905220288781933,0.31703703703703706,0.4954347341018966,0.5183800829875519,0.47457083333333333,0.10792349726775956,0.14777618364418937,0.008363201911589008,0.12445414847161572,0.2114784778540237,7.862279293739968,24.848677884615384,0.20334701610356803,
wnba,wnba_totals,totals,team_totals,get-totals,2023,Regular Season,season,"{'Type': 'Team', 'Season': '2023', 'SeasonType': 'Regular Season'}",totals,get-totals__team_totals__type-Team__season-2023__season_type-Regular_Season__74c1df75,get-totals,https://api.pbpstats.com/get-totals/wnba?Type=Team&Season=2023&SeasonType=Regular+Season,200,8,1611661321,1611661321,DAL,DAL,1611661321,DAL,96300.0,40,118,3231,3236,693,652,491,6467,595,929,141,230,107,164,287,757,143,387,46,126,4,15,12,34,224,727,16,64,40,150,1025,2073,270,853,654,3514,3396,201,381,20,79,130,592,189,403,52,184,203,737,1200,850,639,171,240,11,716,224,139,8,600,213,813,170,43,365,155,80,1839,178,392,22,427,668,65,1160,592,1752,81,304,207,97,237,100,162,312,26,75,16,47,549,56,119,335,754,8,,41,64,5,724,13,46,60,5,811,71,2,16,351,10,68,164,6,5,61,1.0,9,94,170,96,9,6,2922,725,685,69,53,0.5853658536585366,0.6629834254143646,0.7888888888888889,0.31652989449003516,0.25316455696202533,0.2826086956521739,0.32066508313539194,0.4944524843222383,0.5275590551181102,0.46898263027295284,0.48872180451127817,0.5021739130434782,0.454855195911414,0.5338208409506399,0.5544090056285178,0.5235378031383737,0.29152426520847574,0.009378663540445486,0.06705258080077182,0.0721205597416577,0.08850726552179657,0.012919896640826873,0.015873015873015872,0.008253094910591471,0.43169398907103823,0.8024691358024691,0.2894736842105263,0.7268770402611534,0.379110251450677,0.7530864197530864,0.31785714285714284,0.7368775235531628,0.3575909661229611,0.4578313253012048,0.35,0.32644628099173556,0.3145833333333333,0.3375,0.6772908366533864,0.7142857142857143,0.7938931297709924,0.7549668874172185,0.7456140350877193,0.05586206896551724,96.70280373831775,0.5647058823529412,14.714639430516868,15.067058096415328,13.940575673166203,14.410383189122374,0.3174982911825017,0.6404736275565124,0.6902552204176334,0.6134453781512605,0.258714969241285,0.37912813738441214,0.41594202898550725,0.5400696864111498,0.13226247436773753,0.3695090439276486,0.3743455497382199,0.5594405594405595,0.0430622009569378,0.36507936507936506,0.3709677419354839,0.9347826086956522,0.24846206425153794,0.3081155433287483,0.3106796116504854,0.7589285714285714,0.5,0.6130434782608696,0.19148936170212766,0.03260869565217391,0.26666666666666666,0.75,0.1391304347826087,0.25,0.6875,0.27938671209540034,0.6524390243902439,0.05792163543441227,0.35294117647058826,0.2555366269165247,0.26666666666666666,0.6090225563909775,0.3128491620111732,0.5008962409886715,0.5142290229885057,0.4741252166377816,0.11204481792717087,0.14917127071823205,0.010465116279069767,0.1684689812179852,0.2097324985771201,7.18895320791124,25.152051582649474,0.21448467966573817,
wnba,wnba_totals,totals,team_totals,get-totals,2023,Regular Season,season,"{'Type': 'Team', 'Season': '2023', 'SeasonType': 'Regular Season'}",totals,get-totals__team_totals__type-Team__season-2023__season_type-Regular_Season__74c1df75,get-totals,https://api.pbpstats.com/get-totals/wnba?Type=Team&Season=2023&SeasonType=Regular+Season,200,9,1611661319,1611661319,LVA,LVA,1611661319,LVA,96000.0,40,501,3247,3242,675,566,291,6489,401,578,59,92,67,93,415,842,157,351,95,257,9,19,18,48,276,739,21,50,62,151,973,1771,371,996,653,3712,3211,109,197,30,69,66,374,162,303,80,199,220,784,1124,822,918,195,84,1,738,276,113,2,562,306,868,214,92,240,240,82,2042,129,189,4,426,762,58,1246,322,1568,42,321,241,80,252,70,185,218,22,67,6,19,470,28,93,283,638,2,,34,55,7,695,8,25,38,3,778,90,1,18,324,12,82,176,15,10,71,5.0,14,91,191,133,5,3,3338,773,669,44,73,0.5775950668036999,0.6036519871106337,0.8247978436657682,0.37248995983935745,0.43478260869565216,0.4020100502512563,0.37286432160804023,0.549407114624506,0.5532994923857868,0.5346534653465347,0.5527647271413083,0.5789473684210527,0.5617529880478087,0.5974466709760827,0.6279461279461279,0.6270096463022508,0.35995663173111675,0.002008032128514056,0.06380575945793338,0.06747404844290658,0.0831353919239905,0.011396011396011397,0.0038910505836575876,0.0013531799729364006,0.5361702127659574,0.8055555555555556,0.06153846153846154,0.7434146341463415,0.24107142857142858,0.7593582887700535,0.21252059308072488,0.7490542244640606,0.22861250898634075,0.3028571428571429,0.25059101654846333,0.16129032258064516,0.18834080717488788,0.2795031055900621,0.6529680365296804,0.7699805068226121,0.764505119453925,0.76431718061674,0.7383177570093458,0.03288958496476116,97.335,0.6963350785340314,14.2685247921158,15.320820481184453,13.78340006159532,14.728130783466995,0.20889049512106975,0.6937716262975778,0.7439703153988868,0.5985037406483791,0.3043006866642573,0.49287410926365793,0.5375647668393783,0.5783132530120482,0.1268521864835562,0.4472934472934473,0.45244956772334294,0.5222929936305732,0.09288037585833032,0.36964980544747084,0.37109375,0.968421052631579,0.26707625587278644,0.37347767253044656,0.37398373983739835,0.7753623188405797,0.3458646616541353,0.6413043478260869,0.3559322033898305,0.07142857142857142,0.47368421052631576,1.0,0.18796992481203006,0.42,1.0,0.1852589641434263,0.7204301075268817,0.09561752988047809,0.375,0.300796812749004,0.4105960264900662,0.5688471268521865,0.37398373983739835,0.4985361663652803,0.5109048913043478,0.4746913173652694,0.11096345514950166,0.16159600997506235,0.009950248756218905,0.10075431034482758,0.21120689655172414,7.748390739695087,24.706526104417673,0.20788420080073913,
wnba,wnba_totals,totals,team_totals,get-totals,2023,Regular Season,season,"{'Type': 'Team', 'Season': '2023', 'SeasonType': 'Regular Season'}",totals,get-totals__team_totals__type-Team__season-2023__season_type-Regular_Season__74c1df75,get-totals,https://api.pbpstats.com/get-totals/wnba?Type=Team&Season=2023&SeasonType=Regular+Season,200,10,1611661320,1611661320,LAS,LAS,1611661320,LAS,96300.0,40,-65,3175,3180,647,650,314,6355,511,813,81,137,89,155,262,758,103,321,57,143,4,11,9,17,203,637,8,43,39,127,876,1892,260,780,624,3156,3221,106,221,12,54,77,325,148,346,48,144,223,663,1056,696,696,84,112,5,632,203,190,5,528,232,760,176,56,305,151,72,1752,81,266,8,436,589,68,1093,355,1448,50,339,236,103,308,65,225,243,22,83,12,30,551,41,104,288,676,9,1.0,31,41,9,732,7,36,75,5,762,78,1,18,319,8,82,105,9,8,45,1.0,3,57,114,58,4,10,2831,656,643,53,66,0.6027397260273972,0.6439024390243903,0.8923076923076924,0.3333333333333333,0.2222222222222222,0.3333333333333333,0.33548387096774196,0.4630021141649049,0.4796380090497738,0.4277456647398844,0.47380239520958084,0.4509090909090909,0.4489795918367347,0.5233177881412392,0.5094043887147336,0.5364667747163695,0.29191616766467066,0.00641025641025641,0.10042283298097252,0.0996309963099631,0.12401055408970976,0.04672897196261682,,0.007849293563579277,0.558983666061706,0.8831168831168831,0.125,0.7316770186335404,0.2676056338028169,0.754325259515571,0.164969450101833,0.7411424439624006,0.23367003367003367,0.347682119205298,0.26239669421487605,0.16346153846153846,0.1642156862745098,0.1686746987951807,0.6570247933884298,0.7328042328042328,0.827027027027027,0.7714285714285715,0.6910569105691057,0.03861003861003861,95.02803738317758,0.5087719298245614,15.517480314960629,14.78993710691824,14.978236220472441,14.216352201257862,0.30426646706586824,0.6285362853628537,0.6980874316939891,0.5968688845401174,0.2836826347305389,0.34564643799472294,0.39457831325301207,0.5763358778625954,0.12013473053892215,0.32087227414330216,0.3366013071895425,0.6990291262135923,0.053517964071856286,0.3986013986013986,0.3986013986013986,0.9824561403508771,0.23839820359281438,0.31868131868131866,0.3212025316455696,0.8669950738916257,0.49818181818181817,0.5912408759124088,0.19753086419753085,0.04,0.36363636363636365,1.0,0.15636363636363637,0.18604651162790697,1.0,0.3163265306122449,0.5741935483870968,0.03469387755102041,0.5294117647058824,0.25918367346938775,0.30708661417322836,0.5961826347305389,0.3212025316455696,0.4919150883126644,0.5286710176991151,0.46714470954356846,0.11198630136986301,0.14955461790904828,0.010165184243964422,0.10297845373891001,0.21007604562737642,7.089640591966173,24.814358974358974,0.20377952755905512,
wnba,wnba_totals,totals,team_totals,get-totals,2023,Regular Season,season,"{'Type': 'Team', 'Season': '2023', 'SeasonType': 'Regular Season'}",totals,get-totals__team_totals__type-Team__season-2023__season_type-Regular_Season__74c1df75,get-totals,https://api.pbpstats.com/get-totals/wnba?Type=Team&Season=2023&SeasonType=Regular+Season,200,11,1611661328,1611661328,SEA,SEA,1611661328,SEA,96300.0,40,-225,3204,3201,724,635,367,6405,441,719,85,141,88,142,225,680,108,351,71,177,7,20,15,46,269,790,27,69,63,218,774,1750,340,967,585,3153,3378,122,243,34,89,72,418,146,348,78,264,186,712,866,682,819,201,116,10,780,269,147,14,433,273,706,203,70,256,115,62,1685,140,265,19,400,688,52,1140,424,1564,60,279,202,77,340,76,219,277,28,121,9,40,617,50,116,331,717,7,,40,62,1,702,6,35,56,8,744,73,4,22,318,13,67,164,14,9,79,5.0,9,76,178,108,3,6,2735,706,721,58,51,0.5594315245478036,0.6047486033519553,0.8029411764705883,0.3516028955532575,0.38202247191011235,0.29545454545454547,0.3552769070010449,0.4422857142857143,0.5020576131687243,0.41954022988505746,0.47258005152741994,0.5210843373493976,0.4297385620915033,0.5162936142198815,0.5588235294117647,0.4965083798882682,0.35590725064409273,0.014477766287487074,0.084,0.10570236439499305,0.10147058823529412,0.005698005698005698,0.01694915254237288,0.013924050632911392,0.5510534846029174,0.7536231884057971,0.24358974358974358,0.7159209157127991,0.2757544224765869,0.7561436672967864,0.23850085178875638,0.7302013422818792,0.2616279069767442,0.4109090909090909,0.23214285714285715,0.20168067226890757,0.24793388429752067,0.1941747572815534,0.6740506329113924,0.7382075471698113,0.7330316742081447,0.7733990147783252,0.6991869918699187,0.043072505384063174,95.77570093457943,0.6067415730337079,15.10705368289638,14.963136519837551,14.432896379525593,14.317994376757264,0.2646301067353699,0.6133518776077886,0.6858475894245724,0.5804988662131519,0.25027603974972396,0.33088235294117646,0.36824877250409166,0.5111111111111111,0.1291866028708134,0.3076923076923077,0.30945558739255014,0.5740740740740741,0.06514538093485461,0.4011299435028249,0.40804597701149425,0.9859154929577465,0.2907618697092381,0.34050632911392403,0.3453145057766367,0.7546468401486989,0.4246987951807229,0.6028368794326241,0.25882352941176473,0.060240963855421686,0.35,1.0,0.20783132530120482,0.391304347826087,0.9259259259259259,0.23202614379084968,0.6197183098591549,0.07516339869281045,0.32608695652173914,0.3562091503267974,0.2889908256880734,0.6205373573794627,0.34487179487179487,0.4910550314465409,0.505548523206751,0.47433822553897187,0.11081172111822163,0.1593984962406015,0.011293634496919919,0.1325721535045988,0.22581668252457976,7.746971428571429,24.9253360910031,0.22596754057428214,
