league,job_id,job_family,variant,endpoint,season,season_type,scope,request_params,source,team_id,clutch_window,request_id,request_table,request_url,request_status,request_row_index,entity_id,name,short_name,seconds_played,plus_minus,off_poss,penalty_off_poss,second_chance_off_poss,total_poss,short_mid_range_fgm,short_mid_range_fga,long_mid_range_fgm,long_mid_range_fga,corner3_fga,second_chance_corner3_fga,arc3_fgm,arc3_fga,penalty_arc3_fga,fg2m,fg2a,fg3m,fg3a,ft_points,points,second_chance_fg2_m,second_chance_fg2_a,second_chance_fg3_a,second_chance_ft_points,second_chance_points,penalty_fg2_a,penalty_fg3_a,pts_assisted2s,pts_unassisted2s,pts_assisted3s,non_heave_arc3_fga,non_heave_arc3_fgm,fg2a_blocked,two_pt_assists,three_pt_assists,assists,arc3_assists,short_mid_range_assists,long_mid_range_assists,assist_points,off_two_pt_rebounds,off_rebounds,rebounds,live_ball_turnovers,bad_pass_turnovers,turnovers,fouls_drawn,fta,2pt and 1 free throw trips,two_pt_shooting_fouls_drawn,penalty_off_poss_excluding_take_fouls,assisted2s_pct,non_putbacks_assisted2s_pct,assisted3s_pct,fg3_pct,non_heave_fg3_pct,fg2_pct,second_chance_fg2_pct,efg_pct,second_chance_efg_pct,ts_pct,second_chance_ts_pct,fg3_a_pct,fg2_a_pct_blocked,short_mid_range_pct_blocked,long_mid_range_pct_blocked,usage,live_ball_turnover_pct,off_two_pt_rebound_pct,off_fg_rebound_pct,off_short_mid_range_rebound_pct,off_long_mid_range_rebound_pct,short_mid_range_frequency,short_mid_range_accuracy,unblocked_short_mid_range_accuracy,short_mid_range_pct_assisted,long_mid_range_frequency,long_mid_range_accuracy,unblocked_long_mid_range_accuracy,long_mid_range_pct_assisted,corner3_frequency,arc3_frequency,arc3_accuracy,unblocked_arc3_accuracy,arc3_pct_assisted,second_chance_corner3_frequency,penalty_arc3_frequency,at_rim_fg3_a_frequency,non_heave_arc3_accuracy,shot_quality_avg,second_chance_shot_quality_avg,penalty_shot_quality_avg,shooting_fouls_drawn_pct,two_pt_shooting_fouls_drawn_pct,second_chance_points_pct,avg2pt_shot_distance,avg3pt_shot_distance,penalty_off_poss_pct,corner3_fgm,penalty_corner3_fga,pts_unassisted3s,pts_putbacks,off_three_pt_rebounds,self_o_reb,dead_ball_turnovers,lost_ball_turnovers,travels,penalty_turnovers,off_three_pt_rebound_pct,off_corner3_rebound_pct,self_o_reb_pct,corner3_accuracy,unblocked_corner3_accuracy,corner3_pct_assisted,penalty_corner3_frequency,at_rim_fga,second_chance_at_rim_fga,penalty_corner3_fgm,second_chance_arc3_fgm,second_chance_arc3_fga,second_chance_fg3_m,penalty_fg3_m,penalty_points,corner3_assists,technical free throw trips,penalty_points_excluding_take_fouls,second_chance_fg3_pct,penalty_fg3_pct,penalty_efg_pct,penalty_ts_pct,off_arc3_rebound_pct,at_rim_frequency,second_chance_at_rim_frequency,second_chance_arc3_frequency,second_chance_arc3_accuracy,second_chance_arc3_pct_assisted,penalty_corner3_accuracy,penalty_points_pct,penalty_fg2_m,bad_pass_out_of_bounds_turnovers,fouls,offensive fouls,penalty_fg2_pct,loose ball fouls drawn,non_shooting_fouls_drawn,non_shooting_penalty_non_take_fouls_drawn,penalty_ft_points,at_rim_fgm,second_chance_at_rim_fgm,second_chance_turnovers,at_rim_accuracy,unblocked_at_rim_accuracy,second_chance_at_rim_accuracy
wnba,wnba_shot_pace,shot_pace,possessions,get-possessions,2024,Playoffs,team,"{'OffDef': 'Offense', 'FilterComparison': 'Exactly', 'FilterEvent': 'OnFloor', 'FilterValue': 5, 'StartType': 'All', 'Season': '2024', 'SeasonType': 'Playoffs', 'TeamId': '1611661328'}",shot_pace,1611661328,4Q/OT | margin -3..3 | 300..120,get-possessions__possessions__off_def-Offense__filter_comparison-Exactly__filter_event-OnFloor__filter_value-5__start_type-All__season-2024__season_type-Playoffs__team_id-1611661328__8026163f,get-possessions,https://api.pbpstats.com/get-possessions/wnba?OffDef=Offense&FilterComparison=Exactly&FilterEvent=OnFloor&FilterValue=5&StartType=All&Season=2024&SeasonType=Playoffs&TeamId=1611661328,200,0,203014,Nneka Ogwumike,Nneka Ogwumike,2192.0,131,139,17.0,18.0,139,6.0,18.0,3.0,7.0,2.0,1.0,2.0,7.0,1.0,9.0,25.0,2.0,9.0,5.0,29.0,1.0,5.0,1.0,3.0,5.0,1.0,1.0,14.0,4.0,6.0,7.0,2.0,5.0,2.0,2.0,4.0,2.0,1.0,1.0,10.0,4.0,4.0,4.0,1.0,1.0,1.0,4.0,5.0,1.0,3.0,17.0,0.7777777777777778,0.7777777777777778,1.0,0.2222222222222222,0.2222222222222222,0.36,0.2,0.35294117647058826,0.16666666666666666,0.4027777777777778,0.35714285714285715,0.2647058823529412,0.2,0.2222222222222222,0.14285714285714285,23.270440251572325,1.0,0.07272727272727272,0.04938271604938271,0.075,0.08333333333333333,0.5294117647058824,0.3333333333333333,0.42857142857142855,0.6666666666666666,0.20588235294117646,0.42857142857142855,0.5,1.0,0.058823529411764705,0.20588235294117646,0.2857142857142857,0.2857142857142857,1.0,0.16666666666666666,0.5,0.2647058823529412,0.2857142857142857,0.42837647058823525,0.39258333333333334,0.468025,0.08333333333333333,0.1111111111111111,0.1724137931034483,10.436000000000002,24.866666666666667,0.1223021582733813,,,,,,,,,,,,,,,,,,,,,,,,,,,,,,,,,,,,,,,,,,,,,,,,,,,,,,,
wnba,wnba_shot_pace,shot_pace,possessions,get-possessions,2024,Playoffs,team,"{'OffDef': 'Offense', 'FilterComparison': 'Exactly', 'FilterEvent': 'OnFloor', 'FilterValue': 5, 'StartType': 'All', 'Season': '2024', 'SeasonType': 'Playoffs', 'TeamId': '1611661328'}",shot_pace,1611661328,4Q/OT | margin -3..3 | 300..120,get-possessions__possessions__off_def-Offense__filter_comparison-Exactly__filter_event-OnFloor__filter_value-5__start_type-All__season-2024__season_type-Playoffs__team_id-1611661328__8026163f,get-possessions,https://api.pbpstats.com/get-possessions/wnba?OffDef=Offense&FilterComparison=Exactly&FilterEvent=OnFloor&FilterValue=5&StartType=All&Season=2024&SeasonType=Playoffs&TeamId=1611661328,200,1,203400,Skylar Diggins-Smith,Skylar Diggins-Smith,2131.0,127,137,17.0,17.0,137,7.0,21.0,,1.0,3.0,,2.0,7.0,,7.0,22.0,3.0,10.0,6.0,29.0,2.0,2.0,,1.0,5.0,2.0,1.0,4.0,10.0,6.0,7.0,2.0,2.0,15.0,3.0,18.0,3.0,10.0,5.0,39.0,,1.0,1.0,2.0,1.0,4.0,7.0,6.0,2.0,4.0,17.0,0.2857142857142857,0.3333333333333333,0.6666666666666666,0.3,0.3,0.3181818181818182,1.0,0.359375,1.0,0.4264705882352941,1.25,0.3125,0.09090909090909091,0.047619047619047616,1.0,24.358974358974358,0.5,,0.01282051282051282,,,0.65625,0.3333333333333333,0.35,0.2857142857142857,0.03125,,,,0.09375,0.21875,0.2857142857142857,0.2857142857142857,0.5,,,0.3125,0.2857142857142857,0.4432531250000001,0.3114,0.4421833333333334,0.11764705882352941,0.16666666666666666,0.1724137931034483,7.390909090909091,24.93,0.12408759124087591,1.0,1.0,3.0,2.0,1.0,1.0,2.0,1.0,2.0,1.0,0.04,0.2,0.05,0.3333333333333333,0.3333333333333333,1.0,0.3333333333333333,,,,,,,,,,,,,,,,,,,,,,,,,,,,,,,,,,,,,,
wnba,wnba_shot_pace,shot_pace,possessions,get-possessions,2024,Playoffs,team,"{'OffDef': 'Offense', 'FilterComparison': 'Exactly', 'FilterEvent': 'OnFloor', 'FilterValue': 5, 'StartType': 'All', 'Season': '2024', 'SeasonType': 'Playoffs', 'TeamId': '1611661328'}",shot_pace,1611661328,4Q/OT | margin -3..3 | 300..120,get-possessions__possessions__off_def-Offense__filter_comparison-Exactly__filter_event-OnFloor__filter_value-5__start_type-All__season-2024__season_type-Playoffs__team_id-1611661328__8026163f,get-possessions,https://api.pbpstats.com/get-possessions/wnba?OffDef=Offense&FilterComparison=Exactly&FilterEvent=OnFloor&FilterValue=5&StartType=All&Season=2024&SeasonType=Playoffs&TeamId=1611661328,200,2,204319,Jewell Loyd,Jewell Loyd,1771.0,106,113,14.0,13.0,113,2.0,7.0,1.0,5.0,1.0,,1.0,5.0,,3.0,13.0,2.0,6.0,3.0,15.0,,1.0,2.0,,3.0,1.0,1.0,6.0,,6.0,5.0,1.0,1.0,2.0,2.0,4.0,1.0,2.0,,10.0,,1.0,1.0,,,,1.0,3.0,,1.0,14.0,1.0,1.0,1.0,0.3333333333333333,0.3333333333333333,0.23076923076923078,,0.3157894736842105,0.5,0.35,0.5,0.3157894736842105,0.07692307692307693,0.14285714285714285,,15.503875968992247,,,0.014084507042253521,,,0.3684210526315789,0.2857142857142857,0.3333333333333333,1.0,0.2631578947368421,0.2,0.2,1.0,0.05263157894736842,0.2631578947368421,0.2,0.2,1.0,,,0.3684210526315789,0.2,0.4419315789473684,0.6456,0.481125,0.05,0.07142857142857142,0.2,10.715384615384616,24.566666666666666,0.12389380530973451,1.0,1.0,,,1.0,,,,,,0.043478260869565216,,,1.0,1.0,1.0,0.5,1.0,1.0,1.0,1.0,2.0,1.0,1.0,3.0,1.0,1.0,3.0,0.5,1.0,0.75,0.75,0.058823529411764705,0.05263157894736842,0.3333333333333333,0.6666666666666666,0.5,1.0,1.0,0.2,,,,,,,,,,,,,,,
wnba,wnba_shot_pace,shot_pace,possessions,get-possessions,2024,Playoffs,team,"{'OffDef': 'Offense', 'FilterComparison': 'Exactly', 'FilterEvent': 'OnFloor', 'FilterValue': 5, 'StartType': 'All', 'Season': '2024', 'SeasonType': 'Playoffs', 'TeamId': '1611661328'}",shot_pace,1611661328,4Q/OT | margin -3..3 | 300..120,get-possessions__possessions__off_def-Offense__filter_comparison-Exactly__filter_event-OnFloor__filter_value-5__start_type-All__season-2024__season_type-Playoffs__team_id-1611661328__8026163f,get-possessions,https://api.pbpstats.com/get-possessions/wnba?OffDef=Offense&FilterComparison=Exactly&FilterEvent=OnFloor&FilterValue=5&StartType=All&Season=2024&SeasonType=Playoffs&TeamId=1611661328,200,3,1628931,Gabby Williams,Gabby Williams,2146.0,139,142,17.0,19.0,142,7.0,13.0,4.0,8.0,1.0,,3.0,8.0,1.0,11.0,22.0,3.0,9.0,3.0,34.0,1.0,2.0,,,2.0,3.0,1.0,2.0,20.0,9.0,8.0,3.0,3.0,2.0,3.0,5.0,2.0,2.0,,13.0,,2.0,2.0,2.0,2.0,4.0,4.0,3.0,1.0,2.0,17.0,0.09090909090909091,0.1,1.0,0.3333333333333333,0.3333333333333333,0.5,0.5,0.5,0.5,0.53125,0.5,0.2903225806451613,0.13636363636363635,0.23076923076923078,,22.22222222222222,0.5,,0.02531645569620253,,,0.41935483870967744,0.5384615384615384,0.7,0.14285714285714285,0.25806451612903225,0.5,0.5,,0.03225806451612903,0.25806451612903225,0.375,0.375,1.0,,0.25,0.3225806451612903,0.375,0.46272258064516125,0.3262,0.38389999999999996,0.0625,0.08695652173913043,0.058823529411764705,9.618181818181817,24.87777777777778,0.11971830985915492,,,,2.0,2.0,,2.0,,,,0.07692307692307693,0.16666666666666666,,,,,,1.0,,,,,,,4.0,1.0,,4.0,,,0.5,0.5,0.05,0.03225806451612903,,,,,,0.11764705882352941,2.0,1.0,1.0,1.0,0.6666666666666666,,,,,,,,,,
wnba,wnba_shot_pace,shot_pace,possessions,get-possessions,2024,Playoffs,team,"{'OffDef': 'Offense', 'FilterComparison': 'Exactly', 'FilterEvent': 'OnFloor', 'FilterValue': 5, 'StartType': 'All', 'Season': '2024', 'SeasonType': 'Playoffs', 'TeamId': '1611661328'}",shot_pace,1611661328,4Q/OT | margin -3..3 | 300..120,get-possessions__possessions__off_def-Offense__filter_comparison-Exactly__filter_event-OnFloor__filter_value-5__start_type-All__season-2024__season_type-Playoffs__team_id-1611661328__8026163f,get-possessions,https://api.pbpstats.com/get-possessions/wnba?OffDef=Offense&FilterComparison=Exactly&FilterEvent=OnFloor&FilterValue=5&StartType=All&Season=2024&SeasonType=Playoffs&TeamId=1611661328,200,4,1629496,Ezi Magbegor,Ezi Magbegor,808.0,58,55,11.0,6.0,55,4.0,6.0,,1.0,,,2.0,3.0,,4.0,7.0,2.0,3.0,,14.0,1.0,1.0,,,2.0,3.0,,8.0,,6.0,3.0,2.0,,1.0,1.0,2.0,1.0,1.0,,5.0,1.0,1.0,1.0,,,,2.0,2.0,,,11.0,1.0,1.0,1.0,0.6666666666666666,0.6666666666666666,0.5714285714285714,1.0,0.7,1.0,0.6363636363636364,1.0,0.3,,,,18.333333333333336,,0.05,0.034482758620689655,0.07692307692307693,,0.6,0.6666666666666666,0.6666666666666666,1.0,0.1,,,,,0.3,0.6666666666666666,0.6666666666666666,1.0,,,0.3,0.6666666666666666,0.408045,0.4167,0.3620666666666667,,,0.14285714285714285,10.971428571428572,24.066666666666663,0.2,,,,,,,,,,,,,,,,,,,,,,,,,4.0,,,4.0,,,0.6666666666666666,0.5,,,,,,,,0.2857142857142857,2.0,,,,0.6666666666666666,1.0,1.0,1.0,,,,,,,
wnba,wnba_shot_pace,shot_pace,possessions,get-possessions,2024,Playoffs,team,"{'OffDef': 'Offense', 'FilterComparison': 'Exactly', 'FilterEvent': 'OnFloor', 'FilterValue': 5, 'StartType': 'All', 'Season': '2024', 'SeasonType': 'Playoffs', 'TeamId': '1611661328'}",shot_pace,1611661328,4Q/OT | margin -3..3 | 300..120,get-possessions__possessions__off_def-Offense__filter_comparison-Exactly__filter_event-OnFloor__filter_value-5__start_type-All__season-2024__season_type-Playoffs__team_id-1611661328__8026163f,get-possessions,https://api.pbpstats.com/get-possessions/wnba?OffDef=Offense&FilterComparison=Exactly&FilterEvent=OnFloor&FilterValue=5&StartType=All&Season=2024&SeasonType=Playoffs&TeamId=1611661328,200,5,1641651,Jordan Horston,Jordan Horston,1054.0,57,64,6.0,8.0,64,3.0,3.0,1.0,2.0,1.0,,,1.0,,4.0,5.0,,2.0,4.0,12.0,,,,2.0,2.0,,,6.0,2.0,,1.0,,,,,,,,,,,1.0,1.0,1.0,,2.0,2.0,4.0,,1.0,6.0,0.75,0.75,,,,0.8,,0.5714285714285714,,0.6666666666666666,1.0,0.2857142857142857,,,,15.068493150684931,0.5,,0.027777777777777776,,,0.42857142857142855,1.0,1.0,0.6666666666666666,0.2857142857142857,0.5,0.5,1.0,0.14285714285714285,0.14285714285714285,,,,,,0.2857142857142857,,0.4153071428571429,,,0.125,0.16666666666666666,0.16666666666666666,11.379999999999999,24.2,0.09375,,,,,1.0,,1.0,1.0,1.0,,0.1111111111111111,,,,,,,,,,,,,,2.0,,,2.0,,,,1.0,0.125,,,,,,,0.16666666666666666,,,,,,,1.0,1.0,2.0,,,,,,
wnba,wnba_shot_pace,shot_pace,possessions,get-possessions,2024,Playoffs,team,"{'OffDef': 'Offense', 'FilterComparison': 'Exactly', 'FilterEvent': 'OnFloor', 'FilterValue': 5, 'StartType': 'All', 'Season': '2024', 'SeasonType': 'Playoffs', 'TeamId': '1611661328'}",shot_pace,1611661328,4Q/OT | margin -3..3 | 300..120,get-possessions__possessions__off_def-Offense__filter_comparison-Exactly__filter_event-OnFloor__filter_value-5__start_type-All__season-2024__season_type-Playoffs__team_id-1611661328__8026163f,get-possessions,https://api.pbpstats.com/get-possessions/wnba?OffDef=Offense&FilterComparison=Exactly&FilterEvent=OnFloor&FilterValue=5&StartType=All&Season=2024&SeasonType=Playoffs&TeamId=1611661328,200,6,1628920,Mercedes Russell,Mercedes Russell,1352.0,91,88,1.0,14.0,88,2.0,4.0,1.0,2.0,,,,,,4.0,8.0,,,2.0,10.0,2.0,3.0,,2.0,6.0,1.0,,4.0,4.0,,,,,,,,,,,,5.0,7.0,7.0,5.0,4.0,5.0,2.0,2.0,,1.0,1.0,0.5,1.0,,,,0.5,0.6666666666666666,0.5,0.6666666666666666,0.5555555555555556,0.75,,,,,13.461538461538462,1.0,0.1388888888888889,0.13725490196078433,0.16,0.1111111111111111,0.5,0.5,0.5,0.5,0.25,0.5,0.5,1.0,,,,,,,,0.25,,0.4608,0.5224,0.3345,0.1111111111111111,0.1111111111111111,0.6,8.05,,0.011363636363636364,,,,4.0,2.0,1.0,,1.0,,,0.13333333333333333,,0.25,,,,,2.0,2.0,,,,,,2.0,,,2.0,,,,0.5,0.18181818181818182,0.25,0.6666666666666666,,,,,0.2,,,,,,,,,2.0,1.0,1.0,1.0,0.5,0.5,0.5
wnba,wnba_shot_pace,shot_pace,possessions,get-possessions,2024,Playoffs,team,"{'OffDef': 'Offense', 'FilterComparison': 'Exactly', 'FilterEvent': 'OnFloor', 'FilterValue': 5, 'StartType': 'All', 'Season': '2024', 'SeasonType': 'Playoffs', 'TeamId': '1611661328'}",shot_pace,1611661328,4Q/OT | margin -3..3 | 300..120,get-possessions__possessions__off_def-Offense__filter_comparison-Exactly__filter_event-OnFloor__filter_value-5__start_type-All__season-2024__season_type-Playoffs__team_id-1611661328__8026163f,get-possessions,https://api.pbpstats.com/get-possessions/wnba?OffDef=Offense&FilterComparison=Exactly&FilterEvent=OnFloor&FilterValue=5&StartType=All&Season=2024&SeasonType=Playoffs&TeamId=1611661328,200,7,1628927,Victoria Vivians,Victoria Vivians,216.0,2,13,2.0,,13,,,,1.0,,,,,,,1.0,,,,,,,,,,,,,,,,,,,,,,,,,,,,,,,,,,,2.0,,,,,,,,,,,,,,,,7.692307692307692,,,,,,,,,,1.0,,,,,,,,,,,,,0.385,,,,,,14.0,,0.15384615384615385,,,,,,,,,,,,,,,,,,,,,,,,,,,,,,,,,,,,,,,,,,,,,,,,,,,,,,,
wnba,wnba_shot_pace,shot_pace,possessions,get-possessions,2024,Playoffs,team,"{'OffDef': 'Offense', 'FilterComparison': 'Exactly', 'FilterEvent': 'OnFloor', 'FilterValue': 5, 'StartType': 'All', 'Season': '2024', 'SeasonType': 'Playoffs', 'TeamId': '1611661328'}",shot_pace,1611661328,4Q/OT | margin -3..3 | 300..120,get-possessions__possessions__off_def-Offense__filter_comparison-Exactly__filter_event-OnFloor__filter_value-5__start_type-All__season-2024__season_type-Playoffs__team_id-1611661328__8026163f,get-possessions,https://api.pbpstats.com/get-possessions/wnba?OffDef=Offense&FilterComparison=Exactly&FilterEvent=OnFloor&FilterValue=5&StartType=All&Season=2024&SeasonType=Playoffs&TeamId=1611661328,200,8,1630115,Joyner Holmes,Joyner Holmes,84.0,2,5,,,5,,,,,,,,,,,,,,,,,,,,,,,,,,,,,,,,,,,,,,,,,,,,,,,,,,,,,,,,,,,,,,,,,,,,,,,,,,,,,,,,,,,,,,,,,,,,,,,,,,,,,,,,,,,,,,,,,,,,,,,,,,,,,,,,,,,,,,,,,,,,,,,,,,,,
wnba,wnba_shot_pace,shot_pace,possessions,get-possessions,2024,Playoffs,team,"{'OffDef': 'Offense', 'FilterComparison': 'Exactly', 'FilterEvent': 'OnFloor', 'FilterValue': 5, 'StartType': 'All', 'Season': '2024', 'SeasonType': 'Playoffs', 'TeamId': '1611661328'}",shot_pace,1611661328,4Q/OT | margin -3..3 | 300..120,get-possessions__possessions__off_def-Offense__filter_comparison-Exactly__filter_event-OnFloor__filter_value-5__start_type-All__season-2024__season_type-Playoffs__team_id-1611661328__8026163f,get-possessions,https://api.pbpstats.com/get-possessions/wnba?OffDef=Offense&FilterComparison=Exactly&FilterEvent=OnFloor&FilterValue=5&StartType=All&Season=2024&SeasonType=Playoffs&TeamId=1611661328,200,9,1628244,Sami Whitcomb,Sami Whitcomb,66.0,2,4,,,4,,1.0,,,,,,,,,1.0,,,,,,,,,,,,,,,,,,,,,,,,,,,,1.0,1.0,1.0,,,,,,,,,,,,,,,,,,,,,50.0,1.0,,,,,1.0,,,,,,,,,,,,,,,,,0.2865,,,,,,4.8,,,,,,,,,,,,,,,,,,,,,,,,,,,,,,,,,,,,,,,,,,,,,,,,,,,,,,,,,
