league,job_id,job_family,variant,endpoint,season,season_type,scope,request_params,source,team_id,clutch_window,request_id,request_table,request_url,request_status,request_row_index,entity_id,name,short_name,seconds_played,plus_minus,off_poss,penalty_off_poss,second_chance_off_poss,total_poss,at_rim_fgm,at_rim_fga,penalty_at_rim_fgm,penalty_at_rim_fga,short_mid_range_fgm,short_mid_range_fga,long_mid_range_fgm,long_mid_range_fga,arc3_fgm,arc3_fga,penalty_arc3_fgm,penalty_arc3_fga,fg2m,fg2a,fg3m,fg3a,ft_points,points,second_chance_fg2_m,second_chance_fg2_a,second_chance_points,penalty_fg2_m,penalty_fg2_a,penalty_fg3_m,penalty_fg3_a,penalty_points,pts_assisted2s,pts_assisted3s,non_heave_arc3_fga,non_heave_arc3_fgm,live_ball_turnovers,bad_pass_turnovers,turnovers,penalty_turnovers,fouls_drawn,fta,two_pt_shooting_fouls_drawn,penalty_points_excluding_take_fouls,penalty_off_poss_excluding_take_fouls,assisted2s_pct,non_putbacks_assisted2s_pct,assisted3s_pct,fg3_pct,penalty_fg3_pct,non_heave_fg3_pct,fg2_pct,second_chance_fg2_pct,penalty_fg2_pct,efg_pct,second_chance_efg_pct,penalty_efg_pct,ts_pct,second_chance_ts_pct,penalty_ts_pct,fg3_a_pct,usage,live_ball_turnover_pct,at_rim_frequency,at_rim_accuracy,unblocked_at_rim_accuracy,at_rim_pct_assisted,short_mid_range_frequency,short_mid_range_accuracy,unblocked_short_mid_range_accuracy,short_mid_range_pct_assisted,long_mid_range_frequency,long_mid_range_accuracy,unblocked_long_mid_range_accuracy,long_mid_range_pct_assisted,arc3_frequency,arc3_accuracy,unblocked_arc3_accuracy,arc3_pct_assisted,penalty_at_rim_frequency,penalty_at_rim_accuracy,penalty_arc3_frequency,penalty_arc3_accuracy,at_rim_fg3_a_frequency,non_heave_arc3_accuracy,shot_quality_avg,second_chance_shot_quality_avg,penalty_shot_quality_avg,shooting_fouls_drawn_pct,two_pt_shooting_fouls_drawn_pct,second_chance_points_pct,penalty_points_pct,avg2pt_shot_distance,avg3pt_shot_distance,penalty_off_poss_pct,second_chance_at_rim_fgm,second_chance_at_rim_fga,corner3_fgm,corner3_fga,second_chance_corner3_fga,penalty_corner3_fgm,penalty_corner3_fga,second_chance_fg3_a,penalty_ft_points,fg2a_blocked,two_pt_assists,three_pt_assists,assists,arc3_assists,corner3_assists,at_rim_assists,short_mid_range_assists,long_mid_range_assists,assist_points,off_three_pt_rebounds,off_two_pt_rebounds,ft_off_rebounds,off_rebounds,rebounds,self_o_reb,dead_ball_turnovers,lost_ball_out_of_bounds_turnovers,lost_ball_turnovers,fouls,offensive fouls,loose ball fouls drawn,non_shooting_fouls_drawn,3_second_violations,non_shooting_penalty_non_take_fouls_drawn,fg2_a_pct_blocked,at_rim_pct_blocked,short_mid_range_pct_blocked,off_ft_rebound_pct,off_two_pt_rebound_pct,off_three_pt_rebound_pct,off_fg_rebound_pct,off_at_rim_rebound_pct,off_short_mid_range_rebound_pct,off_long_mid_range_rebound_pct,off_arc3_rebound_pct,off_corner3_rebound_pct,self_o_reb_pct,corner3_frequency,corner3_accuracy,unblocked_corner3_accuracy,corner3_pct_assisted,second_chance_at_rim_frequency,second_chance_at_rim_accuracy,second_chance_at_rim_pct_assisted,second_chance_corner3_frequency,penalty_corner3_frequency,penalty_corner3_accuracy,second_chance_arc3_fgm,second_chance_arc3_fga,second_chance_fg3_m,second_chance_ft_points,pts_unassisted2s,pts_putbacks,bad_pass_out_of_bounds_turnovers,second_chance_turnovers,2pt and 1 free throw trips,second_chance_fg3_pct,second_chance_arc3_frequency,second_chance_arc3_accuracy,second_chance_arc3_pct_assisted,pts_unassisted3s,heave_attempts,fg3a_blocked,travels,fg3_a_pct_blocked,long_mid_range_pct_blocked,arc3_pct_blocked,second_chance_corner3_fgm,opponent_points,step_out_of_bounds_turnovers,technical free throw trips,three_pt_shooting_fouls_drawn,corner3_pct_blocked,second_chance_corner3_accuracy,second_chance_corner3_pct_assisted,three_pt_shooting_fouls_drawn_pct,charge fouls,3pt and 1 free throw trips,transition take fouls drawn
wnba,wnba_shot_pace,shot_pace,possessions,get-possessions,2025,Regular Season,team,"{'OffDef': 'Offense', 'Season': '2025', 'SeasonType': 'Regular Season', 'TeamId': '1611661319'}",shot_pace,1611661319,4Q/OT | margin -3..3 | 300..120,get-possessions__possessions__off_def-Offense__season-2025__season_type-Regular_Season__team_id-1611661319__9cf2cba8,get-possessions,https://api.pbpstats.com/get-possessions/wnba?OffDef=Offense&Season=2025&SeasonType=Regular+Season&TeamId=1611661319,200,0,204323,Cheyenne Parker-Tyus,Cheyenne Parker-Tyus,434.0,35,28,13,4,28,1.0,1,1.0,1.0,2,3,1.0,2.0,1.0,2,1.0,1.0,4,6,1.0,2,5.0,16,1.0,2,2.0,2,2,1.0,1.0,7,8.0,3.0,2,1.0,1.0,1.0,1,1.0,3.0,6.0,3.0,7,13,1.0,1.0,1.0,0.5,1.0,0.5,0.6666666666666666,0.5,1.0,0.6875,0.5,1.1666666666666667,0.7272727272727273,0.5,1.1666666666666667,0.25,38.70967741935484,1.0,0.125,1.0,1.0,1.0,0.375,0.6666666666666666,0.6666666666666666,1.0,0.25,0.5,0.5,1.0,0.25,0.5,0.5,1.0,0.3333333333333333,1.0,0.3333333333333333,1.0,0.375,0.5,0.47939999999999994,0.41064999999999996,0.5139666666666667,0.2727272727272727,0.3333333333333333,0.125,0.4375,9.450000000000001,24.200000000000003,0.4642857142857143,,,,,,,,,,,,,,,,,,,,,,,,,,,,,,,,,,,,,,,,,,,,,,,,,,,,,,,,,,,,,,,,,,,,,,,,,,,,,,,,,,,,,,,,,
wnba,wnba_shot_pace,shot_pace,possessions,get-possessions,2025,Regular Season,team,"{'OffDef': 'Offense', 'Season': '2025', 'SeasonType': 'Regular Season', 'TeamId': '1611661319'}",shot_pace,1611661319,4Q/OT | margin -3..3 | 300..120,get-possessions__possessions__off_def-Offense__season-2025__season_type-Regular_Season__team_id-1611661319__9cf2cba8,get-possessions,https://api.pbpstats.com/get-possessions/wnba?OffDef=Offense&Season=2025&SeasonType=Regular+Season&TeamId=1611661319,200,1,204329,Kiah Stokes,Kiah Stokes,15767.0,946,1000,199,102,1000,8.0,16,,4.0,7,9,,3.0,,1,,,15,28,3.0,23,5.0,44,1.0,4,2.0,1,5,1.0,3.0,8,30.0,9.0,1,,7.0,3.0,16,5.0,12.0,8.0,2.0,8,197,1.0,1.0,1.0,0.13043478260869565,0.3333333333333333,0.13043478260869565,0.5357142857142857,0.25,0.2,0.38235294117647056,0.2,0.3125,0.4,0.2,0.4,0.45098039215686275,6.327985739750445,0.4375,0.3137254901960784,0.5,0.5333333333333333,1.0,0.17647058823529413,0.7777777777777778,0.875,1.0,0.058823529411764705,,,,0.0196078431372549,,,,0.5,,,,0.7647058823529411,,0.5386019607843137,0.52165,0.55401875,0.03773584905660377,0.06666666666666667,0.045454545454545456,0.18181818181818182,4.621428571428571,23.31739130434782,0.199,1.0,4.0,3.0,22.0,1.0,1.0,3.0,1.0,3.0,2.0,8.0,9.0,17.0,8.0,1.0,1.0,3.0,4.0,43.0,10.0,17.0,2.0,29.0,29.0,1.0,9.0,1.0,4.0,7.0,7.0,2.0,2.0,1.0,2.0,0.07142857142857142,0.0625,0.1111111111111111,0.1,0.06692913385826772,0.04149377593360996,0.05454545454545454,0.045454545454545456,0.07006369426751592,0.07547169811320754,0.036585365853658534,0.05194805194805195,0.03333333333333333,0.43137254901960786,0.13636363636363635,0.13636363636363635,1.0,0.8,0.25,1.0,0.2,0.375,0.3333333333333333,,,,,,,,,,,,,,,,,,,,,,,,,,,,,,,,
wnba,wnba_shot_pace,shot_pace,possessions,get-possessions,2025,Regular Season,team,"{'OffDef': 'Offense', 'Season': '2025', 'SeasonType': 'Regular Season', 'TeamId': '1611661319'}",shot_pace,1611661319,4Q/OT | margin -3..3 | 300..120,get-possessions__possessions__off_def-Offense__season-2025__season_type-Regular_Season__team_id-1611661319__9cf2cba8,get-possessions,https://api.pbpstats.com/get-possessions/wnba?OffDef=Offense&Season=2025&SeasonType=Regular+Season&TeamId=1611661319,200,2,1629484,Megan Gustafson,Megan Gustafson,7212.0,453,454,134,55,454,4.0,5,2.0,2.0,3,11,,2.0,8.0,27,2.0,7.0,7,18,13.0,39,7.0,60,1.0,1,9.0,3,4,4.0,10.0,20,12.0,39.0,27,8.0,2.0,1.0,6,3.0,11.0,15.0,7.0,20,134,0.8571428571428571,1.0,1.0,0.3333333333333333,0.4,0.3333333333333333,0.3888888888888889,1.0,0.75,0.4649122807017544,0.8333333333333334,0.6428571428571429,0.46875,0.75,0.6666666666666666,0.6842105263157895,13.645224171539962,0.3333333333333333,0.08771929824561403,0.8,0.8,0.75,0.19298245614035087,0.2727272727272727,0.2727272727272727,1.0,0.03508771929824561,,,,0.47368421052631576,0.2962962962962963,0.2962962962962963,1.0,0.14285714285714285,1.0,0.5,0.2857142857142857,0.7719298245614035,0.2962962962962963,0.4976445454545454,0.4908,0.5371857142857144,0.1111111111111111,0.2916666666666667,0.15,0.3333333333333333,6.661111111111112,24.789473684210524,0.29515418502202645,1.0,1.0,5.0,12.0,,2.0,3.0,2.0,2.0,,3.0,2.0,5.0,1.0,1.0,,1.0,2.0,12.0,1.0,7.0,,8.0,8.0,1.0,4.0,,1.0,3.0,3.0,2.0,1.0,,1.0,,,,,0.05785123966942149,0.010638297872340425,0.037209302325581395,0.1111111111111111,0.06756756756756757,,0.015625,,0.027777777777777776,0.21052631578947367,0.4166666666666667,0.4166666666666667,1.0,0.3333333333333333,1.0,,,0.21428571428571427,0.6666666666666666,1.0,2.0,1.0,4.0,2.0,2.0,1.0,1.0,1.0,0.5,0.6666666666666666,0.5,1.0,,,,,,,,,,,,,,,,,,,
wnba,wnba_shot_pace,shot_pace,possessions,get-possessions,2025,Regular Season,team,"{'OffDef': 'Offense', 'Season': '2025', 'SeasonType': 'Regular Season', 'TeamId': '1611661319'}",shot_pace,1611661319,4Q/OT | margin -3..3 | 300..120,get-possessions__possessions__off_def-Offense__season-2025__season_type-Regular_Season__team_id-1611661319__9cf2cba8,get-possessions,https://api.pbpstats.com/get-possessions/wnba?OffDef=Offense&Season=2025&SeasonType=Regular+Season&TeamId=1611661319,200,3,1630389,Dana Evans,Dana Evans,23970.0,1517,1506,437,157,1506,12.0,32,4.0,11.0,38,103,20.0,38.0,32.0,81,7.0,22.0,70,173,37.0,101,40.0,291,1.0,15,14.0,17,41,7.0,24.0,65,34.0,81.0,80,32.0,27.0,24.0,37,12.0,41.0,53.0,27.0,65,435,0.24285714285714285,0.24285714285714285,0.7297297297297297,0.36633663366336633,0.2916666666666667,0.37,0.4046242774566474,0.06666666666666667,0.4146341463414634,0.458029197080292,0.3181818181818182,0.4230769230769231,0.49155405405405406,0.3181818181818182,0.4642857142857143,0.3686131386861314,19.797859690844234,0.7297297297297297,0.11678832116788321,0.375,0.41379310344827586,0.08333333333333333,0.3759124087591241,0.36893203883495146,0.40425531914893614,0.23684210526315788,0.1386861313868613,0.5263157894736842,0.5405405405405406,0.35,0.2956204379562044,0.3950617283950617,0.4050632911392405,0.6875,0.16923076923076924,0.36363636363636365,0.3384615384615385,0.3181818181818182,0.4854014598540146,0.4,0.4504698113207546,0.44601153846153846,0.44161328124999993,0.09246575342465753,0.14136125654450263,0.048109965635738834,0.22336769759450173,9.109826589595379,25.274257425742572,0.2901726427622842,,4.0,5.0,20.0,1.0,,2.0,7.0,10.0,13.0,56.0,40.0,96.0,30.0,10.0,16.0,28.0,12.0,232.0,4.0,4.0,,8.0,8.0,2.0,10.0,1.0,3.0,,,,4.0,,3.0,0.07514450867052024,0.09375,0.08737864077669903,,0.010101010101010102,0.011976047904191617,0.010958904109589041,0.01282051282051282,0.01293103448275862,,0.016,,0.014084507042253521,0.072992700729927,0.25,0.25,1.0,0.18181818181818182,,,0.045454545454545456,0.03076923076923077,,4.0,6.0,4.0,,106.0,,7.0,3.0,9.0,0.5714285714285714,0.2727272727272727,0.6666666666666666,0.25,30.0,1.0,2.0,1.0,0.019801980198019802,0.02631578947368421,0.024691358024691357,,,,,,,,,,,,
wnba,wnba_shot_pace,shot_pace,possessions,get-possessions,2025,Regular Season,team,"{'OffDef': 'Offense', 'Season': '2025', 'SeasonType': 'Regular Season', 'TeamId': '1611661319'}",shot_pace,1611661319,4Q/OT | margin -3..3 | 300..120,get-possessions__possessions__off_def-Offense__season-2025__season_type-Regular_Season__team_id-1611661319__9cf2cba8,get-possessions,https://api.pbpstats.com/get-possessions/wnba?OffDef=Offense&Season=2025&SeasonType=Regular+Season&TeamId=1611661319,200,4,1642801,Aaliyah Nye,Aaliyah Nye,20615.0,1360,1328,355,142,1328,9.0,20,3.0,7.0,11,29,2.0,4.0,22.0,72,7.0,17.0,22,53,37.0,118,14.0,169,4.0,10,17.0,5,17,8.0,27.0,35,28.0,108.0,72,22.0,17.0,11.0,27,11.0,15.0,17.0,5.0,34,352,0.6363636363636364,0.7,0.972972972972973,0.3135593220338983,0.2962962962962963,0.3135593220338983,0.41509433962264153,0.4,0.29411764705882354,0.45321637426900585,0.5,0.38636363636363635,0.4745762711864407,0.5,0.3888888888888889,0.6900584795321637,13.672922252010723,0.6296296296296297,0.11695906432748537,0.45,0.5,0.5555555555555556,0.1695906432748538,0.3793103448275862,0.4230769230769231,0.6363636363636364,0.023391812865497075,0.5,0.5,1.0,0.42105263157894735,0.3055555555555556,0.3142857142857143,0.9545454545454546,0.1590909090909091,0.42857142857142855,0.38636363636363635,0.4117647058823529,0.8070175438596491,0.3055555555555556,0.5080728070175439,0.5002500000000001,0.49402727272727276,0.03409090909090909,0.08771929824561403,0.10059171597633136,0.20710059171597633,6.4301886792452825,24.453389830508485,0.26731927710843373,2.0,5.0,15.0,46.0,2.0,1.0,10.0,7.0,1.0,5.0,17.0,7.0,24.0,6.0,1.0,1.0,14.0,2.0,55.0,7.0,6.0,2.0,15.0,15.0,3.0,10.0,1.0,6.0,3.0,3.0,,1.0,,,0.09433962264150944,0.1,0.10344827586206896,0.07692307692307693,0.0182370820668693,0.023411371237458192,0.020700636942675158,,0.02040816326530612,0.02666666666666667,0.02304147465437788,0.024390243902439025,0.03,0.26900584795321636,0.32608695652173914,0.3488372093023256,1.0,0.29411764705882354,0.4,,0.11764705882352941,0.22727272727272727,0.1,2.0,5.0,3.0,,16.0,4.0,4.0,4.0,1.0,0.42857142857142855,0.29411764705882354,0.4,1.0,3.0,,5.0,,0.0423728813559322,,0.027777777777777776,1.0,1.0,2.0,1.0,1.0,0.06521739130434782,0.5,1.0,0.008403361344537815,,,
wnba,wnba_shot_pace,shot_pace,possessions,get-possessions,2025,Regular Season,team,"{'OffDef': 'Offense', 'Season': '2025', 'SeasonType': 'Regular Season', 'TeamId': '1611661319'}",shot_pace,1611661319,4Q/OT | margin -3..3 | 300..120,get-possessions__possessions__off_def-Offense__season-2025__season_type-Regular_Season__team_id-1611661319__9cf2cba8,get-possessions,https://api.pbpstats.com/get-possessions/wnba?OffDef=Offense&Season=2025&SeasonType=Regular+Season&TeamId=1611661319,200,5,203833,Chelsea Gray,Chelsea Gray,41362.0,2986,2679,590,311,2679,20.0,26,7.0,7.0,42,96,44.0,93.0,50.0,143,12.0,38.0,106,215,63.0,171,87.0,488,9.0,22,48.0,20,48,14.0,42.0,107,60.0,174.0,143,50.0,72.0,58.0,125,22.0,73.0,98.0,26.0,105,584,0.2830188679245283,0.2912621359223301,0.9206349206349206,0.3684210526315789,0.3333333333333333,0.3684210526315789,0.4930232558139535,0.4090909090909091,0.4166666666666667,0.5194300518134715,0.45348837209302323,0.45555555555555555,0.5688836104513064,0.5106382978723404,0.5147058823529411,0.4430051813471503,17.945340796838984,0.576,0.06735751295336788,0.7692307692307693,0.8,0.2,0.24870466321243523,0.4375,0.4666666666666667,0.21428571428571427,0.24093264248704663,0.4731182795698925,0.4835164835164835,0.38636363636363635,0.3704663212435233,0.34965034965034963,0.34965034965034963,0.92,0.07777777777777778,1.0,0.4222222222222222,0.3157894736842105,0.5103626943005182,0.34965034965034963,0.453927925531915,0.48866,0.43867272727272705,0.08029197080291971,0.11063829787234042,0.09836065573770492,0.2192622950819672,11.832558139534873,25.347928994082842,0.2202314296379246,2.0,4.0,13.0,28.0,1.0,2.0,4.0,21.0,25.0,9.0,159.0,80.0,239.0,47.0,33.0,53.0,87.0,19.0,558.0,14.0,11.0,,25.0,25.0,4.0,53.0,4.0,14.0,8.0,6.0,5.0,9.0,,7.0,0.04186046511627907,0.038461538461538464,0.0625,,0.01566951566951567,0.02564102564102564,0.020032051282051284,0.015384615384615385,0.012106537530266344,0.025157232704402517,0.02557544757033248,0.025806451612903226,0.02,0.07253886010362694,0.4642857142857143,0.4642857142857143,0.9230769230769231,0.09302325581395349,0.5,0.5,0.023255813953488372,0.044444444444444446,0.5,7.0,20.0,7.0,9.0,152.0,6.0,35.0,7.0,6.0,0.3333333333333333,0.46511627906976744,0.35,0.8571428571428571,15.0,,,3.0,,0.021505376344086023,,,1.0,2.0,9.0,8.0,,,,0.03977272727272727,1.0,2.0,
wnba,wnba_shot_pace,shot_pace,possessions,get-possessions,2025,Regular Season,team,"{'OffDef': 'Offense', 'Season': '2025', 'SeasonType': 'Regular Season', 'TeamId': '1611661319'}",shot_pace,1611661319,4Q/OT | margin -3..3 | 300..120,get-possessions__possessions__off_def-Offense__season-2025__season_type-Regular_Season__team_id-1611661319__9cf2cba8,get-possessions,https://api.pbpstats.com/get-possessions/wnba?OffDef=Offense&Season=2025&SeasonType=Regular+Season&TeamId=1611661319,200,6,204319,Jewell Loyd,Jewell Loyd,37042.0,2628,2430,588,278,2430,18.0,40,5.0,7.0,33,84,15.0,41.0,57.0,161,18.0,39.0,66,165,100.0,258,59.0,491,11.0,22,62.0,14,28,31.0,60.0,141,74.0,285.0,161,57.0,32.0,20.0,53,6.0,73.0,71.0,26.0,139,582,0.5606060606060606,0.6271186440677966,0.95,0.3875968992248062,0.5166666666666667,0.3875968992248062,0.4,0.5,0.5,0.5106382978723404,0.55,0.6875,0.5383771929824561,0.5849056603773585,0.7193877551020408,0.6099290780141844,18.469945355191257,0.6037735849056604,0.09456264775413711,0.45,0.46153846153846156,0.6111111111111112,0.19858156028368795,0.39285714285714285,0.4520547945205479,0.48484848484848486,0.09692671394799054,0.36585365853658536,0.36585365853658536,0.6666666666666666,0.3806146572104019,0.35403726708074534,0.35625,0.9298245614035088,0.07954545454545454,0.7142857142857143,0.4431818181818182,0.46153846153846156,0.7044917257683215,0.35403726708074534,0.4925648325358856,0.5363965517241378,0.48076704545454524,0.058426966292134834,0.13903743315508021,0.12627291242362526,0.28716904276985744,8.583030303030299,24.41860465116279,0.2419753086419753,6.0,14.0,43.0,97.0,11.0,13.0,21.0,28.0,20.0,12.0,40.0,41.0,81.0,29.0,12.0,17.0,20.0,3.0,203.0,26.0,23.0,,49.0,49.0,7.0,21.0,,12.0,7.0,7.0,5.0,11.0,,8.0,0.07272727272727272,0.025,0.13095238095238096,,0.03576982892690513,0.05148514851485148,0.042682926829268296,0.008620689655172414,0.04071246819338423,0.04477611940298507,0.055248618784530384,0.04195804195804196,0.029045643153526972,0.2293144208037825,0.44329896907216493,0.44329896907216493,0.9767441860465116,0.28,0.42857142857142855,0.3333333333333333,0.22,0.23863636363636365,0.6190476190476191,6.0,17.0,11.0,7.0,58.0,14.0,7.0,3.0,4.0,0.39285714285714285,0.34,0.35294117647058826,1.0,15.0,,1.0,1.0,0.003875968992248062,,0.006211180124223602,5.0,1.0,3.0,1.0,,,0.45454545454545453,0.8,,,,2.0
wnba,wnba_shot_pace,shot_pace,possessions,get-possessions,2025,Regular Season,team,"{'OffDef': 'Offense', 'Season': '2025', 'SeasonType': 'Regular Season', 'TeamId': '1611661319'}",shot_pace,1611661319,4Q/OT | margin -3..3 | 300..120,get-possessions__possessions__off_def-Offense__season-2025__season_type-Regular_Season__team_id-1611661319__9cf2cba8,get-possessions,https://api.pbpstats.com/get-possessions/wnba?OffDef=Offense&Season=2025&SeasonType=Regular+Season&TeamId=1611661319,200,7,1628932,A'ja Wilson,A'ja Wilson,37638.0,2780,2468,528,290,2468,89.0,128,21.0,29.0,176,371,42.0,99.0,21.0,46,2.0,9.0,307,598,25.0,59,247.0,936,53.0,85,148.0,52,100,3.0,11.0,200,428.0,75.0,46,21.0,40.0,24.0,87,25.0,260.0,289.0,140.0,197,522,0.6970684039087948,0.7456445993031359,1.0,0.423728813559322,0.2727272727272727,0.423728813559322,0.5133779264214047,0.6235294117647059,0.52,0.5243531202435312,0.625,0.509009009009009,0.5985915492957746,0.6981132075471698,0.6257861635220126,0.0898021308980213,31.08882521489971,0.45977011494252873,0.1948249619482496,0.6953125,0.7416666666666667,0.6067415730337079,0.5646879756468798,0.4743935309973046,0.5,0.7102272727272727,0.1506849315068493,0.42424242424242425,0.4375,0.8333333333333334,0.0700152207001522,0.45652173913043476,0.45652173913043476,1.0,0.26126126126126126,0.7241379310344828,0.08108108108108109,0.2222222222222222,0.2846270928462709,0.45652173913043476,0.44776744913928,0.4646307692307691,0.4635596330275229,0.18469656992084432,0.20028612303290416,0.1581196581196581,0.21367521367521367,8.327759197324422,24.723728813559323,0.21393841166936792,23.0,30.0,4.0,13.0,,1.0,2.0,7.0,87.0,30.0,62.0,60.0,122.0,40.0,20.0,12.0,32.0,18.0,304.0,38.0,52.0,1.0,91.0,91.0,22.0,47.0,5.0,16.0,16.0,15.0,7.0,23.0,2.0,21.0,0.05016722408026756,0.0625,0.05121293800539083,0.018867924528301886,0.07703703703703704,0.079002079002079,0.07785467128027682,0.09649122807017543,0.07579462102689487,0.06578947368421052,0.07267441860465117,0.0948905109489051,0.07508532423208192,0.0197869101978691,0.3076923076923077,0.3076923076923077,1.0,0.32608695652173914,0.7666666666666667,0.2608695652173913,,0.018018018018018018,0.5,3.0,7.0,3.0,33.0,186.0,40.0,17.0,8.0,39.0,0.42857142857142855,0.07608695652173914,0.42857142857142855,1.0,,,,5.0,,0.030303030303030304,,,1.0,,2.0,,,,,,1.0,,
wnba,wnba_shot_pace,shot_pace,possessions,get-possessions,2025,Regular Season,team,"{'OffDef': 'Offense', 'Season': '2025', 'SeasonType': 'Regular Season', 'TeamId': '1611661319'}",shot_pace,1611661319,4Q/OT | margin -3..3 | 300..120,get-possessions__possessions__off_def-Offense__season-2025__season_type-Regular_Season__team_id-1611661319__9cf2cba8,get-possessions,https://api.pbpstats.com/get-possessions/wnba?OffDef=Offense&Season=2025&SeasonType=Regular+Season&TeamId=1611661319,200,8,1629498,Jackie Young,Jackie Young,40054.0,2878,2609,582,298,2609,59.0,87,16.0,22.0,101,193,20.0,45.0,70.0,196,19.0,50.0,180,325,80.0,223,127.0,727,20.0,33,90.0,49,85,19.0,53.0,211,146.0,162.0,196,70.0,61.0,43.0,98,28.0,110.0,142.0,42.0,209,577,0.40555555555555556,0.42196531791907516,0.675,0.35874439461883406,0.3584905660377358,0.35874439461883406,0.5538461538461539,0.6060606060606061,0.5764705882352941,0.5474452554744526,0.6403508771929824,0.5615942028985508,0.6001655629139073,0.6953125,0.6393939393939394,0.40693430656934304,23.786901934170345,0.6224489795918368,0.15875912408759124,0.6781609195402298,0.7283950617283951,0.423728813559322,0.3521897810218978,0.5233160621761658,0.543010752688172,0.37623762376237624,0.08211678832116788,0.4444444444444444,0.4444444444444444,0.5,0.35766423357664234,0.35714285714285715,0.36082474226804123,0.6285714285714286,0.15942028985507245,0.7272727272727273,0.36231884057971014,0.38,0.5656934306569343,0.35714285714285715,0.4782486915887848,0.511471052631579,0.448906296296296,0.09215017064846416,0.11898016997167139,0.12379642365887207,0.2902338376891334,7.331076923076918,24.749327354260096,0.22307397470295132,12.0,16.0,10.0,27.0,,,3.0,24.0,56.0,13.0,141.0,85.0,226.0,59.0,26.0,48.0,61.0,32.0,537.0,20.0,31.0,1.0,52.0,52.0,23.0,37.0,2.0,18.0,8.0,8.0,,17.0,1.0,15.0,0.04,0.06896551724137931,0.03626943005181347,0.0196078431372549,0.043909348441926344,0.038535645472061654,0.04163265306122449,0.04878048780487805,0.04838709677419355,0.026845637583892617,0.048,0.013888888888888888,0.08582089552238806,0.04927007299270073,0.37037037037037035,0.37037037037037035,1.0,0.2807017543859649,0.75,0.25,,0.021739130434782608,,11.0,24.0,11.0,17.0,214.0,14.0,19.0,12.0,14.0,0.4583333333333333,0.42105263157894735,0.4583333333333333,0.9090909090909091,78.0,,2.0,5.0,0.008968609865470852,,0.01020408163265306,,1.0,1.0,2.0,13.0,,,,0.05150214592274678,,2.0,
wnba,wnba_shot_pace,shot_pace,possessions,get-possessions,2025,Regular Season,team,"{'OffDef': 'Offense', 'Season': '2025', 'SeasonType': 'Regular Season', 'TeamId': '1611661319'}",shot_pace,1611661319,4Q/OT | margin -3..3 | 300..120,get-possessions__possessions__off_def-Offense__season-2025__season_type-Regular_Season__team_id-1611661319__9cf2cba8,get-possessions,https://api.pbpstats.com/get-possessions/wnba?OffDef=Offense&Season=2025&SeasonType=Regular+Season&TeamId=1611661319,200,9,1631019,NaLyssa Smith,NaLyssa Smith,18403.0,1283,1157,198,138,1157,37.0,58,3.0,6.0,35,65,9.0,18.0,4.0,10,,,81,141,6.0,16,36.0,216,14.0,19,41.0,7,13,,2.0,28,140.0,18.0,10,4.0,13.0,7.0,34,2.0,49.0,59.0,24.0,28,198,0.8641975308641975,0.9722222222222222,1.0,0.375,,0.375,0.574468085106383,0.7368421052631579,0.5384615384615384,0.5732484076433121,0.7380952380952381,0.4666666666666667,0.5806451612903226,0.6833333333333333,0.5384615384615384,0.10191082802547771,16.704805491990847,0.38235294117647056,0.36942675159235666,0.6379310344827587,0.7115384615384616,0.7837837837837838,0.4140127388535032,0.5384615384615384,0.5833333333333334,0.9142857142857143,0.11464968152866242,0.5,0.5,1.0,0.06369426751592357,0.4,0.4,1.0,0.4,0.5,,,0.4713375796178344,0.4,0.481039333333333,0.5537961538461539,0.4870535714285714,0.1340782122905028,0.147239263803681,0.18981481481481483,0.12962962962962962,6.459574468085107,24.375000000000004,0.17113223854796888,11.0,15.0,2.0,6.0,1.0,,2.0,2.0,14.0,11.0,8.0,10.0,18.0,10.0,,1.0,6.0,1.0,46.0,13.0,26.0,3.0,42.0,42.0,3.0,21.0,3.0,6.0,12.0,12.0,11.0,7.0,,6.0,0.07801418439716312,0.10344827586206896,0.07692307692307693,0.11538461538461539,0.08099688473520249,0.06103286384976526,0.07303370786516854,0.07352941176470588,0.11363636363636363,0.012987012987012988,0.04790419161676647,0.10869565217391304,0.05084745762711865,0.03821656050955414,0.3333333333333333,0.3333333333333333,1.0,0.7142857142857143,0.7333333333333333,0.2727272727272727,0.047619047619047616,0.13333333333333333,,1.0,1.0,1.0,10.0,22.0,18.0,3.0,4.0,2.0,0.5,0.047619047619047616,1.0,1.0,,,,2.0,,,,,,,,,,,,,,,
wnba,wnba_shot_pace,shot_pace,possessions,get-possessions,2025,Regular Season,team,"{'OffDef': 'Offense', 'Season': '2025', 'SeasonType': 'Regular Season', 'TeamId': '1611661319'}",shot_pace,1611661319,4Q/OT | margin -3..3 | 300..120,get-possessions__possessions__off_def-Offense__season-2025__season_type-Regular_Season__team_id-1611661319__9cf2cba8,get-possessions,https://api.pbpstats.com/get-possessions/wnba?OffDef=Offense&Season=2025&SeasonType=Regular+Season&TeamId=1611661319,200,10,1631006,Kierstan Bell,Kierstan Bell,12792.0,812,817,183,99,817,10.0,14,2.0,3.0,6,22,5.0,14.0,22.0,79,10.0,26.0,21,50,29.0,100,12.0,141,7.0,15,20.0,4,9,10.0,26.0,44,30.0,87.0,79,22.0,12.0,8.0,17,3.0,11.0,15.0,5.0,44,183,0.7142857142857143,0.9375,1.0,0.29,0.38461538461538464,0.29,0.42,0.4666666666666667,0.4444444444444444,0.43,0.35,0.5428571428571428,0.44904458598726116,0.43478260869565216,0.5789473684210527,0.6666666666666666,18.75,0.7058823529411765,0.09333333333333334,0.7142857142857143,0.7692307692307693,0.6,0.14666666666666667,0.2727272727272727,0.2857142857142857,0.6666666666666666,0.09333333333333334,0.35714285714285715,0.35714285714285715,1.0,0.5266666666666666,0.27848101265822783,0.28205128205128205,1.0,0.08571428571428572,0.6666666666666666,0.7428571428571429,0.38461538461538464,0.76,0.27848101265822783,0.4995530821917811,0.5627363636363637,0.5021114285714287,0.032467532467532464,0.09259259259259259,0.14184397163120568,0.3120567375886525,8.458,25.029000000000007,0.22399020807833536,5.0,8.0,7.0,21.0,2.0,,,5.0,6.0,2.0,12.0,11.0,23.0,8.0,3.0,3.0,6.0,3.0,57.0,12.0,8.0,,20.0,20.0,2.0,5.0,,4.0,,,3.0,3.0,,3.0,0.04,0.07142857142857142,0.045454545454545456,,0.03636363636363636,0.06153846153846154,0.04819277108433735,0.07142857142857142,0.032520325203252036,0.01818181818181818,0.07142857142857142,0.024390243902439025,0.020833333333333332,0.14,0.3333333333333333,0.3333333333333333,1.0,0.4,0.625,0.2,0.1,,,,3.0,,6.0,12.0,10.0,3.0,4.0,1.0,,0.15,,,,,1.0,1.0,0.01,,0.012658227848101266,,,,,,,,,,,,
wnba,wnba_shot_pace,shot_pace,possessions,get-possessions,2025,Regular Season,team,"{'OffDef': 'Offense', 'Season': '2025', 'SeasonType': 'Regular Season', 'TeamId': '1611661319'}",shot_pace,1611661319,4Q/OT | margin -3..3 | 300..120,get-possessions__possessions__off_def-Offense__season-2025__season_type-Regular_Season__team_id-1611661319__9cf2cba8,get-possessions,https://api.pbpstats.com/get-possessions/wnba?OffDef=Offense&Season=2025&SeasonType=Regular+Season&TeamId=1611661319,200,11,1630115,Joyner Holmes,Joyner Holmes,884.0,47,53,12,5,53,,1,,,2,3,,3.0,1.0,4,,,2,7,1.0,5,,7,,1,,2,3,,,4,4.0,3.0,4,1.0,,,2,,,,,4,12,1.0,1.0,1.0,0.2,,0.2,0.2857142857142857,,0.6666666666666666,0.2916666666666667,,0.6666666666666666,0.2916666666666667,,0.6666666666666666,0.4166666666666667,23.728813559322035,,0.08333333333333333,,,,0.25,0.6666666666666666,0.6666666666666666,1.0,0.25,,,,0.3333333333333333,0.25,0.25,1.0,,,,,0.5,0.25,0.46899166666666664,0.6629,0.4018,,,,0.5714285714285714,9.77142857142857,25.4,0.22641509433962265,,1.0,,1.0,,,,,,,,,,,,,,,,,2.0,,2.0,2.0,,2.0,1.0,,1.0,1.0,,,,,,,,,0.10526315789473684,,0.07407407407407407,,0.1111111111111111,0.14285714285714285,,,,0.08333333333333333,,,,1.0,,,,,,,,,,,,,,,,,,,,,,,,,,,,,,,,,,,,,
wnba,wnba_shot_pace,shot_pace,possessions,get-possessions,2025,Regular Season,team,"{'OffDef': 'Offense', 'Season': '2025', 'SeasonType': 'Regular Season', 'TeamId': '1611661319'}",shot_pace,1611661319,4Q/OT | margin -3..3 | 300..120,get-possessions__possessions__off_def-Offense__season-2025__season_type-Regular_Season__team_id-1611661319__9cf2cba8,get-possessions,https://api.pbpstats.com/get-possessions/wnba?OffDef=Offense&Season=2025&SeasonType=Regular+Season&TeamId=1611661319,200,12,1627676,Tiffany Mitchell,Tiffany Mitchell,6426.0,416,416,129,41,416,5.0,7,,2.0,6,18,1.0,3.0,2.0,5,,1.0,12,28,4.0,13,23.0,59,2.0,3,4.0,2,9,1.0,3.0,15,10.0,12.0,5,2.0,5.0,2.0,14,4.0,24.0,29.0,16.0,15,129,0.4166666666666667,0.4166666666666667,1.0,0.3076923076923077,0.3333333333333333,0.3076923076923077,0.42857142857142855,0.6666666666666666,0.2222222222222222,0.43902439024390244,0.5,0.2916666666666667,0.5462962962962963,0.4,0.46875,0.3170731707317073,14.782608695652176,0.35714285714285715,0.17073170731707318,0.7142857142857143,0.7142857142857143,0.4,0.43902439024390244,0.3333333333333333,0.35294117647058826,0.3333333333333333,0.07317073170731707,0.3333333333333333,0.3333333333333333,1.0,0.12195121951219512,0.4,0.4,1.0,0.16666666666666666,,0.08333333333333333,,0.4878048780487805,0.4,0.4859829268292682,0.4236,0.4808416666666666,0.2962962962962963,0.3902439024390244,0.06779661016949153,0.2542372881355932,6.3999999999999995,24.2076923076923,0.31009615384615385,1.0,1.0,2.0,8.0,1.0,1.0,2.0,1.0,8.0,1.0,1.0,6.0,7.0,6.0,,,,1.0,20.0,6.0,,,6.0,6.0,,9.0,,3.0,4.0,3.0,1.0,,,,0.03571428571428571,,0.05555555555555555,,,0.0759493670886076,0.03,,,,0.08064516129032258,0.058823529411764705,,0.1951219512195122,0.25,0.25,1.0,0.25,1.0,1.0,0.25,0.16666666666666666,0.5,,,,,14.0,,2.0,2.0,3.0,,,,,,,,3.0,,,,,,,,,,,,,1.0,,
wnba,wnba_shot_pace,shot_pace,possessions,get-possessions,2025,Regular Season,team,"{'OffDef': 'Offense', 'Season': '2025', 'SeasonType': 'Regular Season', 'TeamId': '1611661319'}",shot_pace,1611661319,4Q/OT | margin -3..3 | 300..120,get-possessions__possessions__off_def-Offense__season-2025__season_type-Regular_Season__team_id-1611661319__9cf2cba8,get-possessions,https://api.pbpstats.com/get-possessions/wnba?OffDef=Offense&Season=2025&SeasonType=Regular+Season&TeamId=1611661319,200,13,1642295,Elizabeth Kitley,Elizabeth Kitley,3000.0,178,190,51,17,190,4.0,8,1.0,2.0,3,13,,1.0,,1,,,7,22,,1,1.0,15,4.0,4,8.0,1,4,,,2,8.0,,1,,2.0,2.0,7,1.0,6.0,2.0,1.0,2,51,0.5714285714285714,0.8,,,,,0.3181818181818182,1.0,0.25,0.30434782608695654,1.0,0.25,0.3125,1.0,0.25,0.043478260869565216,14.97584541062802,0.2857142857142857,0.34782608695652173,0.5,0.5714285714285714,0.5,0.5652173913043478,0.23076923076923078,0.3,0.6666666666666666,0.043478260869565216,,,,0.043478260869565216,,,,0.5,0.5,,,0.391304347826087,,0.4712521739130434,0.5549333333333334,0.4727,0.041666666666666664,0.043478260869565216,0.5333333333333333,0.13333333333333333,6.159090909090909,24.6,0.26842105263157895,3.0,3.0,,,,,,,,4.0,1.0,,1.0,,,1.0,,,2.0,1.0,3.0,,4.0,4.0,1.0,5.0,,,4.0,4.0,3.0,,,,0.18181818181818182,0.125,0.23076923076923078,,0.05660377358490566,0.030303030303030304,0.046511627906976744,0.14285714285714285,0.04878048780487805,,,0.14285714285714285,0.08333333333333333,,,,,0.75,1.0,0.3333333333333333,,,,,,,,6.0,4.0,1.0,,,,,,,,,,,,,,,,,,,,,,,,,
wnba,wnba_shot_pace,shot_pace,possessions,get-possessions,2025,Regular Season,team,"{'OffDef': 'Offense', 'Season': '2025', 'SeasonType': 'Regular Season', 'TeamId': '1611661319'}",shot_pace,1611661319,4Q/OT | margin -3..3 | 300..120,get-possessions__possessions__off_def-Offense__season-2025__season_type-Regular_Season__team_id-1611661319__9cf2cba8,get-possessions,https://api.pbpstats.com/get-possessions/wnba?OffDef=Offense&Season=2025&SeasonType=Regular+Season&TeamId=1611661319,200,14,204325,Crystal Bradford,Crystal Bradford,775.0,46,45,21,8,45,1.0,1,1.0,1.0,1,3,,,,1,,1.0,2,4,,2,,4,1.0,1,2.0,1,2,,2.0,2,,,1,,,,1,,1.0,,,2,21,,,,,,,0.5,1.0,0.5,0.3333333333333333,1.0,0.25,0.3333333333333333,1.0,0.25,0.3333333333333333,12.962962962962962,,0.16666666666666666,1.0,1.0,,0.5,0.3333333333333333,0.3333333333333333,,,,,,0.16666666666666666,,,,0.25,1.0,0.25,,0.5,,0.43911666666666666,0.593,0.47104999999999997,,,0.5,0.5,5.2,25.25,0.4666666666666667,1.0,1.0,,1.0,,,1.0,,,,,1.0,1.0,1.0,,,,,3.0,1.0,1.0,,2.0,2.0,,1.0,,,,,,,,,,,,,0.08333333333333333,0.09090909090909091,0.08695652173913043,0.25,,,0.1111111111111111,,,0.16666666666666666,,,,1.0,1.0,,,0.25,,,,,,4.0,2.0,1.0,,,,,,,,,,,,,,,,,,,,,,,,,1.0
