player_name,player_id,player_id_source,pbpstats_player_id,espn_wehoop_player_id,espn_athlete_id,team_2026,team_2026_abbr,parquet_team_display_name,parquet_team_abbreviation,position_abbreviation,position,position_full,height_raw_source,height_inches,height_ft_in,age_2026,player_college,player_country,date_of_birth,parquet_status_name,parquet_status_type,bio_match_method,age_match_method,parquet_name_match_flag,raw_position_name_match_flag,wbb_box_name_match_flag,player_bios_2025_age_match_flag,raw_age_name_match_flag,parquet_match_method,parquet_team_crosscheck_flag,synthetic_id_flag,team_changed_from_bio_flag,missing_age_flag,missing_height_flag,missing_position_flag,name_alias_flag,notes
Allisha Gray,1628277,team_roster_history,1628277,,3058901,Atlanta Dream,ATL,Atlanta Dream,ATL,G,Guard,Guard,"6' 0""",72,"6'0""",31,,,1995-01-12T08:00Z,Active,active,parquet_name_exact,parquet_age,True,False,False,False,False,name_exact,False,False,False,False,False,False,False,parquet_name_exact_match
Angel Reese,1642291,team_roster_history,1642291,,4433402,Atlanta Dream,ATL,Atlanta Dream,ATL,F,Forward,Forward,"6' 4""",76,"6'4""",24,,,2002-05-06T07:00Z,Active,active,parquet_name_exact,parquet_age,True,False,False,False,False,name_exact,False,False,False,False,False,False,False,parquet_name_exact_match
Bella Fontleroy,player:bella_fontleroy__atlanta_dream,synthetic_name,,,,Atlanta Dream,ATL,,,G,Guard,Guard,,,,,,,,,,wbb_box_name_exact,unmatched,False,False,True,False,False,unmatched,False,True,False,True,True,False,False,synthetic_framework_id; wbb_box_name_exact_match; missing_age_after_local_backfill; missing_height_after_local_backfill
Brionna Jones,1628280,team_roster_history,1628280,,3058895,Atlanta Dream,ATL,Atlanta Dream,ATL,F,Forward,Forward,"6' 3""",75,"6'3""",30,,,1995-12-18T08:00Z,Active,active,parquet_name_exact,parquet_age,True,False,False,False,False,name_exact,False,False,False,False,False,False,False,parquet_name_exact_match
Holly Winterburn,player:holly_winterburn__atlanta_dream,synthetic_name,,,,Atlanta Dream,ATL,,,,,,,,,,,,,,,unmatched,unmatched,False,False,False,False,False,unmatched,False,True,False,True,True,True,False,synthetic_framework_id; missing_age_after_local_backfill; missing_height_after_local_backfill; missing_position_after_local_backfill
Indya Nivar,player:indya_nivar__atlanta_dream,synthetic_name,,,5105740,Atlanta Dream,ATL,Atlanta Dream,ATL,G,Guard,Guard,"5' 10""",70,"5'10""",22,,,2004-01-16T08:00Z,Active,active,parquet_name_exact,parquet_age,True,False,False,False,False,name_exact,False,True,False,False,False,False,False,synthetic_framework_id; parquet_name_exact_match
Isobel Borlase,player:isobel_borlase__atlanta_dream,synthetic_name,,,5208983,Atlanta Dream,ATL,Atlanta Dream,ATL,G,Guard,Guard,"5' 11""",71,"5'11""",21,,,2004-09-12T07:00Z,Active,active,parquet_name_exact,parquet_age,True,False,False,False,False,name_exact,False,True,False,False,False,False,False,synthetic_framework_id; parquet_name_exact_match
Jordin Canada,1628886,team_roster_history,1628886,,3142250,Atlanta Dream,ATL,Atlanta Dream,ATL,G,Guard,Guard,"5' 6""",66,"5'6""",30,,,1995-08-11T07:00Z,Active,active,parquet_name_exact,parquet_age,True,False,False,False,False,name_exact,False,False,False,False,False,False,False,parquet_name_exact_match
Laila Phelia,player:laila_phelia__atlanta_dream,synthetic_name,,,,Atlanta Dream,ATL,,,G,Guard,Guard,,,,,,,,,,wbb_box_name_exact,unmatched,False,False,True,False,False,unmatched,False,True,False,True,True,False,False,synthetic_framework_id; wbb_box_name_exact_match; missing_age_after_local_backfill; missing_height_after_local_backfill
Lorela Cubaj,1631032,team_roster_history,1631032,,,Atlanta Dream,ATL,,,,,,,,,,,,,,,unmatched,unmatched,False,False,False,False,False,unmatched,False,False,False,True,True,True,False,missing_age_after_local_backfill; missing_height_after_local_backfill; missing_position_after_local_backfill
Madina Okot,player:madina_okot__atlanta_dream,synthetic_name,,,5108587,Atlanta Dream,ATL,Atlanta Dream,ATL,C,Center,Center,"6' 6""",78,"6'6""",21,,,2004-08-23T07:00Z,Active,active,parquet_name_exact,parquet_age,True,False,False,False,False,name_exact,False,True,False,False,False,False,False,synthetic_framework_id; parquet_name_exact_match
Maite Cazorla,player:maite_cazorla__atlanta_dream,synthetic_name,,,,Atlanta Dream,ATL,,,,,,,,,,,,,,,unmatched,unmatched,False,False,False,False,False,unmatched,False,True,False,True,True,True,False,synthetic_framework_id; missing_age_after_local_backfill; missing_height_after_local_backfill; missing_position_after_local_backfill
Naz Hillmon,1631044,team_roster_history,1631044,,4398915,Atlanta Dream,ATL,Atlanta Dream,ATL,F,Forward,Forward,"6' 2""",74,"6'2""",26,,,2000-04-05T07:00Z,Active,active,parquet_name_exact,parquet_age,True,False,False,False,False,name_exact,False,False,False,False,False,False,False,parquet_name_exact_match
Rhyne Howard,1631009,team_roster_history,1631009,,4398674,Atlanta Dream,ATL,Atlanta Dream,ATL,G,Guard,Guard,"6' 2""",74,"6'2""",26,,,2000-04-29T07:00Z,Active,active,parquet_name_exact,parquet_age,True,False,False,False,False,name_exact,False,False,False,False,False,False,False,parquet_name_exact_match
Sacha Washington,player:sacha_washington__atlanta_dream,synthetic_name,,,,Atlanta Dream,ATL,,,F,Forward,Forward,,,,,,,,,,wbb_box_name_exact,unmatched,False,False,True,False,False,unmatched,False,True,False,True,True,False,False,synthetic_framework_id; wbb_box_name_exact_match; missing_age_after_local_backfill; missing_height_after_local_backfill
Sika Koné,1631021,team_roster_history,1631021,,5017721,Atlanta Dream,ATL,Atlanta Dream,ATL,F,Forward,Forward,"6' 3""",75,"6'3""",23,,,2002-07-13T07:00Z,Active,active,parquet_name_exact,parquet_age,True,False,False,False,False,name_exact,False,False,False,False,False,False,False,parquet_name_exact_match
Stephanie Jones,player:stephanie_jones__atlanta_dream,synthetic_name,,,,Atlanta Dream,ATL,,,,,,,,,,,,,,,unmatched,unmatched,False,False,False,False,False,unmatched,False,True,False,True,True,True,False,synthetic_framework_id; missing_age_after_local_backfill; missing_height_after_local_backfill; missing_position_after_local_backfill
Taylor Thierry,1642814,team_roster_history,1642814,,,Atlanta Dream,ATL,,,"G, F",Guard-Forward,Guard-Forward,6-1,73,"6'1""",24,,,,,,raw_pos_name_exact,player_bios_2025_id_exact,False,True,False,True,False,unmatched,False,False,False,False,False,False,False,raw_position_name_exact_match; age_filled_from_player_bios_2025_id_exact
Te-Hina Paopao,1642804,team_roster_history,1642804,,4433431,Atlanta Dream,ATL,Atlanta Dream,ATL,G,Guard,Guard,"5' 9""",69,"5'9""",23,,,2002-08-21T07:00Z,Active,active,parquet_name_exact,parquet_age,True,False,False,False,False,name_exact,False,False,False,False,False,False,False,parquet_name_exact_match
Aicha Coulibaly,player:aicha_coulibaly__chicago_sky,synthetic_name,,,4433433,Chicago Sky,CHI,Chicago Sky,CHI,G,Guard,Guard,"6' 0""",72,"6'0""",24,,,2001-10-18T07:00Z,Active,active,parquet_name_exact,parquet_age,True,False,False,False,False,name_exact,False,True,False,False,False,False,False,synthetic_framework_id; parquet_name_exact_match
Azurá Stevens,1628922,team_roster_history,1628922,,3142010,Chicago Sky,CHI,Chicago Sky,CHI,F,Forward,Forward,"6' 6""",78,"6'6""",30,,,1996-02-01T08:00Z,Active,active,parquet_name_exact,parquet_age,True,False,False,False,False,name_exact,False,False,False,False,False,False,False,parquet_name_exact_match
Courtney Vandersloot,202664,team_roster_history,202664,,981,Chicago Sky,CHI,Chicago Sky,CHI,G,Guard,Guard,"5' 8""",68,"5'8""",37,,,1989-02-08T08:00Z,Active,active,parquet_name_exact,parquet_age,True,False,False,False,False,name_exact,False,False,False,False,False,False,False,parquet_name_exact_match
DiJonai Carrington,1630096,team_roster_history,1630096,,4066548,Chicago Sky,CHI,Chicago Sky,CHI,G,Guard,Guard,"5' 11""",71,"5'11""",28,,,1998-01-08T08:00Z,Active,active,parquet_name_exact,parquet_age,True,False,False,False,False,name_exact,False,False,False,False,False,False,False,parquet_name_exact_match
Elizabeth Williams,204322,team_roster_history,204322,,2566081,Chicago Sky,CHI,Chicago Sky,CHI,C,Center,Center,"6' 3""",75,"6'3""",32,,,1993-06-23T07:00Z,Active,active,parquet_name_exact,parquet_age,True,False,False,False,False,name_exact,False,False,False,False,False,False,False,parquet_name_exact_match
Gabriela Jaquez,player:gabriela_jaquez__chicago_sky,synthetic_name,,,4858656,Chicago Sky,CHI,Chicago Sky,CHI,G,Guard,Guard,"6' 0""",72,"6'0""",22,,,2003-11-19T08:00Z,Active,active,parquet_name_exact,parquet_age,True,False,False,False,False,name_exact,False,True,False,False,False,False,False,synthetic_framework_id; parquet_name_exact_match
Hailey Van Lith,1642817,team_roster_history,1642817,,4433412,Chicago Sky,CHI,Connecticut Sun,CONNECTICU,G,Guard,Guard,"5' 9""",69,"5'9""",24,,,2001-09-09T07:00Z,Active,active,parquet_name_exact,parquet_age,True,False,False,False,False,name_exact,True,False,True,False,False,False,False,parquet_name_exact_match; parquet_team_differs_from_master_team
Jacy Sheldon,1642292,team_roster_history,1642292,,4432865,Chicago Sky,CHI,Chicago Sky,CHI,G,Guard,Guard,"5' 10""",70,"5'10""",25,,,2000-08-23T07:00Z,Active,active,parquet_name_exact,parquet_age,True,False,False,False,False,name_exact,False,False,False,False,False,False,False,parquet_name_exact_match
Jordan Hobbs,player:jordan_hobbs__chicago_sky,synthetic_name,,,,Chicago Sky,CHI,,,G,Guard,Guard,,,,,,,,,,wbb_box_name_exact,unmatched,False,False,True,False,False,unmatched,False,True,False,True,True,False,False,synthetic_framework_id; wbb_box_name_exact_match; missing_age_after_local_backfill; missing_height_after_local_backfill
Kamilla Cardoso,1642289,team_roster_history,1642289,,4433405,Chicago Sky,CHI,Chicago Sky,CHI,C,Center,Center,"6' 7""",79,"6'7""",25,,,2001-04-30T07:00Z,Active,active,parquet_name_exact,parquet_age,True,False,False,False,False,name_exact,False,False,False,False,False,False,False,parquet_name_exact_match
Latasha Lattimore,player:latasha_lattimore__chicago_sky,synthetic_name,,,,Chicago Sky,CHI,,,F,Forward,Forward,,,,,,,,,,wbb_box_name_exact,unmatched,False,False,True,False,False,unmatched,False,True,False,True,True,False,False,synthetic_framework_id; wbb_box_name_exact_match; missing_age_after_local_backfill; missing_height_after_local_backfill
Maddy Westbeld,1642818,team_roster_history,1642818,,4433424,Chicago Sky,CHI,Chicago Sky,CHI,F,Forward,Forward,"6' 3""",75,"6'3""",23,,,2002-10-15T07:00Z,Active,active,parquet_name_exact,parquet_age,True,False,False,False,False,name_exact,False,False,False,False,False,False,False,parquet_name_exact_match
Megan Nestor,player:megan_nestor__chicago_sky,synthetic_name,,,,Chicago Sky,CHI,,,,,,,,,,,,,,,unmatched,unmatched,False,False,False,False,False,unmatched,False,True,False,True,True,True,False,synthetic_framework_id; missing_age_after_local_backfill; missing_height_after_local_backfill; missing_position_after_local_backfill
Rachel Banham,1627671,team_roster_history,1627671,,2566186,Chicago Sky,CHI,Chicago Sky,CHI,G,Guard,Guard,"5' 10""",70,"5'10""",32,,,1993-07-15T07:00Z,Active,active,parquet_name_exact,parquet_age,True,False,False,False,False,name_exact,False,False,False,False,False,False,False,parquet_name_exact_match
Rickea Jackson,1642288,team_roster_history,1642288,,4433630,Chicago Sky,CHI,Chicago Sky,CHI,F,Forward,Forward,"6' 2""",74,"6'2""",25,,,2001-03-16T08:00Z,Active,active,parquet_name_exact,parquet_age,True,False,False,False,False,name_exact,False,False,False,False,False,False,False,parquet_name_exact_match
Skylar Diggins,203400,team_roster_history,203400,,2491205,Chicago Sky,CHI,Chicago Sky,CHI,G,Guard,Guard,"5' 9""",69,"5'9""",35,,,1990-08-02T07:00Z,Active,active,parquet_name_exact,parquet_age,True,False,False,False,False,name_exact,False,False,False,False,False,False,True,parquet_name_exact_match; historical_name_alias_for_player_id
Sydney Taylor,player:sydney_taylor__chicago_sky,synthetic_name,,,4594786,Chicago Sky,CHI,Chicago Sky,CHI,G,Guard,Guard,"5' 9""",69,"5'9""",24,,,2001-06-21T07:00Z,Active,active,parquet_name_exact,parquet_age,True,False,False,False,False,name_exact,False,True,False,False,False,False,False,synthetic_framework_id; parquet_name_exact_match
Tonie Morgan,player:tonie_morgan__chicago_sky,synthetic_name,,,,Chicago Sky,CHI,,,G,Guard,Guard,,,,,,,,,,wbb_box_name_exact,unmatched,False,False,True,False,False,unmatched,False,True,False,True,True,False,False,synthetic_framework_id; wbb_box_name_exact_match; missing_age_after_local_backfill; missing_height_after_local_backfill
Aaliyah Edwards,1642290,team_roster_history,1642290,,4433408,Connecticut Sun,CON,Connecticut Sun,CONNECTICU,F,Forward,Forward,"6' 3""",75,"6'3""",23,,,2002-07-09T07:00Z,Active,active,parquet_name_exact,parquet_age,True,False,False,False,False,name_exact,False,False,False,False,False,False,False,parquet_name_exact_match
Aneesah Morrow,1642800,team_roster_history,1642800,,4684384,Connecticut Sun,CON,Connecticut Sun,CONNECTICU,F,Forward,Forward,"6' 1""",73,"6'1""",23,,,2003-02-02T08:00Z,Active,active,parquet_name_exact,parquet_age,True,False,False,False,False,name_exact,False,False,False,False,False,False,False,parquet_name_exact_match
Bria Hartley,203829,team_roster_history,203829,,,Connecticut Sun,CON,,,G,Guard,Guard,5-9,69,"5'9""",34,,,,,,raw_pos_name_exact,player_bios_2025_id_exact,False,True,False,True,False,unmatched,False,False,False,False,False,False,False,raw_position_name_exact_match; age_filled_from_player_bios_2025_id_exact
Brittney Griner,203398,team_roster_history,203398,,2490553,Connecticut Sun,CON,Connecticut Sun,CONNECTICU,C,Center,Center,"6' 9""",81,"6'9""",35,,,1990-10-18T07:00Z,Active,active,parquet_name_exact,parquet_age,True,False,False,False,False,name_exact,False,False,False,False,False,False,False,parquet_name_exact_match
Charlisse Leger-Walker,player:charlisse_leger-walker__connecticut_sun,synthetic_name,,,4703609,Connecticut Sun,CON,Connecticut Sun,CONNECTICU,G,Guard,Guard,"5' 10""",70,"5'10""",24,,,2001-09-15T07:00Z,Active,active,parquet_name_exact,parquet_age,True,False,False,False,False,name_exact,False,True,False,False,False,False,False,synthetic_framework_id; parquet_name_exact_match
Diamond DeShields,1628890,team_roster_history,1628890,,,Connecticut Sun,CON,,,,,,,,,,,,,,,unmatched,unmatched,False,False,False,False,False,unmatched,False,False,False,True,True,True,False,missing_age_after_local_backfill; missing_height_after_local_backfill; missing_position_after_local_backfill
Diamond Miller,1641649,team_roster_history,1641649,,4433635,Connecticut Sun,CON,Connecticut Sun,CONNECTICU,F,Forward,Forward,"6' 3""",75,"6'3""",25,,,2001-02-11T08:00Z,Active,active,parquet_name_exact,parquet_age,True,False,False,False,False,name_exact,False,False,False,False,False,False,False,parquet_name_exact_match
Gianna Kneepkens,player:gianna_kneepkens__connecticut_sun,synthetic_name,,,4898898,Connecticut Sun,CON,Connecticut Sun,CONNECTICU,G,Guard,Guard,"5' 11""",71,"5'11""",23,,,2003-03-04T08:00Z,Active,active,parquet_name_exact,parquet_age,True,False,False,False,False,name_exact,False,True,False,False,False,False,False,synthetic_framework_id; parquet_name_exact_match
Haley Peters,203863,team_roster_history,203863,,,Connecticut Sun,CON,,,"F, G",Forward-Guard,Forward-Guard,6-3,75,"6'3""",34,,,,,,raw_pos_name_exact,player_bios_2025_id_exact,False,True,False,True,False,unmatched,False,False,False,False,False,False,False,raw_position_name_exact_match; age_filled_from_player_bios_2025_id_exact
Harmoni Turner,player:harmoni_turner__connecticut_sun,synthetic_name,,,,Connecticut Sun,CON,,,G,Guard,Guard,,,,,,,,,,wbb_box_name_exact,unmatched,False,False,True,False,False,unmatched,False,True,False,True,True,False,False,synthetic_framework_id; wbb_box_name_exact_match; missing_age_after_local_backfill; missing_height_after_local_backfill
Kennedy Burke,1629568,team_roster_history,1629568,,3922628,Connecticut Sun,CON,Connecticut Sun,CONNECTICU,G,Guard,Guard,"6' 1""",73,"6'1""",29,,,1997-02-14T08:00Z,Active,active,parquet_name_exact,parquet_age,True,False,False,False,False,name_exact,False,False,False,False,False,False,False,parquet_name_exact_match
Kyla Oldacre,player:kyla_oldacre__connecticut_sun,synthetic_name,,,,Connecticut Sun,CON,,,F,Forward,Forward,,,,,,,,,,wbb_box_name_exact,unmatched,False,False,True,False,False,unmatched,False,True,False,True,True,False,False,synthetic_framework_id; wbb_box_name_exact_match; missing_age_after_local_backfill; missing_height_after_local_backfill
Leila Lacan,player:leila_lacan__connecticut_sun,synthetic_name,,,5208981,Connecticut Sun,CON,Connecticut Sun,CONNECTICU,G,Guard,Guard,"5' 11""",71,"5'11""",21,,,2004-06-02T07:00Z,Active,active,parquet_name_exact,parquet_age,True,False,False,False,False,name_exact,False,True,False,False,False,False,False,synthetic_framework_id; parquet_name_exact_match
Madison Hayes,player:madison_hayes__connecticut_sun,synthetic_name,,,,Connecticut Sun,CON,,,G,Guard,Guard,,,,,,,,,,wbb_box_name_exact,unmatched,False,False,True,False,False,unmatched,False,True,False,True,True,False,False,synthetic_framework_id; wbb_box_name_exact_match; missing_age_after_local_backfill; missing_height_after_local_backfill
Mamignan Touré,1642841,team_roster_history,1642841,,,Connecticut Sun,CON,,,G,Guard,Guard,6-0,72,"6'0""",32,,,,,,raw_pos_name_exact,player_bios_2025_id_exact,False,True,False,True,False,unmatched,False,False,False,False,False,False,False,raw_position_name_exact_match; age_filled_from_player_bios_2025_id_exact
Nell Angloma,player:nell_angloma__connecticut_sun,synthetic_name,,,5345319,Connecticut Sun,CON,Connecticut Sun,CONNECTICU,F,Forward,Forward,"6' 1""",73,"6'1""",19,,,2006-06-12T07:00Z,Active,active,parquet_name_exact,parquet_age,True,False,False,False,False,name_exact,False,True,False,False,False,False,False,synthetic_framework_id; parquet_name_exact_match
Olivia Nelson-Ododa,1631135,team_roster_history,1631135,,4398966,Connecticut Sun,CON,Connecticut Sun,CONNECTICU,C,Center,Center,"6' 5""",77,"6'5""",25,,,2000-08-17T07:00Z,Active,active,parquet_name_exact,parquet_age,True,False,False,False,False,name_exact,False,False,False,False,False,False,False,parquet_name_exact_match
Raegan Beers,player:raegan_beers__connecticut_sun,synthetic_name,,,5105732,Connecticut Sun,CON,Connecticut Sun,CONNECTICU,F,Forward,Forward,"6' 4""",76,"6'4""",22,,,2003-07-23T07:00Z,Active,active,parquet_name_exact,parquet_age,True,False,False,False,False,name_exact,False,True,False,False,False,False,False,synthetic_framework_id; parquet_name_exact_match
Saniya Rivers,1642809,team_roster_history,1642809,,4433514,Connecticut Sun,CON,Connecticut Sun,CONNECTICU,G,Guard,Guard,"6' 1""",73,"6'1""",23,,,2003-03-04T08:00Z,Active,active,parquet_name_exact,parquet_age,True,False,False,False,False,name_exact,False,False,False,False,False,False,False,parquet_name_exact_match
Shey Peddy,203035,team_roster_history,203035,,1107,Connecticut Sun,CON,Connecticut Sun,CONNECTICU,G,Guard,Guard,"5' 7""",67,"5'7""",37,,,1988-10-28T07:00Z,Active,active,parquet_name_exact,parquet_age,True,False,False,False,False,name_exact,False,False,False,False,False,False,False,parquet_name_exact_match
Taylor Bigby,player:taylor_bigby__connecticut_sun,synthetic_name,,,,Connecticut Sun,CON,,,G,Guard,Guard,,,,,,,,,,wbb_box_name_exact,unmatched,False,False,True,False,False,unmatched,False,True,False,True,True,False,False,synthetic_framework_id; wbb_box_name_exact_match; missing_age_after_local_backfill; missing_height_after_local_backfill
Tina Charles,202250,team_roster_history,202250,,,Connecticut Sun,CON,,,C,Center,Center,6-4,76,"6'4""",38,,,,,,raw_pos_name_exact,player_bios_2025_id_exact,False,True,False,True,False,unmatched,False,False,False,False,False,False,False,raw_position_name_exact_match; age_filled_from_player_bios_2025_id_exact
Alanna Smith,1629501,team_roster_history,1629501,,3913881,Dallas Wings,DAL,Dallas Wings,DALLAS,F,Forward,Forward,"6' 4""",76,"6'4""",29,,,1996-09-10T07:00Z,Active,active,parquet_name_exact,parquet_age,True,False,False,False,False,name_exact,False,False,False,False,False,False,False,parquet_name_exact_match
Alysha Clark,202252,team_roster_history,202252,,924,Dallas Wings,DAL,Dallas Wings,DALLAS,F,Forward,Forward,"5' 11""",71,"5'11""",38,,,1987-07-07T07:00Z,Active,active,parquet_name_exact,parquet_age,True,False,False,False,False,name_exact,False,False,False,False,False,False,False,parquet_name_exact_match
Amy Okonkwo,1629539,team_roster_history,1629539,,,Dallas Wings,DAL,,,F,Forward,Forward,6-2,74,"6'2""",30,,,,,,raw_pos_name_exact,player_bios_2025_id_exact,False,True,False,True,False,unmatched,False,False,False,False,False,False,False,raw_position_name_exact_match; age_filled_from_player_bios_2025_id_exact
Arike Ogunbowale,1629481,team_roster_history,1629481,,3904577,Dallas Wings,DAL,Dallas Wings,DALLAS,G,Guard,Guard,"5' 8""",68,"5'8""",29,,,1997-03-02T08:00Z,Active,active,parquet_name_exact,parquet_age,True,False,False,False,False,name_exact,False,False,False,False,False,False,False,parquet_name_exact_match
Awak Kuier,1630386,team_roster_history,1630386,,4790266,Dallas Wings,DAL,Dallas Wings,DALLAS,F,Forward,Forward,"6' 6""",78,"6'6""",24,,,2001-08-19T07:00Z,Active,active,parquet_name_exact,parquet_age,True,False,False,False,False,name_exact,False,False,False,False,False,False,False,parquet_name_exact_match
Aziaha James,1642793,team_roster_history,1642793,,4433807,Dallas Wings,DAL,Dallas Wings,DALLAS,G,Guard,Guard,"5' 10""",70,"5'10""",21,,,2005-02-22T08:00Z,Active,active,parquet_name_exact,parquet_age,True,False,False,False,False,name_exact,False,False,False,False,False,False,False,parquet_name_exact_match
Azzi Fudd,player:azzi_fudd__dallas_wings,synthetic_name,,,4433790,Dallas Wings,DAL,Dallas Wings,DALLAS,G,Guard,Guard,"5' 11""",71,"5'11""",23,,,2002-11-11T08:00Z,Active,active,parquet_name_exact,parquet_age,True,False,False,False,False,name_exact,False,True,False,False,False,False,False,synthetic_framework_id; parquet_name_exact_match
Costanza Verona,player:costanza_verona__dallas_wings,synthetic_name,,,5345473,Dallas Wings,DAL,Dallas Wings,DALLAS,G,Guard,Guard,"5' 7""",67,"5'7""",26,,,1999-08-06T07:00Z,Active,active,parquet_name_exact,parquet_age,True,False,False,False,False,name_exact,False,True,False,False,False,False,False,synthetic_framework_id; parquet_name_exact_match
Dulcy Fankam Mendjiadeu,1641675,team_roster_history,1641675,,4594527,Dallas Wings,DAL,Dallas Wings,DALLAS,F,Forward,Forward,"6' 3""",75,"6'3""",26,,,1999-07-26T07:00Z,Active,active,parquet_name_exact,parquet_age,True,False,False,False,False,name_exact,False,False,False,False,False,False,False,parquet_name_exact_match
Grace Berger,1641658,team_roster_history,1641658,,,Dallas Wings,DAL,,,G,Guard,Guard,5-11,71,"5'11""",27,,,,,,raw_pos_name_exact,player_bios_2025_id_exact,False,True,False,True,False,unmatched,False,False,False,False,False,False,False,raw_position_name_exact_match; age_filled_from_player_bios_2025_id_exact
JJ Quinerly,1642808,team_roster_history,1642808,,4434015,Dallas Wings,DAL,Dallas Wings,DALLAS,G,Guard,Guard,"5' 8""",68,"5'8""",23,,,2002-10-24T07:00Z,Active,active,parquet_name_exact,parquet_age,True,False,False,False,False,name_exact,False,False,False,False,False,False,False,parquet_name_exact_match
Jessica Shepard,1629491,team_roster_history,1629491,,3906949,Dallas Wings,DAL,Dallas Wings,DALLAS,F,Forward,Forward,"6' 4""",76,"6'4""",29,,,1996-09-11T07:00Z,Active,active,parquet_name_exact,parquet_age,True,False,False,False,False,name_exact,False,False,False,False,False,False,False,parquet_name_exact_match
Li Yueru,1629574,team_roster_history,1629574,,4336633,Dallas Wings,DAL,Dallas Wings,DALLAS,C,Center,Center,"6' 7""",79,"6'7""",27,,,1999-03-28T08:00Z,Active,active,parquet_name_exact,parquet_age,True,False,False,False,False,name_exact,False,False,False,False,False,False,False,parquet_name_exact_match
Lindsay Allen,1628263,team_roster_history,1628263,,,Dallas Wings,DAL,,,G,Guard,Guard,5-8,68,"5'8""",32,,,,,,raw_pos_name_exact,player_bios_2025_id_exact,False,True,False,True,False,unmatched,False,False,False,False,False,False,False,raw_position_name_exact_match; age_filled_from_player_bios_2025_id_exact
Lou Lopez Sénéchal,1641661,team_roster_history,1641661,,,Dallas Wings,DAL,,,,,,,,,,,,,,,unmatched,unmatched,False,False,False,False,False,unmatched,False,False,False,True,True,True,False,missing_age_after_local_backfill; missing_height_after_local_backfill; missing_position_after_local_backfill
Maddy Siegrist,1641652,team_roster_history,1641652,,4399415,Dallas Wings,DAL,Dallas Wings,DALLAS,F,Forward,Forward,"6' 2""",74,"6'2""",25,,,2000-05-22T07:00Z,Active,active,parquet_name_exact,parquet_age,True,False,False,False,False,name_exact,False,False,False,False,False,False,False,parquet_name_exact_match
Odyssey Sims,203824,team_roster_history,203824,,2529047,Dallas Wings,DAL,Dallas Wings,DALLAS,G,Guard,Guard,"5' 8""",68,"5'8""",33,,,1992-07-13T07:00Z,Active,active,parquet_name_exact,parquet_age,True,False,False,False,False,name_exact,False,False,False,False,False,False,False,parquet_name_exact_match
Paige Bueckers,1642784,team_roster_history,1642784,,4433730,Dallas Wings,DAL,Dallas Wings,DALLAS,G,Guard,Guard,"6' 0""",72,"6'0""",24,,,2001-10-20T07:00Z,Active,active,parquet_name_exact,parquet_age,True,False,False,False,False,name_exact,False,False,False,False,False,False,False,parquet_name_exact_match
Rayah Marshall,1642796,team_roster_history,1642796,,,Dallas Wings,DAL,,,"C, F",Center-Forward,Center-Forward,6-4,76,"6'4""",23,,,,,,raw_pos_name_exact,player_bios_2025_id_exact,False,True,False,True,False,unmatched,False,False,False,False,False,False,False,raw_position_name_exact_match; age_filled_from_player_bios_2025_id_exact
Ashlon Jackson,player:ashlon_jackson__golden_state_valkyries,synthetic_name,,,5106232,Golden State Valkyries,GSV,Connecticut Sun,CONNECTICU,G,Guard,Guard,"6' 0""",72,"6'0""",22,,,2004-01-06T08:00Z,Active,active,parquet_name_exact,parquet_age,True,False,False,False,False,name_exact,True,True,True,False,False,False,False,synthetic_framework_id; parquet_name_exact_match; parquet_team_differs_from_master_team
Caroline Ducharme,player:caroline_ducharme__golden_state_valkyries,synthetic_name,,,,Golden State Valkyries,GSV,,,G,Guard,Guard,,,,,,,,,,wbb_box_name_exact,unmatched,False,False,True,False,False,unmatched,False,True,False,True,True,False,False,synthetic_framework_id; wbb_box_name_exact_match; missing_age_after_local_backfill; missing_height_after_local_backfill
Cate Reese,player:cate_reese__golden_state_valkyries,synthetic_name,,,,Golden State Valkyries,GSV,,,,,,,,,,,,,,,unmatched,unmatched,False,False,False,False,False,unmatched,False,True,False,True,True,True,False,synthetic_framework_id; missing_age_after_local_backfill; missing_height_after_local_backfill; missing_position_after_local_backfill
Cecilia Zandalasini,1628508,team_roster_history,1628508,,4257500,Golden State Valkyries,GSV,Golden State Valkyries,GS,F,Forward,Forward,"6' 2""",74,"6'2""",30,,,1996-03-16T08:00Z,Active,active,parquet_name_exact,parquet_age,True,False,False,False,False,name_exact,False,False,False,False,False,False,False,parquet_name_exact_match
Gabby Williams,1628931,team_roster_history,1628931,,3142328,Golden State Valkyries,GSV,Golden State Valkyries,GS,F,Forward,Forward,"5' 11""",71,"5'11""",29,,,1996-09-09T07:00Z,Active,active,parquet_name_exact,parquet_age,True,False,False,False,False,name_exact,False,False,False,False,False,False,False,parquet_name_exact_match
Iliana Rupert,1630387,team_roster_history,1630387,,4790263,Golden State Valkyries,GSV,Golden State Valkyries,GS,C,Center,Center,"6' 4""",76,"6'4""",24,,,2001-07-12T07:00Z,Active,active,parquet_name_exact,parquet_age,True,False,False,False,False,name_exact,False,False,False,False,False,False,False,parquet_name_exact_match
Janelle Salaün,1642767,team_roster_history,1642767,,4790264,Golden State Valkyries,GSV,Golden State Valkyries,GS,F,Forward,Forward,"6' 2""",74,"6'2""",24,,,2001-09-05T07:00Z,Active,active,parquet_name_exact,parquet_age,True,False,False,False,False,name_exact,False,False,False,False,False,False,False,parquet_name_exact_match
Justė Jocytė,player:just_jocyt__golden_state_valkyries,synthetic_name,,,5277552,Golden State Valkyries,GSV,Golden State Valkyries,GS,G,Guard,Guard,"6' 0""",72,"6'0""",20,,,2005-11-19T08:00Z,Active,active,parquet_name_exact,parquet_age,True,False,False,False,False,name_exact,False,True,False,False,False,False,False,synthetic_framework_id; parquet_name_exact_match
Kaila Charles,1630097,team_roster_history,1630097,,4065780,Golden State Valkyries,GSV,Golden State Valkyries,GS,G,Guard,Guard,"6' 1""",73,"6'1""",28,,,1998-03-23T08:00Z,Active,active,parquet_name_exact,parquet_age,True,False,False,False,False,name_exact,False,False,False,False,False,False,False,parquet_name_exact_match
Kaitlyn Chen,1642822,team_roster_history,1642822,,4899328,Golden State Valkyries,GSV,Golden State Valkyries,GS,G,Guard,Guard,"5' 9""",69,"5'9""",24,,,2002-02-22T08:00Z,Active,active,parquet_name_exact,parquet_age,True,False,False,False,False,name_exact,False,False,False,False,False,False,False,parquet_name_exact_match
Kate Martin,1642324,team_roster_history,1642324,,4398907,Golden State Valkyries,GSV,Los Angeles Sparks,LA,G,Guard,Guard,"6' 0""",72,"6'0""",25,,,2000-06-05T07:00Z,Active,active,parquet_name_exact,parquet_age,True,False,False,False,False,name_exact,True,False,True,False,False,False,False,parquet_name_exact_match; parquet_team_differs_from_master_team
Kayla Thornton,203866,team_roster_history,203866,,2529622,Golden State Valkyries,GSV,Golden State Valkyries,GS,F,Forward,Forward,"6' 1""",73,"6'1""",33,,,1992-10-20T07:00Z,Active,active,parquet_name_exact,parquet_age,True,False,False,False,False,name_exact,False,False,False,False,False,False,False,parquet_name_exact_match
Kiah Stokes,204329,team_roster_history,204329,,2590093,Golden State Valkyries,GSV,Golden State Valkyries,GS,C,Center,Center,"6' 3""",75,"6'3""",33,,,1993-03-30T08:00Z,Active,active,parquet_name_exact,parquet_age,True,False,False,False,False,name_exact,False,False,False,False,False,False,False,parquet_name_exact_match
Laeticia Amihere,1641656,team_roster_history,1641656,,4432834,Golden State Valkyries,GSV,Golden State Valkyries,GS,F,Forward,Forward,"6' 3""",75,"6'3""",24,,,2001-07-10T07:00Z,Active,active,parquet_name_exact,parquet_age,True,False,False,False,False,name_exact,False,False,False,False,False,False,False,parquet_name_exact_match
Mariella Fasoula,player:mariella_fasoula__golden_state_valkyries,synthetic_name,,,3904479,Golden State Valkyries,GSV,Toronto Tempo,TOR,C,Center,Center,"6' 5""",77,"6'5""",28,,,1997-09-02T07:00Z,Active,active,parquet_name_exact,parquet_age,True,False,False,False,False,name_exact,True,True,True,False,False,False,False,synthetic_framework_id; parquet_name_exact_match; parquet_team_differs_from_master_team
Marta Suárez,player:marta_su_rez__golden_state_valkyries,synthetic_name,,,4704594,Golden State Valkyries,GSV,Phoenix Mercury,PHX,F,Forward,Forward,"6' 3""",75,"6'3""",24,,,2002-05-07T07:00Z,Active,active,parquet_name_exact,parquet_age,True,False,False,False,False,name_exact,True,True,True,False,False,False,False,synthetic_framework_id; parquet_name_exact_match; parquet_team_differs_from_master_team
Miela Sowah,player:miela_sowah__golden_state_valkyries,synthetic_name,,,4398577,Golden State Valkyries,GSV,Golden State Valkyries,GS,G,Guard,Guard,"5' 10""",70,"5'10""",25,,,2000-06-04T07:00Z,Active,active,parquet_name_exact,parquet_age,True,False,False,False,False,name_exact,False,True,False,False,False,False,False,synthetic_framework_id; parquet_name_exact_match
Ndjakalenga Mwenentanda,player:ndjakalenga_mwenentanda__golden_state_valkyries,synthetic_name,,,5106170,Golden State Valkyries,GSV,Golden State Valkyries,GS,G,Guard,Guard,"6' 2""",74,"6'2""",22,,,2003-11-24T08:00Z,Active,active,parquet_name_exact,parquet_age,True,False,False,False,False,name_exact,False,True,False,False,False,False,False,synthetic_framework_id; parquet_name_exact_match
Tiffany Hayes,203026,team_roster_history,203026,,1054,Golden State Valkyries,GSV,Golden State Valkyries,GS,G,Guard,Guard,"5' 10""",70,"5'10""",36,,,1989-09-20T07:00Z,Active,active,parquet_name_exact,parquet_age,True,False,False,False,False,name_exact,False,False,False,False,False,False,False,parquet_name_exact_match
Veronica Burton,1631007,team_roster_history,1631007,,4398935,Golden State Valkyries,GSV,Golden State Valkyries,GS,G,Guard,Guard,"5' 9""",69,"5'9""",25,,,2000-07-12T07:00Z,Active,active,parquet_name_exact,parquet_age,True,False,False,False,False,name_exact,False,False,False,False,False,False,False,parquet_name_exact_match
Aari McDonald,1630462,team_roster_history,1630462,,,Indiana Fever,IND,,,G,Guard,Guard,5-6,66,"5'6""",28,,,,,,raw_pos_name_exact,player_bios_2025_id_exact,False,True,False,True,False,unmatched,False,False,False,False,False,False,False,raw_position_name_exact_match; age_filled_from_player_bios_2025_id_exact
Aliyah Boston,1641648,team_roster_history,1641648,,4432831,Indiana Fever,IND,Indiana Fever,IND,C,Center,Center,"6' 5""",77,"6'5""",24,,,2001-12-11T08:00Z,Active,active,parquet_name_exact,parquet_age,True,False,False,False,False,name_exact,False,False,False,False,False,False,False,parquet_name_exact_match
Caitlin Clark,1642286,team_roster_history,1642286,,4433403,Indiana Fever,IND,Indiana Fever,IND,G,Guard,Guard,"6' 0""",72,"6'0""",24,,,2002-01-22T08:00Z,Active,active,parquet_name_exact,parquet_age,True,False,False,False,False,name_exact,False,False,False,False,False,False,False,parquet_name_exact_match
Damiris Dantas,203024,team_roster_history,203024,,2955898,Indiana Fever,IND,Indiana Fever,IND,C,Center,Center,"6' 4""",76,"6'4""",33,,,1992-11-17T08:00Z,Active,active,parquet_name_exact,parquet_age,True,False,False,False,False,name_exact,False,False,False,False,False,False,False,parquet_name_exact_match
Jessica Timmons,player:jessica_timmons__indiana_fever,synthetic_name,,,,Indiana Fever,IND,,,G,Guard,Guard,,,,,,,,,,wbb_box_name_exact,unmatched,False,False,True,False,False,unmatched,False,True,False,True,True,False,False,synthetic_framework_id; wbb_box_name_exact_match; missing_age_after_local_backfill; missing_height_after_local_backfill
Kayana Traylor,1641672,team_roster_history,1641672,,,Indiana Fever,IND,,,,,,,,,,,,,,,unmatched,unmatched,False,False,False,False,False,unmatched,False,False,False,True,True,True,False,missing_age_after_local_backfill; missing_height_after_local_backfill; missing_position_after_local_backfill
Kelsey Mitchell,1628909,team_roster_history,1628909,,3142191,Indiana Fever,IND,Indiana Fever,IND,G,Guard,Guard,"5' 8""",68,"5'8""",30,,,1995-11-12T08:00Z,Active,active,parquet_name_exact,parquet_age,True,False,False,False,False,name_exact,False,False,False,False,False,False,False,parquet_name_exact_match
Lexie Hull,1631086,team_roster_history,1631086,,4398829,Indiana Fever,IND,Indiana Fever,IND,G,Guard,Guard,"6' 2""",74,"6'2""",26,,,1999-09-13T07:00Z,Active,active,parquet_name_exact,parquet_age,True,False,False,False,False,name_exact,False,False,False,False,False,False,False,parquet_name_exact_match
Makayla Timpson,1642815,team_roster_history,1642815,,4433546,Indiana Fever,IND,Indiana Fever,IND,F,Forward,Forward,"6' 2""",74,"6'2""",23,,,2002-09-20T07:00Z,Active,active,parquet_name_exact,parquet_age,True,False,False,False,False,name_exact,False,False,False,False,False,False,False,parquet_name_exact_match
Megan McConnell,1642799,team_roster_history,1642799,,,Indiana Fever,IND,,,G,Guard,Guard,5-7,67,"5'7""",25,,,,,,raw_pos_name_exact,player_bios_2025_id_exact,False,True,False,True,False,unmatched,False,False,False,False,False,False,False,raw_position_name_exact_match; age_filled_from_player_bios_2025_id_exact
Monique Billings,1628881,team_roster_history,1628881,,3142255,Indiana Fever,IND,Indiana Fever,IND,F,Forward,Forward,"6' 4""",76,"6'4""",30,,,1996-05-02T07:00Z,Active,active,parquet_name_exact,parquet_age,True,False,False,False,False,name_exact,False,False,False,False,False,False,False,parquet_name_exact_match
Myisha Hines-Allen,1628899,team_roster_history,1628899,,3142055,Indiana Fever,IND,Indiana Fever,IND,F,Forward,Forward,"6' 2""",74,"6'2""",29,,,1996-05-30T07:00Z,Active,active,parquet_name_exact,parquet_age,True,False,False,False,False,name_exact,False,False,False,False,False,False,False,parquet_name_exact_match
Raven Johnson,player:raven_johnson__indiana_fever,synthetic_name,,,4433797,Indiana Fever,IND,Indiana Fever,IND,G,Guard,Guard,"5' 8""",68,"5'8""",23,,,2003-03-04T08:00Z,Active,active,parquet_name_exact,parquet_age,True,False,False,False,False,name_exact,False,True,False,False,False,False,False,synthetic_framework_id; parquet_name_exact_match
Shatori Walker-Kimbrough,1628278,team_roster_history,1628278,,3058893,Indiana Fever,IND,Indiana Fever,IND,G,Guard,Guard,"5' 9""",69,"5'9""",30,,,1995-05-18T07:00Z,Active,active,parquet_name_exact,parquet_age,True,False,False,False,False,name_exact,False,False,False,False,False,False,False,parquet_name_exact_match
Sophie Cunningham,1629482,team_roster_history,1629482,,3907781,Indiana Fever,IND,Indiana Fever,IND,G,Guard,Guard,"6' 1""",73,"6'1""",29,,,1996-08-16T07:00Z,Active,active,parquet_name_exact,parquet_age,True,False,False,False,False,name_exact,False,False,False,False,False,False,False,parquet_name_exact_match
Sydney Colson,202641,team_roster_history,202641,,,Indiana Fever,IND,,,G,Guard,Guard,5-8,68,"5'8""",37,,,,,,raw_pos_name_exact,player_bios_2025_id_exact,False,True,False,True,False,unmatched,False,False,False,False,False,False,False,raw_position_name_exact_match; age_filled_from_player_bios_2025_id_exact
Tyasha Harris,1630112,team_roster_history,1630112,,4065760,Indiana Fever,IND,Indiana Fever,IND,G,Guard,Guard,"5' 10""",70,"5'10""",28,,,1998-05-01T07:00Z,Active,active,parquet_name_exact,parquet_age,True,False,False,False,False,name_exact,False,False,False,False,False,False,False,parquet_name_exact_match
A'ja Wilson,1628932,team_roster_history,1628932,,3149391,Las Vegas Aces,LVA,Las Vegas Aces,LV,C,Center,Center,"6' 4""",76,"6'4""",29,,,1996-08-08T07:00Z,Active,active,parquet_name_exact,parquet_age,True,False,False,False,False,name_exact,False,False,False,False,False,False,False,parquet_name_exact_match
Brianna Turner,1629488,team_roster_history,1629488,,3142086,Las Vegas Aces,LVA,Las Vegas Aces,LV,F,Forward,Forward,"6' 3""",75,"6'3""",29,,,1996-07-05T07:00Z,Active,active,parquet_name_exact,parquet_age,True,False,False,False,False,name_exact,False,False,False,False,False,False,False,parquet_name_exact_match
Chelsea Gray,203833,team_roster_history,203833,,2529122,Las Vegas Aces,LVA,Las Vegas Aces,LV,G,Guard,Guard,"5' 11""",71,"5'11""",33,,,1992-10-08T07:00Z,Active,active,parquet_name_exact,parquet_age,True,False,False,False,False,name_exact,False,False,False,False,False,False,False,parquet_name_exact_match
Chennedy Carter,1630150,team_roster_history,1630150,,4280892,Las Vegas Aces,LVA,Las Vegas Aces,LV,G,Guard,Guard,"5' 9""",69,"5'9""",27,,,1998-11-14T08:00Z,Active,active,parquet_name_exact,parquet_age,True,False,False,False,False,name_exact,False,False,False,False,False,False,False,parquet_name_exact_match
Cheyenne Parker-Tyus,204323,team_roster_history,204323,,2529458,Las Vegas Aces,LVA,Las Vegas Aces,LV,F,Forward,Forward,"6' 4""",76,"6'4""",33,,,1992-08-22T07:00Z,Active,active,parquet_name_exact,parquet_age,True,False,False,False,False,name_exact,False,False,False,False,False,False,True,parquet_name_exact_match; historical_name_alias_for_player_id
Dana Evans,1630389,team_roster_history,1630389,,4281190,Las Vegas Aces,LVA,Las Vegas Aces,LV,G,Guard,Guard,"5' 6""",66,"5'6""",27,,,1998-08-01T07:00Z,Active,active,parquet_name_exact,parquet_age,True,False,False,False,False,name_exact,False,False,False,False,False,False,False,parquet_name_exact_match
Jackie Young,1629498,team_roster_history,1629498,,4065870,Las Vegas Aces,LVA,Las Vegas Aces,LV,G,Guard,Guard,"6' 0""",72,"6'0""",28,,,1997-09-16T07:00Z,Active,active,parquet_name_exact,parquet_age,True,False,False,False,False,name_exact,False,False,False,False,False,False,False,parquet_name_exact_match
Janiah Barker,player:janiah_barker__las_vegas_aces,synthetic_name,,,4565501,Las Vegas Aces,LVA,Las Vegas Aces,LV,F,Forward,Forward,"6' 4""",76,"6'4""",22,,,2003-11-08T08:00Z,Active,active,parquet_name_exact,parquet_age,True,False,False,False,False,name_exact,False,True,False,False,False,False,False,synthetic_framework_id; parquet_name_exact_match
Jewell Loyd,204319,team_roster_history,204319,,2987869,Las Vegas Aces,LVA,Las Vegas Aces,LV,G,Guard,Guard,"5' 11""",71,"5'11""",32,,,1993-10-05T07:00Z,Active,active,parquet_name_exact,parquet_age,True,False,False,False,False,name_exact,False,False,False,False,False,False,False,parquet_name_exact_match
Jordan Obi,player:jordan_obi__las_vegas_aces,synthetic_name,,,,Las Vegas Aces,LVA,,,G,Guard,Guard,,,,,,,,,,wbb_box_name_exact,unmatched,False,False,True,False,False,unmatched,False,True,False,True,True,False,False,synthetic_framework_id; wbb_box_name_exact_match; missing_age_after_local_backfill; missing_height_after_local_backfill
Kierstan Bell,1631006,team_roster_history,1631006,,4433633,Las Vegas Aces,LVA,Las Vegas Aces,LV,F,Forward,Forward,"6' 1""",73,"6'1""",26,,,2000-03-16T08:00Z,Active,active,parquet_name_exact,parquet_age,True,False,False,False,False,name_exact,False,False,False,False,False,False,False,parquet_name_exact_match
NaLyssa Smith,1631019,team_roster_history,1631019,,4398776,Las Vegas Aces,LVA,Las Vegas Aces,LV,F,Forward,Forward,"6' 4""",76,"6'4""",25,,,2000-08-08T07:00Z,Active,active,parquet_name_exact,parquet_age,True,False,False,False,False,name_exact,False,False,False,False,False,False,False,parquet_name_exact_match
Stephanie Talbot,203855,team_roster_history,203855,,3099736,Las Vegas Aces,LVA,Las Vegas Aces,LV,F,Forward,Forward,"6' 2""",74,"6'2""",31,,,1994-06-15T07:00Z,Active,active,parquet_name_exact,parquet_age,True,False,False,False,False,name_exact,False,False,False,False,False,False,False,parquet_name_exact_match
Alissa Pili,1642293,team_roster_history,1642293,,,Los Angeles Sparks,LAS,,,F,Forward,Forward,5-11,71,"5'11""",25,,,,,,raw_pos_name_exact,player_bios_2025_id_exact,False,True,False,True,False,unmatched,False,False,False,False,False,False,False,raw_position_name_exact_match; age_filled_from_player_bios_2025_id_exact
Ariel Atkins,1628878,team_roster_history,1628878,,3146151,Los Angeles Sparks,LAS,Los Angeles Sparks,LA,G,Guard,Guard,"5' 10""",70,"5'10""",29,,,1996-07-30T07:00Z,Active,active,parquet_name_exact,parquet_age,True,False,False,False,False,name_exact,False,False,False,False,False,False,False,parquet_name_exact_match
Cameron Brink,1642287,team_roster_history,1642287,,4433404,Los Angeles Sparks,LAS,Los Angeles Sparks,LA,F,Forward,Forward,"6' 4""",76,"6'4""",24,,,2001-12-31T08:00Z,Active,active,parquet_name_exact,parquet_age,True,False,False,False,False,name_exact,False,False,False,False,False,False,False,parquet_name_exact_match
Chance Gray,player:chance_gray__los_angeles_sparks,synthetic_name,,,5105729,Los Angeles Sparks,LAS,Los Angeles Sparks,LA,G,Guard,Guard,"5' 9""",69,"5'9""",21,,,2004-07-06T07:00Z,Active,active,parquet_name_exact,parquet_age,True,False,False,False,False,name_exact,False,True,False,False,False,False,False,synthetic_framework_id; parquet_name_exact_match
Dearica Hamby,204324,team_roster_history,204324,,2566106,Los Angeles Sparks,LAS,Los Angeles Sparks,LA,F,Forward,Forward,"6' 3""",75,"6'3""",32,,,1993-11-06T08:00Z,Active,active,parquet_name_exact,parquet_age,True,False,False,False,False,name_exact,False,False,False,False,False,False,False,parquet_name_exact_match
Emma Cannon,1628242,team_roster_history,1628242,,2284331,Los Angeles Sparks,LAS,Los Angeles Sparks,LA,F,Forward,Forward,"6' 2""",74,"6'2""",36,,,1989-06-01T07:00Z,Active,active,parquet_name_exact,parquet_age,True,False,False,False,False,name_exact,False,False,False,False,False,False,False,parquet_name_exact_match
Erica Wheeler,204365,team_roster_history,204365,,2491214,Los Angeles Sparks,LAS,Los Angeles Sparks,LA,G,Guard,Guard,"5' 7""",67,"5'7""",35,,,1991-05-02T07:00Z,Active,active,parquet_name_exact,parquet_age,True,False,False,False,False,name_exact,False,False,False,False,False,False,False,parquet_name_exact_match
Jihyun Park,player:jihyun_park__los_angeles_sparks,synthetic_name,,,4874375,Los Angeles Sparks,LAS,Los Angeles Sparks,LA,F,Forward,Forward,"6' 1""",73,"6'1""",26,,,2000-04-07T07:00Z,Active,active,parquet_name_exact,parquet_age,True,False,False,False,False,name_exact,False,True,False,False,False,False,False,synthetic_framework_id; parquet_name_exact_match
Julie Vanloo,1642210,team_roster_history,1642210,,2566110,Los Angeles Sparks,LAS,New York Liberty,NY,G,Guard,Guard,"5' 8""",68,"5'8""",33,,,1993-02-10T08:00Z,Active,active,parquet_name_exact,parquet_age,True,False,False,False,False,name_exact,True,False,True,False,False,False,False,parquet_name_exact_match; parquet_team_differs_from_master_team
Kelsey Plum,1628276,team_roster_history,1628276,,3065570,Los Angeles Sparks,LAS,Los Angeles Sparks,LA,G,Guard,Guard,"5' 8""",68,"5'8""",31,,,1994-08-24T07:00Z,Active,active,parquet_name_exact,parquet_age,True,False,False,False,False,name_exact,False,False,False,False,False,False,False,parquet_name_exact_match
Nneka Ogwumike,203014,team_roster_history,203014,,1068,Los Angeles Sparks,LAS,Los Angeles Sparks,LA,F,Forward,Forward,"6' 2""",74,"6'2""",35,,,1990-07-02T07:00Z,Active,active,parquet_name_exact,parquet_age,True,False,False,False,False,name_exact,False,False,False,False,False,False,False,parquet_name_exact_match
Rae Burrell,1630996,team_roster_history,1630996,,4398764,Los Angeles Sparks,LAS,Los Angeles Sparks,LA,G,Guard,Guard,"6' 2""",74,"6'2""",25,,,2000-06-21T07:00Z,Active,active,parquet_name_exact,parquet_age,True,False,False,False,False,name_exact,False,False,False,False,False,False,False,parquet_name_exact_match
Sania Feagin,1642790,team_roster_history,1642790,,4433795,Los Angeles Sparks,LAS,Los Angeles Sparks,LA,F,Forward,Forward,"6' 3""",75,"6'3""",23,,,2003-03-15T08:00Z,Active,active,parquet_name_exact,parquet_age,True,False,False,False,False,name_exact,False,False,False,False,False,False,False,parquet_name_exact_match
Sevgi Uzun,1642244,team_roster_history,1642244,,,Los Angeles Sparks,LAS,,,G,Guard,Guard,5-10,70,"5'10""",29,,,,,,raw_pos_name_exact,player_bios_2025_id_exact,False,True,False,True,False,unmatched,False,False,False,False,False,False,False,raw_position_name_exact_match; age_filled_from_player_bios_2025_id_exact
Ta'Niya Latson,player:ta_niya_latson__los_angeles_sparks,synthetic_name,,,4609797,Los Angeles Sparks,LAS,Los Angeles Sparks,LA,G,Guard,Guard,"5' 8""",68,"5'8""",22,,,2003-10-20T07:00Z,Active,active,parquet_name_exact,parquet_age,True,False,False,False,False,name_exact,False,True,False,False,False,False,False,synthetic_framework_id; parquet_name_exact_match
Amaya Battle,player:amaya_battle__minnesota_lynx,synthetic_name,,,,Minnesota Lynx,MIN,,,G,Guard,Guard,,,,,,,,,,wbb_box_name_exact,unmatched,False,False,True,False,False,unmatched,False,True,False,True,True,False,False,synthetic_framework_id; wbb_box_name_exact_match; missing_age_after_local_backfill; missing_height_after_local_backfill
Anastasiia Olairi Kosu,1642797,team_roster_history,1642797,,5278237,Minnesota Lynx,MIN,Minnesota Lynx,MIN,F,Forward,Forward,"6' 1""",73,"6'1""",21,,,2005-04-21T07:00Z,Active,active,parquet_name_exact,parquet_age,True,False,False,False,False,name_exact,False,False,False,False,False,False,False,parquet_name_exact_match
Antonia Delaere,player:antonia_delaere__minnesota_lynx,synthetic_name,,,4873358,Minnesota Lynx,MIN,Minnesota Lynx,MIN,F,Forward,Forward,"5' 11""",71,"5'11""",31,,,1994-08-01T07:00Z,Active,active,parquet_name_exact,parquet_age,True,False,False,False,False,name_exact,False,True,False,False,False,False,False,synthetic_framework_id; parquet_name_exact_match
Aubrey Griffin,player:aubrey_griffin__minnesota_lynx,synthetic_name,,,4432844,Minnesota Lynx,MIN,New York Liberty,NY,F,Forward,Forward,"6' 1""",73,"6'1""",24,,,2001-11-06T08:00Z,Active,active,parquet_name_exact,parquet_age,True,False,False,False,False,name_exact,True,True,True,False,False,False,False,synthetic_framework_id; parquet_name_exact_match; parquet_team_differs_from_master_team
Courtney Williams,1627675,team_roster_history,1627675,,2987891,Minnesota Lynx,MIN,Minnesota Lynx,MIN,G,Guard,Guard,"5' 8""",68,"5'8""",32,,,1994-05-11T07:00Z,Active,active,parquet_name_exact,parquet_age,True,False,False,False,False,name_exact,False,False,False,False,False,False,False,parquet_name_exact_match
Dorka Juhasz,player:dorka_juhasz__minnesota_lynx,synthetic_name,,,4398938,Minnesota Lynx,MIN,Minnesota Lynx,MIN,F,Forward,Forward,"6' 5""",77,"6'5""",26,,,1999-12-18T08:00Z,Active,active,parquet_name_exact,parquet_age,True,False,False,False,False,name_exact,False,True,False,False,False,False,False,synthetic_framework_id; parquet_name_exact_match
Eliska Hamzova,player:eliska_hamzova__minnesota_lynx,synthetic_name,,,5345478,Minnesota Lynx,MIN,Minnesota Lynx,MIN,G,Guard,Guard,"6' 0""",72,"6'0""",24,,,2001-10-01T07:00Z,Active,active,parquet_name_exact,parquet_age,True,False,False,False,False,name_exact,False,True,False,False,False,False,False,synthetic_framework_id; parquet_name_exact_match
Emma Cechova,player:emma_cechova__minnesota_lynx,synthetic_name,,,5345322,Minnesota Lynx,MIN,Minnesota Lynx,MIN,F,Forward,Forward,"6' 4""",76,"6'4""",21,,,2004-07-12T07:00Z,Active,active,parquet_name_exact,parquet_age,True,False,False,False,False,name_exact,False,True,False,False,False,False,False,synthetic_framework_id; parquet_name_exact_match
Jade Masogayo,player:jade_masogayo__minnesota_lynx,synthetic_name,,,,Minnesota Lynx,MIN,,,F,Forward,Forward,,,,,,,,,,wbb_box_name_exact,unmatched,False,False,True,False,False,unmatched,False,True,False,True,True,False,False,synthetic_framework_id; wbb_box_name_exact_match; missing_age_after_local_backfill; missing_height_after_local_backfill
Jaylyn Sherrod,1642320,team_roster_history,1642320,,,Minnesota Lynx,MIN,,,G,Guard,Guard,5-7,67,"5'7""",25,,,,,,raw_pos_name_exact,player_bios_2025_id_exact,False,True,False,True,False,unmatched,False,False,False,False,False,False,False,raw_position_name_exact_match; age_filled_from_player_bios_2025_id_exact
Kayla McBride,203825,team_roster_history,203825,,2529205,Minnesota Lynx,MIN,Minnesota Lynx,MIN,G,Guard,Guard,"5' 11""",71,"5'11""",33,,,1992-06-25T07:00Z,Active,active,parquet_name_exact,parquet_age,True,False,False,False,False,name_exact,False,False,False,False,False,False,False,parquet_name_exact_match
Lani White,player:lani_white__minnesota_lynx,synthetic_name,,,,Minnesota Lynx,MIN,,,G,Guard,Guard,,,,,,,,,,wbb_box_name_exact,unmatched,False,False,True,False,False,unmatched,False,True,False,True,True,False,False,synthetic_framework_id; wbb_box_name_exact_match; missing_age_after_local_backfill; missing_height_after_local_backfill
Liatu King,1642820,team_roster_history,1642820,,4596309,Minnesota Lynx,MIN,Minnesota Lynx,MIN,F,Forward,Forward,"6' 0""",72,"6'0""",24,,,2002-02-10T08:00Z,Active,active,parquet_name_exact,parquet_age,True,False,False,False,False,name_exact,False,False,False,False,False,False,False,parquet_name_exact_match
Napheesa Collier,1629483,team_roster_history,1629483,,3917450,Minnesota Lynx,MIN,Minnesota Lynx,MIN,F,Forward,Forward,"6' 1""",73,"6'1""",29,,,1996-09-23T07:00Z,Active,active,parquet_name_exact,parquet_age,True,False,False,False,False,name_exact,False,False,False,False,False,False,False,parquet_name_exact_match
Natasha Howard,203827,team_roster_history,203827,,2529130,Minnesota Lynx,MIN,Minnesota Lynx,MIN,F,Forward,Forward,"6' 2""",74,"6'2""",34,,,1991-09-02T07:00Z,Active,active,parquet_name_exact,parquet_age,True,False,False,False,False,name_exact,False,False,False,False,False,False,False,parquet_name_exact_match
Nia Coffey,1628269,team_roster_history,1628269,,3054590,Minnesota Lynx,MIN,Minnesota Lynx,MIN,F,Forward,Forward,"6' 1""",73,"6'1""",30,,,1995-06-11T07:00Z,Active,active,parquet_name_exact,parquet_age,True,False,False,False,False,name_exact,False,False,False,False,False,False,False,parquet_name_exact_match
Olivia Miles,player:olivia_miles__minnesota_lynx,synthetic_name,,,4433791,Minnesota Lynx,MIN,Minnesota Lynx,MIN,G,Guard,Guard,"5' 10""",70,"5'10""",23,,,2003-01-29T08:00Z,Active,active,parquet_name_exact,parquet_age,True,False,False,False,False,name_exact,False,True,False,False,False,False,False,synthetic_framework_id; parquet_name_exact_match
Ra Shaya Kyle,player:ra_shaya_kyle__minnesota_lynx,synthetic_name,,,,Minnesota Lynx,MIN,,,C,Center,Center,,,,,,,,,,wbb_box_name_exact,unmatched,False,False,True,False,False,unmatched,False,True,False,True,True,False,False,synthetic_framework_id; wbb_box_name_exact_match; missing_age_after_local_backfill; missing_height_after_local_backfill
Reigan Richardson,player:reigan_richardson__minnesota_lynx,synthetic_name,,,,Minnesota Lynx,MIN,,,G,Guard,Guard,,,,,,,,,,wbb_box_name_exact,unmatched,False,False,True,False,False,unmatched,False,True,False,True,True,False,False,synthetic_framework_id; wbb_box_name_exact_match; missing_age_after_local_backfill; missing_height_after_local_backfill
Sakima Walker,player:sakima_walker__minnesota_lynx,synthetic_name,,,,Minnesota Lynx,MIN,,,C,Center,Center,,,,,,,,,,wbb_box_name_exact,unmatched,False,False,True,False,False,unmatched,False,True,False,True,True,False,False,synthetic_framework_id; wbb_box_name_exact_match; missing_age_after_local_backfill; missing_height_after_local_backfill
Saylor Poffenbarger,player:saylor_poffenbarger__minnesota_lynx,synthetic_name,,,,Minnesota Lynx,MIN,,,G,Guard,Guard,,,,,,,,,,wbb_box_name_exact,unmatched,False,False,True,False,False,unmatched,False,True,False,True,True,False,False,synthetic_framework_id; wbb_box_name_exact_match; missing_age_after_local_backfill; missing_height_after_local_backfill
Alex Fowler,player:alex_fowler__new_york_liberty,synthetic_name,,,,New York Liberty,NYL,,,,,,,,,,,,,,,unmatched,unmatched,False,False,False,False,False,unmatched,False,True,False,True,True,True,False,synthetic_framework_id; missing_age_after_local_backfill; missing_height_after_local_backfill; missing_position_after_local_backfill
Anneli Maley,player:anneli_maley__new_york_liberty,synthetic_name,,,4281930,New York Liberty,NYL,Phoenix Mercury,PHX,F,Forward,Forward,"6' 1""",73,"6'1""",27,,,1998-09-01T07:00Z,Active,active,parquet_name_exact,parquet_age,True,False,False,False,False,name_exact,True,True,True,False,False,False,False,synthetic_framework_id; parquet_name_exact_match; parquet_team_differs_from_master_team
Ashley Owusu,player:ashley_owusu__new_york_liberty,synthetic_name,,,,New York Liberty,NYL,,,,,,,,,,,,,,,unmatched,unmatched,False,False,False,False,False,unmatched,False,True,False,True,True,True,False,synthetic_framework_id; missing_age_after_local_backfill; missing_height_after_local_backfill; missing_position_after_local_backfill
Betnijah Laney-Hamilton,204335,team_roster_history,204335,,2593770,New York Liberty,NYL,New York Liberty,NY,G,Guard,Guard,"6' 0""",72,"6'0""",32,,,1993-10-29T07:00Z,Active,active,parquet_name_exact,parquet_age,True,False,False,False,False,name_exact,False,False,False,False,False,False,True,parquet_name_exact_match; historical_name_alias_for_player_id
Breanna Stewart,1627668,team_roster_history,1627668,,2998928,New York Liberty,NYL,New York Liberty,NY,F,Forward,Forward,"6' 4""",76,"6'4""",31,,,1994-08-27T07:00Z,Active,active,parquet_name_exact,parquet_age,True,False,False,False,False,name_exact,False,False,False,False,False,False,False,parquet_name_exact_match
Derin Erdogan,player:derin_erdogan__new_york_liberty,synthetic_name,,,,New York Liberty,NYL,,,,,,,,,,,,,,,unmatched,unmatched,False,False,False,False,False,unmatched,False,True,False,True,True,True,False,synthetic_framework_id; missing_age_after_local_backfill; missing_height_after_local_backfill; missing_position_after_local_backfill
DiDi Richards,1630459,team_roster_history,1630459,,,New York Liberty,NYL,,,,,,,,,,,,,,,unmatched,unmatched,False,False,False,False,False,unmatched,False,False,False,True,True,True,False,missing_age_after_local_backfill; missing_height_after_local_backfill; missing_position_after_local_backfill
Emma Meesseman,203416,team_roster_history,203416,,,New York Liberty,NYL,,,F,Forward,Forward,6-4,76,"6'4""",33,,,,,,raw_pos_name_exact,player_bios_2025_id_exact,False,True,False,True,False,unmatched,False,False,False,False,False,False,False,raw_position_name_exact_match; age_filled_from_player_bios_2025_id_exact
Han Xu,1629566,team_roster_history,1629566,,4337216,New York Liberty,NYL,New York Liberty,NY,C,Center,Center,"6' 11""",83,"6'11""",26,,,1999-10-31T07:00Z,Active,active,parquet_name_exact,parquet_age,True,False,False,False,False,name_exact,False,False,False,False,False,False,False,parquet_name_exact_match
Jonquel Jones,1627673,team_roster_history,1627673,,2999101,New York Liberty,NYL,New York Liberty,NY,C,Center,Center,"6' 6""",78,"6'6""",32,,,1994-01-05T08:00Z,Active,active,parquet_name_exact,parquet_age,True,False,False,False,False,name_exact,False,False,False,False,False,False,False,parquet_name_exact_match
Leonie Fiebich,1630142,team_roster_history,1630142,,4683006,New York Liberty,NYL,New York Liberty,NY,F,Forward,Forward,"6' 4""",76,"6'4""",26,,,2000-01-10T08:00Z,Active,active,parquet_name_exact,parquet_age,True,False,False,False,False,name_exact,False,False,False,False,False,False,False,parquet_name_exact_match
Marine Johannès,1629546,team_roster_history,1629546,,4038379,New York Liberty,NYL,New York Liberty,NY,G,Guard,Guard,"5' 10""",70,"5'10""",31,,,1995-01-21T08:00Z,Active,active,parquet_name_exact,parquet_age,True,False,False,False,False,name_exact,False,False,False,False,False,False,False,parquet_name_exact_match
Natasha Cloud,204333,team_roster_history,204333,,2529137,New York Liberty,NYL,Chicago Sky,CHI,G,Guard,Guard,"5' 10""",70,"5'10""",34,,,1992-02-22T08:00Z,Active,active,parquet_name_exact,parquet_age,True,False,False,False,False,name_exact,True,False,True,False,False,False,False,parquet_name_exact_match; parquet_team_differs_from_master_team
Ny'Ceara Pryor,player:ny_ceara_pryor__new_york_liberty,synthetic_name,,,,New York Liberty,NYL,,,G,Guard,Guard,,,,,,,,,,wbb_box_name_exact,unmatched,False,False,True,False,False,unmatched,False,True,False,True,True,False,False,synthetic_framework_id; wbb_box_name_exact_match; missing_age_after_local_backfill; missing_height_after_local_backfill
Pauline Astier,player:pauline_astier__new_york_liberty,synthetic_name,,,5345320,New York Liberty,NYL,New York Liberty,NY,G,Guard,Guard,"5' 11""",71,"5'11""",24,,,2002-02-15T08:00Z,Active,active,parquet_name_exact,parquet_age,True,False,False,False,False,name_exact,False,True,False,False,False,False,False,synthetic_framework_id; parquet_name_exact_match
Raquel Carrera,player:raquel_carrera__new_york_liberty,synthetic_name,,,4790258,New York Liberty,NYL,New York Liberty,NY,F,Forward,Forward,"6' 3""",75,"6'3""",24,,,2001-10-31T08:00Z,Active,active,parquet_name_exact,parquet_age,True,False,False,False,False,name_exact,False,True,False,False,False,False,False,synthetic_framework_id; parquet_name_exact_match
Rebecca Allen,204296,team_roster_history,204296,,3102133,New York Liberty,NYL,New York Liberty,NY,G,Guard,Guard,"6' 2""",74,"6'2""",33,,,1992-11-06T08:00Z,Active,active,parquet_name_exact,parquet_age,True,False,False,False,False,name_exact,False,False,False,False,False,False,False,parquet_name_exact_match
Rebekah Gardner,203822,team_roster_history,203822,,2327695,New York Liberty,NYL,New York Liberty,NY,G,Guard,Guard,"6' 1""",73,"6'1""",35,,,1990-07-09T07:00Z,Active,active,parquet_name_exact,parquet_age,True,False,False,False,False,name_exact,False,False,False,False,False,False,False,parquet_name_exact_match
Sabrina Ionescu,1629477,team_roster_history,1629477,,4066533,New York Liberty,NYL,New York Liberty,NY,G,Guard,Guard,"5' 11""",71,"5'11""",28,,,1997-12-06T08:00Z,Active,active,parquet_name_exact,parquet_age,True,False,False,False,False,name_exact,False,False,False,False,False,False,False,parquet_name_exact_match
Satou Sabally,1630149,team_roster_history,1630149,,4281929,New York Liberty,NYL,New York Liberty,NY,F,Forward,Forward,"6' 4""",76,"6'4""",28,,,1998-04-25T07:00Z,Active,active,parquet_name_exact,parquet_age,True,False,False,False,False,name_exact,False,False,False,False,False,False,False,parquet_name_exact_match
Seehia Ridard,player:seehia_ridard__new_york_liberty,synthetic_name,,,,New York Liberty,NYL,,,,,,,,,,,,,,,unmatched,unmatched,False,False,False,False,False,unmatched,False,True,False,True,True,True,False,synthetic_framework_id; missing_age_after_local_backfill; missing_height_after_local_backfill; missing_position_after_local_backfill
Ugonne Onyiah,player:ugonne_onyiah__new_york_liberty,synthetic_name,,,,New York Liberty,NYL,,,F,Forward,Forward,,,,,,,,,,wbb_box_name_exact,unmatched,False,False,True,False,False,unmatched,False,True,False,True,True,False,False,synthetic_framework_id; wbb_box_name_exact_match; missing_age_after_local_backfill; missing_height_after_local_backfill
Alyssa Thomas,203826,team_roster_history,203826,,2529140,Phoenix Mercury,PHX,Phoenix Mercury,PHX,F,Forward,Forward,"6' 2""",74,"6'2""",34,,,1992-04-12T07:00Z,Active,active,parquet_name_exact,parquet_age,True,False,False,False,False,name_exact,False,False,False,False,False,False,False,parquet_name_exact_match
Ashten Prechtel,player:ashten_prechtel__phoenix_mercury,synthetic_name,,,4433634,Phoenix Mercury,PHX,Golden State Valkyries,GS,F,Forward,Forward,"6' 5""",77,"6'5""",24,,,2001-05-11T07:00Z,Active,active,parquet_name_exact,parquet_age,True,False,False,False,False,name_exact,True,True,True,False,False,False,False,synthetic_framework_id; parquet_name_exact_match; parquet_team_differs_from_master_team
DeWanna Bonner,201886,team_roster_history,201886,,869,Phoenix Mercury,PHX,Phoenix Mercury,PHX,F,Forward,Forward,"6' 4""",76,"6'4""",38,,,1987-08-21T07:00Z,Active,active,parquet_name_exact,parquet_age,True,False,False,False,False,name_exact,False,False,False,False,False,False,False,parquet_name_exact_match
Helena Pueyo,player:helena_pueyo__phoenix_mercury,synthetic_name,,,,Phoenix Mercury,PHX,,,,,,,,,,,,,,,unmatched,unmatched,False,False,False,False,False,unmatched,False,True,False,True,True,True,False,synthetic_framework_id; missing_age_after_local_backfill; missing_height_after_local_backfill; missing_position_after_local_backfill
Jillian Alleyne,player:jillian_alleyne__phoenix_mercury,synthetic_name,,,,Phoenix Mercury,PHX,,,,,,,,,,,,,,,unmatched,unmatched,False,False,False,False,False,unmatched,False,True,False,True,True,True,False,synthetic_framework_id; missing_age_after_local_backfill; missing_height_after_local_backfill; missing_position_after_local_backfill
Jovana Nogic,player:jovana_nogic__phoenix_mercury,synthetic_name,,,3906769,Phoenix Mercury,PHX,Phoenix Mercury,PHX,G,Guard,Guard,"6' 1""",73,"6'1""",28,,,1997-12-17T08:00Z,Active,active,parquet_name_exact,parquet_age,True,False,False,False,False,name_exact,False,True,False,False,False,False,False,synthetic_framework_id; parquet_name_exact_match
Julia Ayrault,player:julia_ayrault__phoenix_mercury,synthetic_name,,,,Phoenix Mercury,PHX,,,G,Guard,Guard,,,,,,,,,,wbb_box_name_exact,unmatched,False,False,True,False,False,unmatched,False,True,False,True,True,False,False,synthetic_framework_id; wbb_box_name_exact_match; missing_age_after_local_backfill; missing_height_after_local_backfill
Kahleah Copper,1627674,team_roster_history,1627674,,2998938,Phoenix Mercury,PHX,Phoenix Mercury,PHX,G,Guard,Guard,"6' 1""",73,"6'1""",31,,,1994-08-28T07:00Z,Active,active,parquet_name_exact,parquet_age,True,False,False,False,False,name_exact,False,False,False,False,False,False,False,parquet_name_exact_match
Kalani Brown,1629480,team_roster_history,1629480,,,Phoenix Mercury,PHX,,,C,Center,Center,6-7,79,"6'7""",30,,,,,,raw_pos_name_exact,player_bios_2025_id_exact,False,True,False,True,False,unmatched,False,False,False,False,False,False,False,raw_position_name_exact_match; age_filled_from_player_bios_2025_id_exact
Kara Dunn,player:kara_dunn__phoenix_mercury,synthetic_name,,,,Phoenix Mercury,PHX,,,G,Guard,Guard,,,,,,,,,,wbb_box_name_exact,unmatched,False,False,True,False,False,unmatched,False,True,False,True,True,False,False,synthetic_framework_id; wbb_box_name_exact_match; missing_age_after_local_backfill; missing_height_after_local_backfill
Kathryn Westbeld,1628957,team_roster_history,1628957,,,Phoenix Mercury,PHX,,,F,Forward,Forward,6-3,75,"6'3""",31,,,,,,raw_pos_name_exact,player_bios_2025_id_exact,False,True,False,True,False,unmatched,False,False,False,False,False,False,False,raw_position_name_exact_match; age_filled_from_player_bios_2025_id_exact
Kiana Williams,1630461,team_roster_history,1630461,,4282168,Phoenix Mercury,PHX,Phoenix Mercury,PHX,G,Guard,Guard,"5' 7""",67,"5'7""",27,,,1999-04-09T07:00Z,Active,active,parquet_name_exact,parquet_age,True,False,False,False,False,name_exact,False,False,False,False,False,False,False,parquet_name_exact_match
Klara Lundquist,player:klara_lundquist__phoenix_mercury,synthetic_name,,,,Phoenix Mercury,PHX,,,,,,,,,,,,,,,unmatched,unmatched,False,False,False,False,False,unmatched,False,True,False,True,True,True,False,synthetic_framework_id; missing_age_after_local_backfill; missing_height_after_local_backfill; missing_position_after_local_backfill
Kyara Linskens,1642768,team_roster_history,1642768,,4873359,Phoenix Mercury,PHX,Phoenix Mercury,PHX,C,Center,Center,"6' 4""",76,"6'4""",29,,,1996-11-13T08:00Z,Active,active,parquet_name_exact,parquet_age,True,False,False,False,False,name_exact,False,False,False,False,False,False,False,parquet_name_exact_match
Lauren Jensen,player:lauren_jensen__phoenix_mercury,synthetic_name,,,,Phoenix Mercury,PHX,,,G,Guard,Guard,,,,,,,,,,wbb_box_name_exact,unmatched,False,False,True,False,False,unmatched,False,True,False,True,True,False,False,synthetic_framework_id; wbb_box_name_exact_match; missing_age_after_local_backfill; missing_height_after_local_backfill
Lee Seul Kang,player:lee_seul_kang__phoenix_mercury,synthetic_name,,,,Phoenix Mercury,PHX,,,,,,,,,,,,,,,unmatched,unmatched,False,False,False,False,False,unmatched,False,True,False,True,True,True,False,synthetic_framework_id; missing_age_after_local_backfill; missing_height_after_local_backfill; missing_position_after_local_backfill
Monique Akoa Makani,1642777,team_roster_history,1642777,,5274110,Phoenix Mercury,PHX,Phoenix Mercury,PHX,G,Guard,Guard,"5' 11""",71,"5'11""",25,,,2001-02-04T08:00Z,Active,active,parquet_name_exact,parquet_age,True,False,False,False,False,name_exact,False,False,False,False,False,False,False,parquet_name_exact_match
Morgan Maly,player:morgan_maly__phoenix_mercury,synthetic_name,,,,Phoenix Mercury,PHX,,,G,Guard,Guard,,,,,,,,,,wbb_box_name_exact,unmatched,False,False,True,False,False,unmatched,False,True,False,True,True,False,False,synthetic_framework_id; wbb_box_name_exact_match; missing_age_after_local_backfill; missing_height_after_local_backfill
Natasha Mack,1630442,team_roster_history,1630442,,4068042,Phoenix Mercury,PHX,Phoenix Mercury,PHX,F,Forward,Forward,"6' 4""",76,"6'4""",28,,,1997-11-03T08:00Z,Active,active,parquet_name_exact,parquet_age,True,False,False,False,False,name_exact,False,False,False,False,False,False,False,parquet_name_exact_match
Noemie Brochant,player:noemie_brochant__phoenix_mercury,synthetic_name,,,5345524,Phoenix Mercury,PHX,Phoenix Mercury,PHX,F,Forward,Forward,"5' 11""",71,"5'11""",26,,,1999-10-25T07:00Z,Active,active,parquet_name_exact,parquet_age,True,False,False,False,False,name_exact,False,True,False,False,False,False,False,synthetic_framework_id; parquet_name_exact_match
Quionche Carter,player:quionche_carter__phoenix_mercury,synthetic_name,,,,Phoenix Mercury,PHX,,,,,,,,,,,,,,,unmatched,unmatched,False,False,False,False,False,unmatched,False,True,False,True,True,True,False,synthetic_framework_id; missing_age_after_local_backfill; missing_height_after_local_backfill; missing_position_after_local_backfill
Sami Whitcomb,1628244,team_roster_history,1628244,,887,Phoenix Mercury,PHX,Phoenix Mercury,PHX,G,Guard,Guard,"5' 10""",70,"5'10""",37,,,1988-07-20T07:00Z,Active,active,parquet_name_exact,parquet_age,True,False,False,False,False,name_exact,False,False,False,False,False,False,False,parquet_name_exact_match
Shay Ciezki,player:shay_ciezki__phoenix_mercury,synthetic_name,,,4688629,Phoenix Mercury,PHX,Phoenix Mercury,PHX,G,Guard,Guard,"5' 7""",67,"5'7""",22,,,2003-11-26T08:00Z,Active,active,parquet_name_exact,parquet_age,True,False,False,False,False,name_exact,False,True,False,False,False,False,False,synthetic_framework_id; parquet_name_exact_match
Valériane Ayayi,player:val_riane_ayayi__phoenix_mercury,synthetic_name,,,3919496,Phoenix Mercury,PHX,Phoenix Mercury,PHX,F,Forward,Forward,"6' 1""",73,"6'1""",32,,,1994-04-29T07:00Z,Active,active,parquet_name_exact,parquet_age,True,False,False,False,False,name_exact,False,True,False,False,False,False,False,synthetic_framework_id; parquet_name_exact_match
Bridget Carleton,1629524,team_roster_history,1629524,,3906972,Portland Fire,POR,Portland Fire,POR,F,Forward,Forward,"6' 2""",74,"6'2""",28,,,1997-05-22T07:00Z,Active,active,parquet_name_exact,parquet_age,True,False,False,False,False,name_exact,False,False,False,False,False,False,False,parquet_name_exact_match
Carla Leite,1642304,team_roster_history,1642304,,5208982,Portland Fire,POR,Portland Fire,POR,G,Guard,Guard,"5' 9""",69,"5'9""",22,,,2004-04-16T07:00Z,Active,active,parquet_name_exact,parquet_age,True,False,False,False,False,name_exact,False,False,False,False,False,False,False,parquet_name_exact_match
Chloe Bibby,1631064,team_roster_history,1631064,,,Portland Fire,POR,,,F,Forward,Forward,6-2,74,"6'2""",28,,,,,,raw_pos_name_exact,player_bios_2025_id_exact,False,True,False,True,False,unmatched,False,False,False,False,False,False,False,raw_position_name_exact_match; age_filled_from_player_bios_2025_id_exact
Emily Engstler,1631083,team_roster_history,1631083,,4398729,Portland Fire,POR,Portland Fire,POR,F,Forward,Forward,"6' 1""",73,"6'1""",26,,,2000-05-01T07:00Z,Active,active,parquet_name_exact,parquet_age,True,False,False,False,False,name_exact,False,False,False,False,False,False,False,parquet_name_exact_match
Haley Jones,1641650,team_roster_history,1641650,,4595910,Portland Fire,POR,Portland Fire,POR,G,Guard,Guard,"6' 1""",73,"6'1""",24,,,2001-05-23T07:00Z,Active,active,parquet_name_exact,parquet_age,True,False,False,False,False,name_exact,False,False,False,False,False,False,False,parquet_name_exact_match
Jordan Harrison,player:jordan_harrison__portland_fire,synthetic_name,,,,Portland Fire,POR,,,G,Guard,Guard,,,,,,,,,,wbb_box_name_exact,unmatched,False,False,True,False,False,unmatched,False,True,False,True,True,False,False,synthetic_framework_id; wbb_box_name_exact_match; missing_age_after_local_backfill; missing_height_after_local_backfill
Kamiah Smalls,1630154,team_roster_history,1630154,,4068346,Portland Fire,POR,Portland Fire,POR,F,Forward,Forward,"5' 10""",70,"5'10""",28,,,1998-04-17T07:00Z,Active,active,parquet_name_exact,parquet_age,True,False,False,False,False,name_exact,False,False,False,False,False,False,False,parquet_name_exact_match
Karlie Samuelson,1628317,team_roster_history,1628317,,3056730,Portland Fire,POR,Portland Fire,POR,G,Guard,Guard,"6' 0""",72,"6'0""",31,,,1995-05-10T07:00Z,Active,active,parquet_name_exact,parquet_age,True,False,False,False,False,name_exact,False,False,False,False,False,False,False,parquet_name_exact_match
Luisa Geiselsöder,1630143,team_roster_history,1630143,,4682797,Portland Fire,POR,Portland Fire,POR,C,Center,Center,"6' 4""",76,"6'4""",26,,,2000-02-10T08:00Z,Active,active,parquet_name_exact,parquet_age,True,False,False,False,False,name_exact,False,False,False,False,False,False,False,parquet_name_exact_match
Maya Caldwell,1630471,team_roster_history,1630471,,4280850,Portland Fire,POR,Minnesota Lynx,MIN,G,Guard,Guard,"5' 11""",71,"5'11""",27,,,1998-12-15T08:00Z,Active,active,parquet_name_exact,parquet_age,True,False,False,False,False,name_exact,True,False,True,False,False,False,False,parquet_name_exact_match; parquet_team_differs_from_master_team
Megan Gustafson,1629484,team_roster_history,1629484,,3934218,Portland Fire,POR,Portland Fire,POR,C,Center,Center,"6' 4""",76,"6'4""",29,,,1996-12-13T08:00Z,Active,active,parquet_name_exact,parquet_age,True,False,False,False,False,name_exact,False,False,False,False,False,False,False,parquet_name_exact_match
Nika Muhl,player:nika_muhl__portland_fire,synthetic_name,,,,Portland Fire,POR,,,,,,,,,,,,,,,unmatched,unmatched,False,False,False,False,False,unmatched,False,True,False,True,True,True,False,synthetic_framework_id; missing_age_after_local_backfill; missing_height_after_local_backfill; missing_position_after_local_backfill
Nyadiew Puoch,player:nyadiew_puoch__portland_fire,synthetic_name,,,5209202,Portland Fire,POR,Portland Fire,POR,F,Forward,Forward,"6' 3""",75,"6'3""",21,,,2004-06-23T07:00Z,Active,active,parquet_name_exact,parquet_age,True,False,False,False,False,name_exact,False,True,False,False,False,False,False,synthetic_framework_id; parquet_name_exact_match
Peyton Williams,player:peyton_williams__portland_fire,synthetic_name,,,,Portland Fire,POR,,,,,,,,,,,,,,,unmatched,unmatched,False,False,False,False,False,unmatched,False,True,False,True,True,True,False,synthetic_framework_id; missing_age_after_local_backfill; missing_height_after_local_backfill; missing_position_after_local_backfill
Sarah Ashlee Barker,1642782,team_roster_history,1642782,,4703794,Portland Fire,POR,Portland Fire,POR,G,Guard,Guard,"6' 0""",72,"6'0""",24,,,2001-09-10T07:00Z,Active,active,parquet_name_exact,parquet_age,True,False,False,False,False,name_exact,False,False,False,False,False,False,False,parquet_name_exact_match
Serah Williams,player:serah_williams__portland_fire,synthetic_name,,,5108550,Portland Fire,POR,Portland Fire,POR,C,Center,Center,"6' 4""",76,"6'4""",22,,,2004-01-17T08:00Z,Active,active,parquet_name_exact,parquet_age,True,False,False,False,False,name_exact,False,True,False,False,False,False,False,synthetic_framework_id; parquet_name_exact_match
Sug Sutton,1630134,team_roster_history,1630134,,4068159,Portland Fire,POR,Portland Fire,POR,G,Guard,Guard,"5' 8""",68,"5'8""",27,,,1998-12-17T08:00Z,Active,active,parquet_name_exact,parquet_age,True,False,False,False,False,name_exact,False,False,False,False,False,False,False,parquet_name_exact_match
Teja Oblak,player:teja_oblak__portland_fire,synthetic_name,,,5346554,Portland Fire,POR,Portland Fire,POR,G,Guard,Guard,"5' 8""",68,"5'8""",35,,,1990-12-20T08:00Z,Active,active,parquet_name_exact,parquet_age,True,False,False,False,False,name_exact,False,True,False,False,False,False,False,synthetic_framework_id; parquet_name_exact_match
Awa Fam,player:awa_fam__seattle_storm,synthetic_name,,,5345325,Seattle Storm,SEA,Seattle Storm,SEA,C,Center,Center,"6' 4""",76,"6'4""",19,,,2006-06-17T07:00Z,Active,active,parquet_name_exact,parquet_age,True,False,False,False,False,name_exact,False,True,False,False,False,False,False,synthetic_framework_id; parquet_name_exact_match
Beatrice Mompremier,player:beatrice_mompremier__seattle_storm,synthetic_name,,,,Seattle Storm,SEA,,,,,,,,,,,,,,,unmatched,unmatched,False,False,False,False,False,unmatched,False,True,False,True,True,True,False,synthetic_framework_id; missing_age_after_local_backfill; missing_height_after_local_backfill; missing_position_after_local_backfill
Dominique Malonga,1642798,team_roster_history,1642798,,5220150,Seattle Storm,SEA,Seattle Storm,SEA,C,Center,Center,"6' 6""",78,"6'6""",20,,,2005-11-16T08:00Z,Active,active,parquet_name_exact,parquet_age,True,False,False,False,False,name_exact,False,False,False,False,False,False,False,parquet_name_exact_match
Elle Ladine,player:elle_ladine__seattle_storm,synthetic_name,,,,Seattle Storm,SEA,,,G,Guard,Guard,,,,,,,,,,wbb_box_name_exact,unmatched,False,False,True,False,False,unmatched,False,True,False,True,True,False,False,synthetic_framework_id; wbb_box_name_exact_match; missing_age_after_local_backfill; missing_height_after_local_backfill
Ezi Magbegor,1629496,team_roster_history,1629496,,4420318,Seattle Storm,SEA,Seattle Storm,SEA,F,Forward,Forward,"6' 4""",76,"6'4""",26,,,1999-08-13T07:00Z,Active,active,parquet_name_exact,parquet_age,True,False,False,False,False,name_exact,False,False,False,False,False,False,False,parquet_name_exact_match
Flau'jae Johnson,player:flau_jae_johnson__seattle_storm,synthetic_name,,,4698736,Seattle Storm,SEA,Seattle Storm,SEA,G,Guard,Guard,"5' 10""",70,"5'10""",22,,,2003-11-03T08:00Z,Active,active,parquet_name_exact,parquet_age,True,False,False,False,False,name_exact,False,True,False,False,False,False,False,synthetic_framework_id; parquet_name_exact_match
Grace VanSlooten,player:grace_vanslooten__seattle_storm,synthetic_name,,,5105731,Seattle Storm,SEA,Seattle Storm,SEA,F,Forward,Forward,"6' 3""",75,"6'3""",21,,,2004-06-16T07:00Z,Active,active,parquet_name_exact,parquet_age,True,False,False,False,False,name_exact,False,True,False,False,False,False,False,synthetic_framework_id; parquet_name_exact_match
Jade Melbourne,1631141,team_roster_history,1631141,,5017726,Seattle Storm,SEA,Seattle Storm,SEA,G,Guard,Guard,"5' 10""",70,"5'10""",23,,,2002-08-18T07:00Z,Active,active,parquet_name_exact,parquet_age,True,False,False,False,False,name_exact,False,False,False,False,False,False,False,parquet_name_exact_match
Jaelyn Brown,1642240,team_roster_history,1642240,,,Seattle Storm,SEA,,,"G, F",Guard-Forward,Guard-Forward,6-1,73,"6'1""",28,,,,,,raw_pos_name_exact,player_bios_2025_id_exact,False,True,False,True,False,unmatched,False,False,False,False,False,False,False,raw_position_name_exact_match; age_filled_from_player_bios_2025_id_exact
Jalyn Brown,player:jalyn_brown__seattle_storm,synthetic_name,,,,Seattle Storm,SEA,,,G,Guard,Guard,,,,,,,,,,wbb_box_name_exact,unmatched,False,False,True,False,False,unmatched,False,True,False,True,True,False,False,synthetic_framework_id; wbb_box_name_exact_match; missing_age_after_local_backfill; missing_height_after_local_backfill
Jordan Horston,1641651,team_roster_history,1641651,,4432830,Seattle Storm,SEA,Seattle Storm,SEA,F,Forward,Forward,"6' 2""",74,"6'2""",24,,,2001-05-21T07:00Z,Active,active,parquet_name_exact,parquet_age,True,False,False,False,False,name_exact,False,False,False,False,False,False,False,parquet_name_exact_match
Katie Lou Samuelson,1629478,team_roster_history,1629478,,3917453,Seattle Storm,SEA,Seattle Storm,SEA,F,Forward,Forward,"6' 3""",75,"6'3""",28,,,1997-06-13T07:00Z,Active,active,parquet_name_exact,parquet_age,True,False,False,False,False,name_exact,False,False,False,False,False,False,False,parquet_name_exact_match
Lexie Brown,1628882,team_roster_history,1628882,,3058892,Seattle Storm,SEA,Seattle Storm,SEA,G,Guard,Guard,"5' 9""",69,"5'9""",31,,,1994-10-27T07:00Z,Active,active,parquet_name_exact,parquet_age,True,False,False,False,False,name_exact,False,False,False,False,False,False,False,parquet_name_exact_match
Mackenzie Holmes,1642307,team_roster_history,1642307,,4433643,Seattle Storm,SEA,Seattle Storm,SEA,F,Forward,Forward,"6' 3""",75,"6'3""",25,,,2000-11-01T08:00Z,Active,active,parquet_name_exact,parquet_age,True,False,False,False,False,name_exact,False,False,False,False,False,False,False,parquet_name_exact_match
Natisha Hiedeman,1629567,team_roster_history,1629567,,3906753,Seattle Storm,SEA,Seattle Storm,SEA,G,Guard,Guard,"5' 8""",68,"5'8""",29,,,1997-02-10T08:00Z,Active,active,parquet_name_exact,parquet_age,True,False,False,False,False,name_exact,False,False,False,False,False,False,False,parquet_name_exact_match
Rennia Davis,player:rennia_davis__seattle_storm,synthetic_name,,,,Seattle Storm,SEA,,,,,,,,,,,,,,,unmatched,unmatched,False,False,False,False,False,unmatched,False,True,False,True,True,True,False,synthetic_framework_id; missing_age_after_local_backfill; missing_height_after_local_backfill; missing_position_after_local_backfill
Stefanie Dolson,203828,team_roster_history,203828,,2529183,Seattle Storm,SEA,Seattle Storm,SEA,C,Center,Center,"6' 5""",77,"6'5""",34,,,1992-01-08T08:00Z,Active,active,parquet_name_exact,parquet_age,True,False,False,False,False,name_exact,False,False,False,False,False,False,False,parquet_name_exact_match
Taina Mair,player:taina_mair__seattle_storm,synthetic_name,,,5106222,Seattle Storm,SEA,Seattle Storm,SEA,G,Guard,Guard,"5' 9""",69,"5'9""",22,,,2003-11-20T08:00Z,Active,active,parquet_name_exact,parquet_age,True,False,False,False,False,name_exact,False,True,False,False,False,False,False,synthetic_framework_id; parquet_name_exact_match
Zia Cooke,1641660,team_roster_history,1641660,,4432832,Seattle Storm,SEA,Seattle Storm,SEA,G,Guard,Guard,"5' 9""",69,"5'9""",25,,,2001-01-09T08:00Z,Active,active,parquet_name_exact,parquet_age,True,False,False,False,False,name_exact,False,False,False,False,False,False,False,parquet_name_exact_match
Aaliyah Nye,1642801,team_roster_history,1642801,,4597509,Toronto Tempo,TOR,Atlanta Dream,ATL,G,Guard,Guard,"6' 0""",72,"6'0""",23,,,2002-08-14T07:00Z,Active,active,parquet_name_exact,parquet_age,True,False,False,False,False,name_exact,True,False,True,False,False,False,False,parquet_name_exact_match; parquet_team_differs_from_master_team
Brittney Sykes,1628279,team_roster_history,1628279,,2988756,Toronto Tempo,TOR,Toronto Tempo,TOR,G,Guard,Guard,"5' 11""",71,"5'11""",32,,,1994-02-07T08:00Z,Active,active,parquet_name_exact,parquet_age,True,False,False,False,False,name_exact,False,False,False,False,False,False,False,parquet_name_exact_match
Dara Mabrey,player:dara_mabrey__toronto_tempo,synthetic_name,,,,Toronto Tempo,TOR,,,,,,,,,,,,,,,unmatched,unmatched,False,False,False,False,False,unmatched,False,True,False,True,True,True,False,synthetic_framework_id; missing_age_after_local_backfill; missing_height_after_local_backfill; missing_position_after_local_backfill
Elizabeth Balogun,player:elizabeth_balogun__toronto_tempo,synthetic_name,,,,Toronto Tempo,TOR,,,,,,,,,,,,,,,unmatched,unmatched,False,False,False,False,False,unmatched,False,True,False,True,True,True,False,synthetic_framework_id; missing_age_after_local_backfill; missing_height_after_local_backfill; missing_position_after_local_backfill
Isabelle Harrison,204330,team_roster_history,204330,,2566453,Toronto Tempo,TOR,Toronto Tempo,TOR,F,Forward,Forward,"6' 5""",77,"6'5""",32,,,1993-09-27T07:00Z,Active,active,parquet_name_exact,parquet_age,True,False,False,False,False,name_exact,False,False,False,False,False,False,False,parquet_name_exact_match
Julie Allemand,1627700,team_roster_history,1627700,,4001679,Toronto Tempo,TOR,Toronto Tempo,TOR,G,Guard,Guard,"5' 10""",70,"5'10""",29,,,1996-07-07T07:00Z,Active,active,parquet_name_exact,parquet_age,True,False,False,False,False,name_exact,False,False,False,False,False,False,False,parquet_name_exact_match
Kia Nurse,1628915,team_roster_history,1628915,,3142327,Toronto Tempo,TOR,Toronto Tempo,TOR,G,Guard,Guard,"6' 1""",73,"6'1""",30,,,1996-02-22T08:00Z,Active,active,parquet_name_exact,parquet_age,True,False,False,False,False,name_exact,False,False,False,False,False,False,False,parquet_name_exact_match
Kiki Rice,player:kiki_rice__toronto_tempo,synthetic_name,,,4565505,Toronto Tempo,TOR,Toronto Tempo,TOR,G,Guard,Guard,"5' 11""",71,"5'11""",22,,,2004-01-14T08:00Z,Active,active,parquet_name_exact,parquet_age,True,False,False,False,False,name_exact,False,True,False,False,False,False,False,synthetic_framework_id; parquet_name_exact_match
Kitija Laksa,1629490,team_roster_history,1629490,,,Toronto Tempo,TOR,,,G,Guard,Guard,6-1,73,"6'1""",30,,,,,,raw_pos_name_exact,player_bios_2025_id_exact,False,True,False,True,False,unmatched,False,False,False,False,False,False,False,raw_position_name_exact_match; age_filled_from_player_bios_2025_id_exact
Kristy Wallace,1628929,team_roster_history,1628929,,,Toronto Tempo,TOR,,,,,,,,,,,,,,,unmatched,unmatched,False,False,False,False,False,unmatched,False,False,False,True,True,True,False,missing_age_after_local_backfill; missing_height_after_local_backfill; missing_position_after_local_backfill
Laura Juškaitė,player:laura_ju_kait__toronto_tempo,synthetic_name,,,5345444,Toronto Tempo,TOR,Toronto Tempo,TOR,F,Forward,Forward,"6' 4""",76,"6'4""",28,,,1997-09-22T07:00Z,Active,active,parquet_name_exact,parquet_age,True,False,False,False,False,name_exact,False,True,False,False,False,False,False,synthetic_framework_id; parquet_name_exact_match
Lexi Held,1631118,team_roster_history,1631118,,4399342,Toronto Tempo,TOR,Toronto Tempo,TOR,G,Guard,Guard,"5' 10""",70,"5'10""",26,,,1999-12-28T08:00Z,Active,active,parquet_name_exact,parquet_age,True,False,False,False,False,name_exact,False,False,False,False,False,False,False,parquet_name_exact_match
Maddison Rocci,player:maddison_rocci__toronto_tempo,synthetic_name,,,,Toronto Tempo,TOR,,,,,,,,,,,,,,,unmatched,unmatched,False,False,False,False,False,unmatched,False,True,False,True,True,True,False,synthetic_framework_id; missing_age_after_local_backfill; missing_height_after_local_backfill; missing_position_after_local_backfill
Maria Conde,player:maria_conde__toronto_tempo,synthetic_name,,,3910470,Toronto Tempo,TOR,Toronto Tempo,TOR,F,Forward,Forward,"6' 3""",75,"6'3""",29,,,1997-01-14T08:00Z,Active,active,parquet_name_exact,parquet_age,True,False,False,False,False,name_exact,False,True,False,False,False,False,False,synthetic_framework_id; parquet_name_exact_match
Maria Kliundikova,1628926,team_roster_history,1628926,,,Toronto Tempo,TOR,,,F,Forward,Forward,6-4,76,"6'4""",28,,,,,,raw_pos_name_exact,player_bios_2025_id_exact,False,True,False,True,False,unmatched,False,False,False,False,False,False,False,raw_position_name_exact_match; age_filled_from_player_bios_2025_id_exact
Marina Mabrey,1629497,team_roster_history,1629497,,3904576,Toronto Tempo,TOR,Toronto Tempo,TOR,G,Guard,Guard,"6' 1""",73,"6'1""",29,,,1996-09-14T07:00Z,Active,active,parquet_name_exact,parquet_age,True,False,False,False,False,name_exact,False,False,False,False,False,False,False,parquet_name_exact_match
Nikolina Milić,player:nikolina_mili__toronto_tempo,synthetic_name,,,,Toronto Tempo,TOR,,,,,,,,,,,,,,,unmatched,unmatched,False,False,False,False,False,unmatched,False,True,False,True,True,True,False,synthetic_framework_id; missing_age_after_local_backfill; missing_height_after_local_backfill; missing_position_after_local_backfill
Nyara Sabally,1631055,team_roster_history,1631055,,4398768,Toronto Tempo,TOR,Toronto Tempo,TOR,F,Forward,Forward,"6' 5""",77,"6'5""",26,,,2000-02-26T08:00Z,Active,active,parquet_name_exact,parquet_age,True,False,False,False,False,name_exact,False,False,False,False,False,False,False,parquet_name_exact_match
Temi Fagbenle,1627701,team_roster_history,1627701,,2569044,Toronto Tempo,TOR,Toronto Tempo,TOR,C,Center,Center,"6' 5""",77,"6'5""",33,,,1992-09-08T07:00Z,Active,active,parquet_name_exact,parquet_age,True,False,False,False,False,name_exact,False,False,False,False,False,False,True,parquet_name_exact_match; historical_name_alias_for_player_id
Teonni Key,player:teonni_key__toronto_tempo,synthetic_name,,,4434020,Toronto Tempo,TOR,Toronto Tempo,TOR,F,Forward,Forward,"6' 5""",77,"6'5""",22,,,2003-07-10T07:00Z,Active,active,parquet_name_exact,parquet_age,True,False,False,False,False,name_exact,False,True,False,False,False,False,False,synthetic_framework_id; parquet_name_exact_match
Alex Wilson,player:alex_wilson__washington_mystics,synthetic_name,,,5278157,Washington Mystics,WAS,Washington Mystics,WSH,G,Guard,Guard,"5' 9""",69,"5'9""",32,,,1994-03-21T08:00Z,Active,active,parquet_name_exact,parquet_age,True,False,False,False,False,name_exact,False,True,False,False,False,False,False,synthetic_framework_id; parquet_name_exact_match
Angela Dugalić,player:angela_dugali__washington_mystics,synthetic_name,,,4433411,Washington Mystics,WAS,Washington Mystics,WSH,F,Forward,Forward,"6' 4""",76,"6'4""",24,,,2001-12-29T08:00Z,Active,active,parquet_name_exact,parquet_age,True,False,False,False,False,name_exact,False,True,False,False,False,False,False,synthetic_framework_id; parquet_name_exact_match
Bernadett Határ,player:bernadett_hat_r__washington_mystics,synthetic_name,,,,Washington Mystics,WAS,,,,,,,,,,,,,,,unmatched,unmatched,False,False,False,False,False,unmatched,False,True,False,True,True,True,False,synthetic_framework_id; missing_age_after_local_backfill; missing_height_after_local_backfill; missing_position_after_local_backfill
Cassandre Prosper,player:cassandre_prosper__washington_mystics,synthetic_name,,,5122345,Washington Mystics,WAS,Washington Mystics,WSH,G,Guard,Guard,"6' 3""",75,"6'3""",20,,,2005-06-25T07:00Z,Active,active,parquet_name_exact,parquet_age,True,False,False,False,False,name_exact,False,True,False,False,False,False,False,synthetic_framework_id; parquet_name_exact_match
Christeen Iwuala,player:christeen_iwuala__washington_mystics,synthetic_name,,,,Washington Mystics,WAS,,,F,Forward,Forward,,,,,,,,,,wbb_box_name_exact,unmatched,False,False,True,False,False,unmatched,False,True,False,True,True,False,False,synthetic_framework_id; wbb_box_name_exact_match; missing_age_after_local_backfill; missing_height_after_local_backfill
Cotie McMahon,player:cotie_mcmahon__washington_mystics,synthetic_name,,,4583144,Washington Mystics,WAS,Washington Mystics,WSH,G,Guard,Guard,"6' 0""",72,"6'0""",23,,,2003-05-04T07:00Z,Active,active,parquet_name_exact,parquet_age,True,False,False,False,False,name_exact,False,True,False,False,False,False,False,synthetic_framework_id; parquet_name_exact_match
Georgia Amoore,1642781,team_roster_history,1642781,,4704180,Washington Mystics,WAS,Washington Mystics,WSH,G,Guard,Guard,"5' 6""",66,"5'6""",25,,,2001-04-03T07:00Z,Active,active,parquet_name_exact,parquet_age,True,False,False,False,False,name_exact,False,False,False,False,False,False,False,parquet_name_exact_match
Kiki Iriafen,1642792,team_roster_history,1642792,,4898384,Washington Mystics,WAS,Washington Mystics,WSH,F,Forward,Forward,"6' 3""",75,"6'3""",22,,,2003-08-26T07:00Z,Active,active,parquet_name_exact,parquet_age,True,False,False,False,False,name_exact,False,False,False,False,False,False,False,parquet_name_exact_match
Lauren Betts,player:lauren_betts__washington_mystics,synthetic_name,,,5105737,Washington Mystics,WAS,Washington Mystics,WSH,C,Center,Center,"6' 7""",79,"6'7""",22,,,2003-10-15T07:00Z,Active,active,parquet_name_exact,parquet_age,True,False,False,False,False,name_exact,False,True,False,False,False,False,False,synthetic_framework_id; parquet_name_exact_match
Lucy Olsen,1642802,team_roster_history,1642802,,4433815,Washington Mystics,WAS,Washington Mystics,WSH,G,Guard,Guard,"5' 10""",70,"5'10""",22,,,2003-05-26T07:00Z,Active,active,parquet_name_exact,parquet_age,True,False,False,False,False,name_exact,False,False,False,False,False,False,False,parquet_name_exact_match
Madison Scott,1642810,team_roster_history,1642810,,,Washington Mystics,WAS,,,"G, F",Guard-Forward,Guard-Forward,6-2,74,"6'2""",25,,,,,,raw_pos_name_exact,player_bios_2025_id_exact,False,True,False,True,False,unmatched,False,False,False,False,False,False,False,raw_position_name_exact_match; age_filled_from_player_bios_2025_id_exact
Michaela Onyenwere,1630446,team_roster_history,1630446,,4282173,Washington Mystics,WAS,Washington Mystics,WSH,F,Forward,Forward,"6' 0""",72,"6'0""",26,,,1999-08-10T07:00Z,Active,active,parquet_name_exact,parquet_age,True,False,False,False,False,name_exact,False,False,False,False,False,False,False,parquet_name_exact_match
Nyla Harris,player:nyla_harris__washington_mystics,synthetic_name,,,,Washington Mystics,WAS,,,F,Forward,Forward,,,,,,,,,,wbb_box_name_exact,unmatched,False,False,True,False,False,unmatched,False,True,False,True,True,False,False,synthetic_framework_id; wbb_box_name_exact_match; missing_age_after_local_backfill; missing_height_after_local_backfill
Rori Harmon,player:rori_harmon__washington_mystics,synthetic_name,,,4433523,Washington Mystics,WAS,Washington Mystics,WSH,G,Guard,Guard,"5' 6""",66,"5'6""",23,,,2003-01-29T08:00Z,Active,active,parquet_name_exact,parquet_age,True,False,False,False,False,name_exact,False,True,False,False,False,False,False,synthetic_framework_id; parquet_name_exact_match
Shakira Austin,1631022,team_roster_history,1631022,,4398911,Washington Mystics,WAS,Washington Mystics,WSH,C,Center,Center,"6' 5""",77,"6'5""",25,,,2000-07-25T07:00Z,Active,active,parquet_name_exact,parquet_age,True,False,False,False,False,name_exact,False,False,False,False,False,False,False,parquet_name_exact_match
Sonia Citron,1642785,team_roster_history,1642785,,4433524,Washington Mystics,WAS,Washington Mystics,WSH,G,Guard,Guard,"6' 1""",73,"6'1""",22,,,2003-10-22T07:00Z,Active,active,parquet_name_exact,parquet_age,True,False,False,False,False,name_exact,False,False,False,False,False,False,False,parquet_name_exact_match
