league,job_id,job_family,variant,endpoint,season,season_type,scope,request_params,source,team_id,clutch_window,request_id,request_table,request_url,request_status,request_row_index,assist_player,assist_player_id,assisted,block_player,block_player_id,blocked,dtid,end_time,event_num,game_date,gid,lineup_id,made,opponent,opponent_lineup_id,oreb_rebound_player,oreb_rebound_player_id,oreb_shot_player,oreb_shot_player_id,oreb_shot_type,otid,period,player,player_id,poss_num,possession_start_time,previous_poss_end_rebound_pid,previous_poss_end_rebound_player,previous_poss_end_shooter_pid,previous_poss_end_shooter_player,previous_poss_end_steal_pid,previous_poss_end_steal_player,previous_poss_end_turnover_pid,previous_poss_end_turnover_player,putback,score_margin,seconds_since_oreb,shot_distance,shot_quality,shot_time,shot_type,shot_value,start_time,start_type,team,time,url,x,y
wnba,wnba_shot_pace,shot_pace,shots,get-shots,2023,Playoffs,team,"{'EntityType': 'Team', 'StartType': 'All', 'Blocked': False, 'Season': '2023', 'SeasonType': 'Playoffs', 'EntityId': '1611661324'}",shot_pace,1611661324,4Q/OT | margin -3..3 | 300..120,get-shots__shots__entity_type-Team__start_type-All__blocked-False__season-2023__season_type-Playoffs__entity_id-1611661324__5e4523f1,get-shots,https://api.pbpstats.com/get-shots/wnba?EntityType=Team&StartType=All&Blocked=False&Season=2023&SeasonType=Playoffs&EntityId=1611661324,200,0,,,,,,False,1611661323,0.0,475,2023-09-20,1042300123,1627676-1629524-1631263-1631263-203825,False,CON,1629567-1630096-201886-203826-204296,,,,,,1611661324,4,Diamond Miller,1641649,34,00:06,0,,0,,0,,0,,False,-15,,23.3,0.1382,1.0,Arc3,3,6.0,OffDeadball,MIN,00:01,https://videos.nba.com/wnba/pbp/media/2023/09/20/1042300123/475/6be280ac-b402-6b95-1c81-177bac44396f_960x540.mp4,184,143
wnba,wnba_shot_pace,shot_pace,shots,get-shots,2023,Playoffs,team,"{'EntityType': 'Team', 'StartType': 'All', 'Blocked': False, 'Season': '2023', 'SeasonType': 'Playoffs', 'EntityId': '1611661324'}",shot_pace,1611661324,4Q/OT | margin -3..3 | 300..120,get-shots__shots__entity_type-Team__start_type-All__blocked-False__season-2023__season_type-Playoffs__entity_id-1611661324__5e4523f1,get-shots,https://api.pbpstats.com/get-shots/wnba?EntityType=Team&StartType=All&Blocked=False&Season=2023&SeasonType=Playoffs&EntityId=1611661324,200,1,,,,,,False,1611661323,28.0,472,2023-09-20,1042300123,1627676-1629524-1631263-1631263-203825,False,CON,1629567-1630096-201886-203826-204296,,,,,,1611661324,4,Kayla McBride,203825,32,00:37,203825,Kayla McBride,201886,DeWanna Bonner,0,,0,,False,-15,,24.6,0.3001,31.0,Arc3,3,37.0,OffFTMiss,MIN,00:31,https://videos.nba.com/wnba/pbp/media/2023/09/20/1042300123/472/74a00bbb-a998-aee5-74e0-6c03b6a5cd98_960x540.mp4,22,245
wnba,wnba_shot_pace,shot_pace,shots,get-shots,2023,Playoffs,team,"{'EntityType': 'Team', 'StartType': 'All', 'Blocked': False, 'Season': '2023', 'SeasonType': 'Playoffs', 'EntityId': '1611661324'}",shot_pace,1611661324,4Q/OT | margin -3..3 | 300..120,get-shots__shots__entity_type-Team__start_type-All__blocked-False__season-2023__season_type-Playoffs__entity_id-1611661324__5e4523f1,get-shots,https://api.pbpstats.com/get-shots/wnba?EntityType=Team&StartType=All&Blocked=False&Season=2023&SeasonType=Playoffs&EntityId=1611661324,200,2,,,,,,False,1611661323,378.0,385,2023-09-20,1042300123,1627676-1629483-1629524-1631263-203825,False,CON,1629567-201886-203026-203826-204296,Kayla McBride,203825.0,Rachel Banham,1627671.0,Arc3,1611661324,4,Napheesa Collier,1629483,10,06:36,1629483,Napheesa Collier,201886,DeWanna Bonner,0,,0,,False,-15,11.0,1.1,0.6635,381.0,AtRim,2,396.0,OffShortMidRangeMiss,MIN,06:21,https://videos.nba.com/wnba/pbp/media/2023/09/20/1042300123/385/96cfde1e-afc4-16c9-5edd-52cd1058d4a4_960x540.mp4,-10,5
wnba,wnba_shot_pace,shot_pace,shots,get-shots,2023,Playoffs,team,"{'EntityType': 'Team', 'StartType': 'All', 'Blocked': False, 'Season': '2023', 'SeasonType': 'Playoffs', 'EntityId': '1611661324'}",shot_pace,1611661324,4Q/OT | margin -3..3 | 300..120,get-shots__shots__entity_type-Team__start_type-All__blocked-False__season-2023__season_type-Playoffs__entity_id-1611661324__5e4523f1,get-shots,https://api.pbpstats.com/get-shots/wnba?EntityType=Team&StartType=All&Blocked=False&Season=2023&SeasonType=Playoffs&EntityId=1611661324,200,3,,,,,,False,1611661323,378.0,383,2023-09-20,1042300123,1627676-1629483-1629524-1631263-203825,False,CON,1629567-201886-203026-203826-204296,,,,,,1611661324,4,Rachel Banham,1627671,10,06:36,1629483,Napheesa Collier,201886,DeWanna Bonner,0,,0,,False,-15,,25.4,0.3194,392.0,Arc3,3,396.0,OffShortMidRangeMiss,MIN,06:32,https://videos.nba.com/wnba/pbp/media/2023/09/20/1042300123/383/ed04e442-546f-46cd-168d-5a68a4c7ff7b_960x540.mp4,-92,237
wnba,wnba_shot_pace,shot_pace,shots,get-shots,2023,Playoffs,team,"{'EntityType': 'Team', 'StartType': 'All', 'Blocked': False, 'Season': '2023', 'SeasonType': 'Playoffs', 'EntityId': '1611661324'}",shot_pace,1611661324,4Q/OT | margin -3..3 | 300..120,get-shots__shots__entity_type-Team__start_type-All__blocked-False__season-2023__season_type-Playoffs__entity_id-1611661324__5e4523f1,get-shots,https://api.pbpstats.com/get-shots/wnba?EntityType=Team&StartType=All&Blocked=False&Season=2023&SeasonType=Playoffs&EntityId=1611661324,200,4,,,,,,False,1611661323,481.0,372,2023-09-20,1042300123,1627676-1629483-1629524-1631263-203825,False,CON,1629567-201886-203026-203826-204296,,,,,,1611661324,4,Kayla McBride,203825,6,08:25,0,,201886,DeWanna Bonner,0,,0,,False,-15,,3.1,0.5405,481.0,AtRim,2,505.0,OffLongMidRangeMake,MIN,08:01,https://videos.nba.com/wnba/pbp/media/2023/09/20/1042300123/372/19cddc6a-6373-7cfd-7568-cd2916833f43_960x540.mp4,28,13
wnba,wnba_shot_pace,shot_pace,shots,get-shots,2023,Playoffs,team,"{'EntityType': 'Team', 'StartType': 'All', 'Blocked': False, 'Season': '2023', 'SeasonType': 'Playoffs', 'EntityId': '1611661324'}",shot_pace,1611661324,4Q/OT | margin -3..3 | 300..120,get-shots__shots__entity_type-Team__start_type-All__blocked-False__season-2023__season_type-Playoffs__entity_id-1611661324__5e4523f1,get-shots,https://api.pbpstats.com/get-shots/wnba?EntityType=Team&StartType=All&Blocked=False&Season=2023&SeasonType=Playoffs&EntityId=1611661324,200,5,,,,,,False,1611661323,0.0,351,2023-09-20,1042300123,1627671-1629483-1629524-1631263-203825,False,CON,1630112-201886-203026-203826-204296,,,,,,1611661324,3,Kayla McBride,203825,37,00:16,1629524,Bridget Carleton,1630112,Tyasha Harris,0,,0,,False,-16,,12.7,0.2957,1.0,ShortMidRange,2,16.0,OffArc3Miss,MIN,00:01,https://videos.nba.com/wnba/pbp/media/2023/09/20/1042300123/351/8a4f777b-507c-9b36-fa7c-744986102c10_960x540.mp4,72,105
wnba,wnba_shot_pace,shot_pace,shots,get-shots,2023,Playoffs,team,"{'EntityType': 'Team', 'StartType': 'All', 'Blocked': False, 'Season': '2023', 'SeasonType': 'Playoffs', 'EntityId': '1611661324'}",shot_pace,1611661324,4Q/OT | margin -3..3 | 300..120,get-shots__shots__entity_type-Team__start_type-All__blocked-False__season-2023__season_type-Playoffs__entity_id-1611661324__5e4523f1,get-shots,https://api.pbpstats.com/get-shots/wnba?EntityType=Team&StartType=All&Blocked=False&Season=2023&SeasonType=Playoffs&EntityId=1611661324,200,6,,,,,,False,1611661323,25.0,346,2023-09-20,1042300123,1627671-1629483-1629524-1631263-203825,False,CON,1630112-201886-203026-203826-204296,,,,,,1611661324,3,Rachel Banham,1627671,35,00:40,0,,203026,Tiffany Hayes,0,,0,,False,-16,,23.4,0.3496,29.0,Corner3,3,40.0,OffAtRimMake,MIN,00:29,https://videos.nba.com/wnba/pbp/media/2023/09/20/1042300123/346/988156d2-a7b2-71ce-be10-8408c196d95f_960x540.mp4,-234,3
wnba,wnba_shot_pace,shot_pace,shots,get-shots,2023,Playoffs,team,"{'EntityType': 'Team', 'StartType': 'All', 'Blocked': False, 'Season': '2023', 'SeasonType': 'Playoffs', 'EntityId': '1611661324'}",shot_pace,1611661324,4Q/OT | margin -3..3 | 300..120,get-shots__shots__entity_type-Team__start_type-All__blocked-False__season-2023__season_type-Playoffs__entity_id-1611661324__5e4523f1,get-shots,https://api.pbpstats.com/get-shots/wnba?EntityType=Team&StartType=All&Blocked=False&Season=2023&SeasonType=Playoffs&EntityId=1611661324,200,7,,,,,,False,1611661323,91.0,337,2023-09-20,1042300123,1627671-1629483-1629524-1631263-203825,False,CON,1630112-201886-203026-203826-204296,Rachel Banham,1627671.0,Rachel Banham,1627671.0,LongMidRange,1611661324,3,Rachel Banham,1627671,31,01:56,0,,0,,0,,0,,True,-17,2.0,11.9,0.3756,93.0,ShortMidRange,2,116.0,OffDeadball,MIN,01:33,https://videos.nba.com/wnba/pbp/media/2023/09/20/1042300123/337/1a610411-5828-c5f7-fdc9-d90bdd97263d_960x540.mp4,-9,119
wnba,wnba_shot_pace,shot_pace,shots,get-shots,2023,Playoffs,team,"{'EntityType': 'Team', 'StartType': 'All', 'Blocked': False, 'Season': '2023', 'SeasonType': 'Playoffs', 'EntityId': '1611661324'}",shot_pace,1611661324,4Q/OT | margin -3..3 | 300..120,get-shots__shots__entity_type-Team__start_type-All__blocked-False__season-2023__season_type-Playoffs__entity_id-1611661324__5e4523f1,get-shots,https://api.pbpstats.com/get-shots/wnba?EntityType=Team&StartType=All&Blocked=False&Season=2023&SeasonType=Playoffs&EntityId=1611661324,200,8,,,,,,False,1611661323,91.0,335,2023-09-20,1042300123,1627671-1629483-1629524-1631263-203825,False,CON,1630112-201886-203026-203826-204296,,,,,,1611661324,3,Rachel Banham,1627671,31,01:56,0,,0,,0,,0,,False,-17,,14.2,0.3703,99.0,LongMidRange,2,116.0,OffDeadball,MIN,01:39,https://videos.nba.com/wnba/pbp/media/2023/09/20/1042300123/335/0f66bd6a-cf51-bd1d-91f2-b201d0c576c3_960x540.mp4,81,117
wnba,wnba_shot_pace,shot_pace,shots,get-shots,2023,Playoffs,team,"{'EntityType': 'Team', 'StartType': 'All', 'Blocked': False, 'Season': '2023', 'SeasonType': 'Playoffs', 'EntityId': '1611661324'}",shot_pace,1611661324,4Q/OT | margin -3..3 | 300..120,get-shots__shots__entity_type-Team__start_type-All__blocked-False__season-2023__season_type-Playoffs__entity_id-1611661324__5e4523f1,get-shots,https://api.pbpstats.com/get-shots/wnba?EntityType=Team&StartType=All&Blocked=False&Season=2023&SeasonType=Playoffs&EntityId=1611661324,200,9,,,,,,False,1611661323,175.0,323,2023-09-20,1042300123,1627676-1629483-1629524-1631263-203825,False,CON,1630112-201886-203026-203826-204296,,,,,,1611661324,3,Napheesa Collier,1629483,27,03:00,1629483,Napheesa Collier,204296,Rebecca Allen,0,,0,,False,-17,,3.5,0.5856,176.0,AtRim,2,180.0,OffArc3Miss,MIN,02:56,https://videos.nba.com/wnba/pbp/media/2023/09/20/1042300123/323/48170843-6dd0-ba15-fde8-b01ea7e34cc2_960x540.mp4,-26,23
wnba,wnba_shot_pace,shot_pace,shots,get-shots,2023,Playoffs,team,"{'EntityType': 'Team', 'StartType': 'All', 'Blocked': False, 'Season': '2023', 'SeasonType': 'Playoffs', 'EntityId': '1611661324'}",shot_pace,1611661324,4Q/OT | margin -3..3 | 300..120,get-shots__shots__entity_type-Team__start_type-All__blocked-False__season-2023__season_type-Playoffs__entity_id-1611661324__5e4523f1,get-shots,https://api.pbpstats.com/get-shots/wnba?EntityType=Team&StartType=All&Blocked=False&Season=2023&SeasonType=Playoffs&EntityId=1611661324,200,10,,,,,,False,1611661323,195.0,319,2023-09-20,1042300123,1627676-1629483-1629524-1631263-203825,False,CON,1630112-201886-203026-203826-204296,,,,,,1611661324,3,Nikolina Milic,1631263,25,03:26,1631263,Nikolina Milic,204296,Rebecca Allen,0,,0,,False,-17,,24.0,0.3187,199.0,Arc3,3,206.0,OffCorner3Miss,MIN,03:19,https://videos.nba.com/wnba/pbp/media/2023/09/20/1042300123/319/21cd91ef-7328-ec5c-6cfa-eea1a8c4dc6b_960x540.mp4,29,238
wnba,wnba_shot_pace,shot_pace,shots,get-shots,2023,Playoffs,team,"{'EntityType': 'Team', 'StartType': 'All', 'Blocked': False, 'Season': '2023', 'SeasonType': 'Playoffs', 'EntityId': '1611661324'}",shot_pace,1611661324,4Q/OT | margin -3..3 | 300..120,get-shots__shots__entity_type-Team__start_type-All__blocked-False__season-2023__season_type-Playoffs__entity_id-1611661324__5e4523f1,get-shots,https://api.pbpstats.com/get-shots/wnba?EntityType=Team&StartType=All&Blocked=False&Season=2023&SeasonType=Playoffs&EntityId=1611661324,200,11,,,,,,False,1611661323,397.0,279,2023-09-20,1042300123,1627676-1629483-1629524-1641657-203825,False,CON,1629567-201886-203026-203826-204296,,,,,,1611661324,3,Kayla McBride,203825,11,06:55,0,,0,,0,,0,,False,-19,,24.5,0.4223,402.0,Arc3,3,415.0,OffTimeout,MIN,06:42,https://videos.nba.com/wnba/pbp/media/2023/09/20/1042300123/279/f8d6a202-53a6-1c2f-e8a9-dee4f7cdfe80_960x540.mp4,-131,207
wnba,wnba_shot_pace,shot_pace,shots,get-shots,2023,Playoffs,team,"{'EntityType': 'Team', 'StartType': 'All', 'Blocked': False, 'Season': '2023', 'SeasonType': 'Playoffs', 'EntityId': '1611661324'}",shot_pace,1611661324,4Q/OT | margin -3..3 | 300..120,get-shots__shots__entity_type-Team__start_type-All__blocked-False__season-2023__season_type-Playoffs__entity_id-1611661324__5e4523f1,get-shots,https://api.pbpstats.com/get-shots/wnba?EntityType=Team&StartType=All&Blocked=False&Season=2023&SeasonType=Playoffs&EntityId=1611661324,200,12,,,,,,False,1611661323,576.0,255,2023-09-20,1042300123,1627676-1629483-1641649-1641657-203825,False,CON,1629567-201886-203026-203826-204296,,,,,,1611661324,3,Kayla McBride,203825,1,10:00,0,,0,,0,,0,,False,-15,,26.1,0.3196,580.0,Arc3,3,600.0,OffDeadball,MIN,09:40,https://videos.nba.com/wnba/pbp/media/2023/09/20/1042300123/255/5b2d1c6a-3321-beda-0552-e3bc56f0643a_960x540.mp4,-59,254
wnba,wnba_shot_pace,shot_pace,shots,get-shots,2023,Playoffs,team,"{'EntityType': 'Team', 'StartType': 'All', 'Blocked': False, 'Season': '2023', 'SeasonType': 'Playoffs', 'EntityId': '1611661324'}",shot_pace,1611661324,4Q/OT | margin -3..3 | 300..120,get-shots__shots__entity_type-Team__start_type-All__blocked-False__season-2023__season_type-Playoffs__entity_id-1611661324__5e4523f1,get-shots,https://api.pbpstats.com/get-shots/wnba?EntityType=Team&StartType=All&Blocked=False&Season=2023&SeasonType=Playoffs&EntityId=1611661324,200,13,,,,,,False,1611661323,13.0,244,2023-09-20,1042300123,1627676-1629483-1629524-1641649-203825,False,CON,1629567-1630096-201886-203826-204296,,,,,,1611661324,2,Diamond Miller,1641649,37,00:31,0,,203826,Alyssa Thomas,0,,0,,False,-13,,23.3,0.3056,18.0,Arc3,3,31.0,OffAtRimMake,MIN,00:18,https://videos.nba.com/wnba/pbp/media/2023/09/20/1042300123/244/26195d6d-7aac-547c-0d5c-2d9b8ec9b3d0_960x540.mp4,-115,203
wnba,wnba_shot_pace,shot_pace,shots,get-shots,2023,Playoffs,team,"{'EntityType': 'Team', 'StartType': 'All', 'Blocked': False, 'Season': '2023', 'SeasonType': 'Playoffs', 'EntityId': '1611661324'}",shot_pace,1611661324,4Q/OT | margin -3..3 | 300..120,get-shots__shots__entity_type-Team__start_type-All__blocked-False__season-2023__season_type-Playoffs__entity_id-1611661324__5e4523f1,get-shots,https://api.pbpstats.com/get-shots/wnba?EntityType=Team&StartType=All&Blocked=False&Season=2023&SeasonType=Playoffs&EntityId=1611661324,200,14,,,,,,False,1611661323,75.0,237,2023-09-20,1042300123,1627676-1629483-1629524-1641649-203825,False,CON,1629567-1630096-201886-203826-204296,,,,,,1611661324,2,Napheesa Collier,1629483,33,01:40,0,,203826,Alyssa Thomas,0,,0,,False,-13,,12.5,0.3469,78.0,ShortMidRange,2,100.0,OffAtRimMake,MIN,01:18,https://videos.nba.com/wnba/pbp/media/2023/09/20/1042300123/237/8607fb85-1c5e-c4d4-7948-d0502406f435_960x540.mp4,-122,28
wnba,wnba_shot_pace,shot_pace,shots,get-shots,2023,Playoffs,team,"{'EntityType': 'Team', 'StartType': 'All', 'Blocked': False, 'Season': '2023', 'SeasonType': 'Playoffs', 'EntityId': '1611661324'}",shot_pace,1611661324,4Q/OT | margin -3..3 | 300..120,get-shots__shots__entity_type-Team__start_type-All__blocked-False__season-2023__season_type-Playoffs__entity_id-1611661324__5e4523f1,get-shots,https://api.pbpstats.com/get-shots/wnba?EntityType=Team&StartType=All&Blocked=False&Season=2023&SeasonType=Playoffs&EntityId=1611661324,200,15,,,,,,False,1611661323,145.0,219,2023-09-20,1042300123,1627671-1629483-1641649-1641657-203825,False,CON,1630112-201886-203026-203826-204296,,,,,,1611661324,2,Napheesa Collier,1629483,29,02:45,1641649,Diamond Miller,204296,Rebecca Allen,0,,0,,False,-12,,13.9,0.4,147.0,ShortMidRange,2,165.0,OffLongMidRangeMiss,MIN,02:27,https://videos.nba.com/wnba/pbp/media/2023/09/20/1042300123/219/b5e3c653-d261-0616-2465-101e55c6ce04_960x540.mp4,45,131
wnba,wnba_shot_pace,shot_pace,shots,get-shots,2023,Playoffs,team,"{'EntityType': 'Team', 'StartType': 'All', 'Blocked': False, 'Season': '2023', 'SeasonType': 'Playoffs', 'EntityId': '1611661324'}",shot_pace,1611661324,4Q/OT | margin -3..3 | 300..120,get-shots__shots__entity_type-Team__start_type-All__blocked-False__season-2023__season_type-Playoffs__entity_id-1611661324__5e4523f1,get-shots,https://api.pbpstats.com/get-shots/wnba?EntityType=Team&StartType=All&Blocked=False&Season=2023&SeasonType=Playoffs&EntityId=1611661324,200,16,,,,,,False,1611661323,180.0,215,2023-09-20,1042300123,1627671-1629483-1641649-1641657-203825,False,CON,1630112-201886-203026-203826-204296,,,,,,1611661324,2,Dorka Juhász,1641657,27,03:21,0,,203026,Tiffany Hayes,0,,0,,False,-12,,22.8,0.3701,182.0,Corner3,3,201.0,OffAtRimMake,MIN,03:02,https://videos.nba.com/wnba/pbp/media/2023/09/20/1042300123/215/3d3e2e00-791a-ac6c-4ab1-dc6afae0d771_960x540.mp4,-228,9
wnba,wnba_shot_pace,shot_pace,shots,get-shots,2023,Playoffs,team,"{'EntityType': 'Team', 'StartType': 'All', 'Blocked': False, 'Season': '2023', 'SeasonType': 'Playoffs', 'EntityId': '1611661324'}",shot_pace,1611661324,4Q/OT | margin -3..3 | 300..120,get-shots__shots__entity_type-Team__start_type-All__blocked-False__season-2023__season_type-Playoffs__entity_id-1611661324__5e4523f1,get-shots,https://api.pbpstats.com/get-shots/wnba?EntityType=Team&StartType=All&Blocked=False&Season=2023&SeasonType=Playoffs&EntityId=1611661324,200,17,,,,,,False,1611661323,246.0,208,2023-09-20,1042300123,1627671-1629483-1641649-1641657-203825,False,CON,1630112-201886-203026-203826-204296,,,,,,1611661324,2,Kayla McBride,203825,23,04:34,0,,0,,0,,0,,False,-8,,10.2,0.2782,247.0,ShortMidRange,2,274.0,OffTimeout,MIN,04:07,https://videos.nba.com/wnba/pbp/media/2023/09/20/1042300123/208/d1beb66d-5c09-76cb-d63b-8cb51a5155a5_960x540.mp4,-60,82
wnba,wnba_shot_pace,shot_pace,shots,get-shots,2023,Playoffs,team,"{'EntityType': 'Team', 'StartType': 'All', 'Blocked': False, 'Season': '2023', 'SeasonType': 'Playoffs', 'EntityId': '1611661324'}",shot_pace,1611661324,4Q/OT | margin -3..3 | 300..120,get-shots__shots__entity_type-Team__start_type-All__blocked-False__season-2023__season_type-Playoffs__entity_id-1611661324__5e4523f1,get-shots,https://api.pbpstats.com/get-shots/wnba?EntityType=Team&StartType=All&Blocked=False&Season=2023&SeasonType=Playoffs&EntityId=1611661324,200,18,,,,,,False,1611661323,277.0,199,2023-09-20,1042300123,1627671-1629483-1629524-1641657-203825,False,CON,1630112-1631135-201886-203826-204296,,,,,,1611661324,2,Dorka Juhász,1641657,21,04:51,0,,203826,Alyssa Thomas,0,,0,,False,-5,,2.0,0.6686,279.0,AtRim,2,291.0,OffShortMidRangeMake,MIN,04:39,https://videos.nba.com/wnba/pbp/media/2023/09/20/1042300123/199/2e312c62-c22c-9940-4faf-71a7924010f7_960x540.mp4,-1,20
wnba,wnba_shot_pace,shot_pace,shots,get-shots,2023,Playoffs,team,"{'EntityType': 'Team', 'StartType': 'All', 'Blocked': False, 'Season': '2023', 'SeasonType': 'Playoffs', 'EntityId': '1611661324'}",shot_pace,1611661324,4Q/OT | margin -3..3 | 300..120,get-shots__shots__entity_type-Team__start_type-All__blocked-False__season-2023__season_type-Playoffs__entity_id-1611661324__5e4523f1,get-shots,https://api.pbpstats.com/get-shots/wnba?EntityType=Team&StartType=All&Blocked=False&Season=2023&SeasonType=Playoffs&EntityId=1611661324,200,19,,,,,,False,1611661323,443.0,171,2023-09-20,1042300123,1627676-1629483-1629524-1641657-203825,False,CON,1630096-1630112-1631135-201886-203826,,,,,,1611661324,2,Tiffany Mitchell,1627676,11,07:33,1627676,Tiffany Mitchell,1630112,Tyasha Harris,0,,0,,False,-1,,8.1,0.3961,446.0,ShortMidRange,2,453.0,OffLongMidRangeMiss,MIN,07:26,https://videos.nba.com/wnba/pbp/media/2023/09/20/1042300123/171/12a581e2-876a-f033-70f8-436097765a2a_960x540.mp4,7,81
wnba,wnba_shot_pace,shot_pace,shots,get-shots,2023,Playoffs,team,"{'EntityType': 'Team', 'StartType': 'All', 'Blocked': False, 'Season': '2023', 'SeasonType': 'Playoffs', 'EntityId': '1611661324'}",shot_pace,1611661324,4Q/OT | margin -3..3 | 300..120,get-shots__shots__entity_type-Team__start_type-All__blocked-False__season-2023__season_type-Playoffs__entity_id-1611661324__5e4523f1,get-shots,https://api.pbpstats.com/get-shots/wnba?EntityType=Team&StartType=All&Blocked=False&Season=2023&SeasonType=Playoffs&EntityId=1611661324,200,20,,,,,,False,1611661323,533.0,147,2023-09-20,1042300123,1627676-1629524-1641649-1641657-203825,False,CON,1630096-1630112-203026-203826-204296,,,,,,1611661324,2,Diamond Miller,1641649,5,09:03,1641657,Dorka Juhász,203826,Alyssa Thomas,0,,0,,False,-5,,24.2,0.3336,536.0,Arc3,3,543.0,OffAtRimMiss,MIN,08:56,https://videos.nba.com/wnba/pbp/media/2023/09/20/1042300123/147/8c246d9d-6624-4d7e-7993-b2dd331274a5_960x540.mp4,-2,242
wnba,wnba_shot_pace,shot_pace,shots,get-shots,2023,Playoffs,team,"{'EntityType': 'Team', 'StartType': 'All', 'Blocked': False, 'Season': '2023', 'SeasonType': 'Playoffs', 'EntityId': '1611661324'}",shot_pace,1611661324,4Q/OT | margin -3..3 | 300..120,get-shots__shots__entity_type-Team__start_type-All__blocked-False__season-2023__season_type-Playoffs__entity_id-1611661324__5e4523f1,get-shots,https://api.pbpstats.com/get-shots/wnba?EntityType=Team&StartType=All&Blocked=False&Season=2023&SeasonType=Playoffs&EntityId=1611661324,200,21,,,,,,False,1611661323,65.0,108,2023-09-20,1042300123,1627671-1627676-1629483-1629524-203825,False,CON,1629567-1630096-201886-203826-204296,,,,,,1611661324,1,Napheesa Collier,1629483,34,01:25,1629524,Bridget Carleton,201886,DeWanna Bonner,0,,0,,False,-12,,23.7,0.4059,76.0,Arc3,3,85.0,OffFTMiss,MIN,01:16,https://videos.nba.com/wnba/pbp/media/2023/09/20/1042300123/108/be9def2c-da5d-c101-83b2-0cf5d0ad4aef_960x540.mp4,-108,211
wnba,wnba_shot_pace,shot_pace,shots,get-shots,2023,Playoffs,team,"{'EntityType': 'Team', 'StartType': 'All', 'Blocked': False, 'Season': '2023', 'SeasonType': 'Playoffs', 'EntityId': '1611661324'}",shot_pace,1611661324,4Q/OT | margin -3..3 | 300..120,get-shots__shots__entity_type-Team__start_type-All__blocked-False__season-2023__season_type-Playoffs__entity_id-1611661324__5e4523f1,get-shots,https://api.pbpstats.com/get-shots/wnba?EntityType=Team&StartType=All&Blocked=False&Season=2023&SeasonType=Playoffs&EntityId=1611661324,200,22,,,,,,False,1611661323,126.0,95,2023-09-20,1042300123,1627671-1627676-1629483-1629524-203825,False,CON,1629567-1630096-201886-203826-204296,,,,,,1611661324,1,Rachel Banham,1627671,30,02:13,0,,203826,Alyssa Thomas,0,,0,,False,-11,,14.0,0.4386,129.0,LongMidRange,2,133.0,OffAtRimMake,MIN,02:09,https://videos.nba.com/wnba/pbp/media/2023/09/20/1042300123/95/d7ada5a1-517d-7142-9eb8-fb5f078c88a8_960x540.mp4,-33,136
wnba,wnba_shot_pace,shot_pace,shots,get-shots,2023,Playoffs,team,"{'EntityType': 'Team', 'StartType': 'All', 'Blocked': False, 'Season': '2023', 'SeasonType': 'Playoffs', 'EntityId': '1611661324'}",shot_pace,1611661324,4Q/OT | margin -3..3 | 300..120,get-shots__shots__entity_type-Team__start_type-All__blocked-False__season-2023__season_type-Playoffs__entity_id-1611661324__5e4523f1,get-shots,https://api.pbpstats.com/get-shots/wnba?EntityType=Team&StartType=All&Blocked=False&Season=2023&SeasonType=Playoffs&EntityId=1611661324,200,23,,,,,,False,1611661323,206.0,71,2023-09-20,1042300123,1627671-1629483-1629524-1641649-203825,False,CON,1629567-201886-203026-203826-204296,,,,,,1611661324,1,Bridget Carleton,1629524,24,03:37,0,,0,,203825,Kayla McBride,204296,Rebecca Allen,False,-13,,23.3,0.3711,208.0,Arc3,3,217.0,OffLiveBallTurnover,MIN,03:28,https://videos.nba.com/wnba/pbp/media/2023/09/20/1042300123/71/83746ec1-2a61-f050-dad4-e6b3bfd69fd1_960x540.mp4,-182,146
wnba,wnba_shot_pace,shot_pace,shots,get-shots,2023,Playoffs,team,"{'EntityType': 'Team', 'StartType': 'All', 'Blocked': False, 'Season': '2023', 'SeasonType': 'Playoffs', 'EntityId': '1611661324'}",shot_pace,1611661324,4Q/OT | margin -3..3 | 300..120,get-shots__shots__entity_type-Team__start_type-All__blocked-False__season-2023__season_type-Playoffs__entity_id-1611661324__5e4523f1,get-shots,https://api.pbpstats.com/get-shots/wnba?EntityType=Team&StartType=All&Blocked=False&Season=2023&SeasonType=Playoffs&EntityId=1611661324,200,24,,,,,,False,1611661323,299.0,47,2023-09-20,1042300123,1627676-1629483-1641649-1641657-203825,False,CON,1629567-201886-203026-203826-204296,,,,,,1611661324,1,Tiffany Mitchell,1627676,18,05:19,0,,203826,Alyssa Thomas,0,,0,,False,-11,,13.8,0.4086,300.0,ShortMidRange,2,319.0,OffAtRimMake,MIN,05:00,https://videos.nba.com/wnba/pbp/media/2023/09/20/1042300123/47/9b9691f8-5026-95f9-a21d-1db4941232fc_960x540.mp4,-128,52
wnba,wnba_shot_pace,shot_pace,shots,get-shots,2023,Playoffs,team,"{'EntityType': 'Team', 'StartType': 'All', 'Blocked': False, 'Season': '2023', 'SeasonType': 'Playoffs', 'EntityId': '1611661324'}",shot_pace,1611661324,4Q/OT | margin -3..3 | 300..120,get-shots__shots__entity_type-Team__start_type-All__blocked-False__season-2023__season_type-Playoffs__entity_id-1611661324__5e4523f1,get-shots,https://api.pbpstats.com/get-shots/wnba?EntityType=Team&StartType=All&Blocked=False&Season=2023&SeasonType=Playoffs&EntityId=1611661324,200,25,,,,,,False,1611661323,353.0,38,2023-09-20,1042300123,1627676-1629483-1641649-1641657-203825,False,CON,1629567-201886-203026-203826-204296,,,,,,1611661324,1,Kayla McBride,203825,14,06:13,0,,0,,0,,0,,False,-7,,25.0,0.3318,356.0,Arc3,3,373.0,OffFTMake,MIN,05:56,https://videos.nba.com/wnba/pbp/media/2023/09/20/1042300123/38/6928174a-79e6-59dc-37ab-e97e0c891c72_960x540.mp4,129,214
wnba,wnba_shot_pace,shot_pace,shots,get-shots,2023,Playoffs,team,"{'EntityType': 'Team', 'StartType': 'All', 'Blocked': False, 'Season': '2023', 'SeasonType': 'Playoffs', 'EntityId': '1611661324'}",shot_pace,1611661324,4Q/OT | margin -3..3 | 300..120,get-shots__shots__entity_type-Team__start_type-All__blocked-False__season-2023__season_type-Playoffs__entity_id-1611661324__5e4523f1,get-shots,https://api.pbpstats.com/get-shots/wnba?EntityType=Team&StartType=All&Blocked=False&Season=2023&SeasonType=Playoffs&EntityId=1611661324,200,26,,,,,,False,1611661323,405.0,28,2023-09-20,1042300123,1627676-1629483-1641649-1641657-203825,False,CON,1629567-201886-203026-203826-204296,,,,,,1611661324,1,Kayla McBride,203825,10,07:05,0,,204296,Rebecca Allen,0,,0,,False,-2,,26.4,0.337,408.0,Arc3,3,425.0,OffLongMidRangeMake,MIN,06:48,https://videos.nba.com/wnba/pbp/media/2023/09/20/1042300123/28/6a63bafc-d9d5-341d-b442-215882c0d781_960x540.mp4,135,227
wnba,wnba_shot_pace,shot_pace,shots,get-shots,2023,Playoffs,team,"{'EntityType': 'Team', 'StartType': 'All', 'Blocked': False, 'Season': '2023', 'SeasonType': 'Playoffs', 'EntityId': '1611661324'}",shot_pace,1611661324,4Q/OT | margin -3..3 | 300..120,get-shots__shots__entity_type-Team__start_type-All__blocked-False__season-2023__season_type-Playoffs__entity_id-1611661324__5e4523f1,get-shots,https://api.pbpstats.com/get-shots/wnba?EntityType=Team&StartType=All&Blocked=False&Season=2023&SeasonType=Playoffs&EntityId=1611661324,200,27,,,,,,False,1611661323,529.0,11,2023-09-20,1042300123,1627676-1629483-1641649-1641657-203825,False,CON,1629567-201886-203026-203826-204296,,,,,,1611661324,1,Napheesa Collier,1629483,4,09:03,0,,1629567,Natisha Hiedeman,0,,0,,False,-4,,2.8,0.5708,531.0,AtRim,2,543.0,OffAtRimMake,MIN,08:51,https://videos.nba.com/wnba/pbp/media/2023/09/20/1042300123/11/c34257c4-c4b8-84cf-443a-3e819233e084_960x540.mp4,12,25
wnba,wnba_shot_pace,shot_pace,shots,get-shots,2023,Playoffs,team,"{'EntityType': 'Team', 'StartType': 'All', 'Blocked': False, 'Season': '2023', 'SeasonType': 'Playoffs', 'EntityId': '1611661324'}",shot_pace,1611661324,4Q/OT | margin -3..3 | 300..120,get-shots__shots__entity_type-Team__start_type-All__blocked-False__season-2023__season_type-Playoffs__entity_id-1611661324__5e4523f1,get-shots,https://api.pbpstats.com/get-shots/wnba?EntityType=Team&StartType=All&Blocked=False&Season=2023&SeasonType=Playoffs&EntityId=1611661324,200,28,,,,,,False,1611661323,548.0,8,2023-09-20,1042300123,1627676-1629483-1641649-1641657-203825,False,CON,1629567-201886-203026-203826-204296,,,,,,1611661324,1,Napheesa Collier,1629483,2,09:39,0,,203826,Alyssa Thomas,0,,0,,False,-2,,19.0,0.3625,552.0,LongMidRange,2,579.0,OffShortMidRangeMake,MIN,09:12,https://videos.nba.com/wnba/pbp/media/2023/09/20/1042300123/8/29fe8758-d9af-86a2-a6b0-3575a104533f_960x540.mp4,-17,189
wnba,wnba_shot_pace,shot_pace,shots,get-shots,2023,Playoffs,team,"{'EntityType': 'Team', 'StartType': 'All', 'Blocked': False, 'Season': '2023', 'SeasonType': 'Playoffs', 'EntityId': '1611661324'}",shot_pace,1611661324,4Q/OT | margin -3..3 | 300..120,get-shots__shots__entity_type-Team__start_type-All__blocked-False__season-2023__season_type-Playoffs__entity_id-1611661324__5e4523f1,get-shots,https://api.pbpstats.com/get-shots/wnba?EntityType=Team&StartType=All&Blocked=False&Season=2023&SeasonType=Playoffs&EntityId=1611661324,200,29,,,,,,False,1611661323,25.0,475,2023-09-17,1042300122,1627671-1629483-1629524-1641657-203825,False,CON,1630096-1630112-201886-203826-204296,,,,,,1611661324,4,Rachel Banham,1627671,32,00:41,1629483,Napheesa Collier,1630096,DiJonai Carrington,0,,0,,False,9,,24.6,0.3212,27.0,Arc3,3,41.0,OffAtRimMiss,MIN,00:27,https://videos.nba.com/wnba/pbp/media/2023/09/17/1042300122/475/9b326c9b-4ce4-a307-e93b-7987d09484f3_960x540.mp4,-196,148
wnba,wnba_shot_pace,shot_pace,shots,get-shots,2023,Playoffs,team,"{'EntityType': 'Team', 'StartType': 'All', 'Blocked': False, 'Season': '2023', 'SeasonType': 'Playoffs', 'EntityId': '1611661324'}",shot_pace,1611661324,4Q/OT | margin -3..3 | 300..120,get-shots__shots__entity_type-Team__start_type-All__blocked-False__season-2023__season_type-Playoffs__entity_id-1611661324__5e4523f1,get-shots,https://api.pbpstats.com/get-shots/wnba?EntityType=Team&StartType=All&Blocked=False&Season=2023&SeasonType=Playoffs&EntityId=1611661324,200,30,,,,,,False,1611661323,101.0,463,2023-09-17,1042300122,1627671-1629483-1629524-1641657-203825,False,CON,1630096-1630112-201886-203826-204296,,,,,,1611661324,4,Napheesa Collier,1629483,26,01:56,203825,Kayla McBride,201886,DeWanna Bonner,0,,0,,False,5,,8.8,0.3616,103.0,ShortMidRange,2,116.0,OffArc3Miss,MIN,01:43,https://videos.nba.com/wnba/pbp/media/2023/09/17/1042300122/463/588367ab-b702-f5a5-de42-6f5c02cdac60_960x540.mp4,-50,73
wnba,wnba_shot_pace,shot_pace,shots,get-shots,2023,Playoffs,team,"{'EntityType': 'Team', 'StartType': 'All', 'Blocked': False, 'Season': '2023', 'SeasonType': 'Playoffs', 'EntityId': '1611661324'}",shot_pace,1611661324,4Q/OT | margin -3..3 | 300..120,get-shots__shots__entity_type-Team__start_type-All__blocked-False__season-2023__season_type-Playoffs__entity_id-1611661324__5e4523f1,get-shots,https://api.pbpstats.com/get-shots/wnba?EntityType=Team&StartType=All&Blocked=False&Season=2023&SeasonType=Playoffs&EntityId=1611661324,200,31,,,,,,False,1611661323,131.0,454,2023-09-17,1042300122,1627671-1629483-1629524-1641657-203825,False,CON,1630096-1630112-201886-203826-204296,,,,,,1611661324,4,Napheesa Collier,1629483,24,02:33,0,,201886,DeWanna Bonner,0,,0,,False,3,,9.9,0.386,133.0,ShortMidRange,2,153.0,OffArc3Make,MIN,02:13,https://videos.nba.com/wnba/pbp/media/2023/09/17/1042300122/454/347344a7-e342-6a50-cefd-a88ac0bc6220_960x540.mp4,-49,86
wnba,wnba_shot_pace,shot_pace,shots,get-shots,2023,Playoffs,team,"{'EntityType': 'Team', 'StartType': 'All', 'Blocked': False, 'Season': '2023', 'SeasonType': 'Playoffs', 'EntityId': '1611661324'}",shot_pace,1611661324,4Q/OT | margin -3..3 | 300..120,get-shots__shots__entity_type-Team__start_type-All__blocked-False__season-2023__season_type-Playoffs__entity_id-1611661324__5e4523f1,get-shots,https://api.pbpstats.com/get-shots/wnba?EntityType=Team&StartType=All&Blocked=False&Season=2023&SeasonType=Playoffs&EntityId=1611661324,200,32,,,,,,False,1611661323,208.0,436,2023-09-17,1042300122,1627676-1629483-1629524-1641657-203825,False,CON,1630096-1630112-201886-203826-204296,Tiffany Mitchell,1627676.0,Kayla McBride,203825.0,Corner3,1611661324,4,Napheesa Collier,1629483,20,04:01,0,,201886,DeWanna Bonner,0,,0,,False,3,12.0,10.3,0.384,211.0,ShortMidRange,2,241.0,OffArc3Make,MIN,03:31,https://videos.nba.com/wnba/pbp/media/2023/09/17/1042300122/436/35bbaeb0-518b-61d7-93f4-ef99e5df74ba_960x540.mp4,-78,67
wnba,wnba_shot_pace,shot_pace,shots,get-shots,2023,Playoffs,team,"{'EntityType': 'Team', 'StartType': 'All', 'Blocked': False, 'Season': '2023', 'SeasonType': 'Playoffs', 'EntityId': '1611661324'}",shot_pace,1611661324,4Q/OT | margin -3..3 | 300..120,get-shots__shots__entity_type-Team__start_type-All__blocked-False__season-2023__season_type-Playoffs__entity_id-1611661324__5e4523f1,get-shots,https://api.pbpstats.com/get-shots/wnba?EntityType=Team&StartType=All&Blocked=False&Season=2023&SeasonType=Playoffs&EntityId=1611661324,200,33,,,,,,False,1611661323,208.0,434,2023-09-17,1042300122,1627676-1629483-1629524-1641657-203825,False,CON,1630096-1630112-201886-203826-204296,,,,,,1611661324,4,Kayla McBride,203825,20,04:01,0,,201886,DeWanna Bonner,0,,0,,False,3,,23.0,0.3623,224.0,Corner3,3,241.0,OffArc3Make,MIN,03:44,https://videos.nba.com/wnba/pbp/media/2023/09/17/1042300122/434/318e38f3-7bff-c1fa-c006-4d182a782e3c_960x540.mp4,221,65
wnba,wnba_shot_pace,shot_pace,shots,get-shots,2023,Playoffs,team,"{'EntityType': 'Team', 'StartType': 'All', 'Blocked': False, 'Season': '2023', 'SeasonType': 'Playoffs', 'EntityId': '1611661324'}",shot_pace,1611661324,4Q/OT | margin -3..3 | 300..120,get-shots__shots__entity_type-Team__start_type-All__blocked-False__season-2023__season_type-Playoffs__entity_id-1611661324__5e4523f1,get-shots,https://api.pbpstats.com/get-shots/wnba?EntityType=Team&StartType=All&Blocked=False&Season=2023&SeasonType=Playoffs&EntityId=1611661324,200,34,,,,,,False,1611661323,252.0,428,2023-09-17,1042300122,1627676-1629483-1629524-1641657-203825,False,CON,1630096-1630112-201886-203826-204296,Napheesa Collier,1629483.0,Napheesa Collier,1629483.0,Corner3,1611661324,4,Napheesa Collier,1629483,18,04:32,1641657,Dorka Juhász,1630096,DiJonai Carrington,0,,0,,False,6,3.0,11.7,0.4571,254.0,ShortMidRange,2,272.0,OffShortMidRangeMiss,MIN,04:14,https://videos.nba.com/wnba/pbp/media/2023/09/17/1042300122/428/7dc1b605-cb9a-35e8-ecf8-62b7223a3942_960x540.mp4,-21,115
wnba,wnba_shot_pace,shot_pace,shots,get-shots,2023,Playoffs,team,"{'EntityType': 'Team', 'StartType': 'All', 'Blocked': False, 'Season': '2023', 'SeasonType': 'Playoffs', 'EntityId': '1611661324'}",shot_pace,1611661324,4Q/OT | margin -3..3 | 300..120,get-shots__shots__entity_type-Team__start_type-All__blocked-False__season-2023__season_type-Playoffs__entity_id-1611661324__5e4523f1,get-shots,https://api.pbpstats.com/get-shots/wnba?EntityType=Team&StartType=All&Blocked=False&Season=2023&SeasonType=Playoffs&EntityId=1611661324,200,35,,,,,,False,1611661323,252.0,426,2023-09-17,1042300122,1627676-1629483-1629524-1641657-203825,False,CON,1630096-1630112-201886-203826-204296,,,,,,1611661324,4,Napheesa Collier,1629483,18,04:32,1641657,Dorka Juhász,1630096,DiJonai Carrington,0,,0,,False,6,,23.4,0.3701,258.0,Corner3,3,272.0,OffShortMidRangeMiss,MIN,04:18,https://videos.nba.com/wnba/pbp/media/2023/09/17/1042300122/426/2e64943e-db14-92fe-93e7-c7f80c870f86_960x540.mp4,-228,54
wnba,wnba_shot_pace,shot_pace,shots,get-shots,2023,Playoffs,team,"{'EntityType': 'Team', 'StartType': 'All', 'Blocked': False, 'Season': '2023', 'SeasonType': 'Playoffs', 'EntityId': '1611661324'}",shot_pace,1611661324,4Q/OT | margin -3..3 | 300..120,get-shots__shots__entity_type-Team__start_type-All__blocked-False__season-2023__season_type-Playoffs__entity_id-1611661324__5e4523f1,get-shots,https://api.pbpstats.com/get-shots/wnba?EntityType=Team&StartType=All&Blocked=False&Season=2023&SeasonType=Playoffs&EntityId=1611661324,200,36,,,,,,False,1611661323,292.0,422,2023-09-17,1042300122,1627676-1629483-1629524-1641657-203825,False,CON,1630096-1630112-201886-203826-204296,,,,,,1611661324,4,Napheesa Collier,1629483,16,05:14,0,,0,,0,,0,,False,6,,6.0,0.2888,293.0,ShortMidRange,2,314.0,OffTimeout,MIN,04:53,https://videos.nba.com/wnba/pbp/media/2023/09/17/1042300122/422/c49a4561-cf37-1a6c-3be2-30585e442f31_960x540.mp4,-45,39
wnba,wnba_shot_pace,shot_pace,shots,get-shots,2023,Playoffs,team,"{'EntityType': 'Team', 'StartType': 'All', 'Blocked': False, 'Season': '2023', 'SeasonType': 'Playoffs', 'EntityId': '1611661324'}",shot_pace,1611661324,4Q/OT | margin -3..3 | 300..120,get-shots__shots__entity_type-Team__start_type-All__blocked-False__season-2023__season_type-Playoffs__entity_id-1611661324__5e4523f1,get-shots,https://api.pbpstats.com/get-shots/wnba?EntityType=Team&StartType=All&Blocked=False&Season=2023&SeasonType=Playoffs&EntityId=1611661324,200,37,,,,,,False,1611661323,523.0,383,2023-09-17,1042300122,1627671-1629483-1629524-1641657-203825,False,CON,1630096-1630112-1631135-203826-204296,,,,,,1611661324,4,Rachel Banham,1627671,4,09:00,1629483,Napheesa Collier,1630112,Tyasha Harris,0,,0,,False,4,,22.8,0.3625,524.0,Corner3,3,540.0,OffArc3Miss,MIN,08:44,https://videos.nba.com/wnba/pbp/media/2023/09/17/1042300122/383/105e5cc5-5d9c-1663-b07a-c499823a8f85_960x540.mp4,-227,24
wnba,wnba_shot_pace,shot_pace,shots,get-shots,2023,Playoffs,team,"{'EntityType': 'Team', 'StartType': 'All', 'Blocked': False, 'Season': '2023', 'SeasonType': 'Playoffs', 'EntityId': '1611661324'}",shot_pace,1611661324,4Q/OT | margin -3..3 | 300..120,get-shots__shots__entity_type-Team__start_type-All__blocked-False__season-2023__season_type-Playoffs__entity_id-1611661324__5e4523f1,get-shots,https://api.pbpstats.com/get-shots/wnba?EntityType=Team&StartType=All&Blocked=False&Season=2023&SeasonType=Playoffs&EntityId=1611661324,200,38,,,,,,False,1611661323,559.0,379,2023-09-17,1042300122,1627671-1629483-1629524-1641657-203825,False,CON,1630096-1630112-1631135-203826-204296,,,,,,1611661324,4,Napheesa Collier,1629483,2,09:41,1629483,Napheesa Collier,203826,Alyssa Thomas,0,,0,,False,4,,23.5,0.2795,560.0,Corner3,3,581.0,OffFTMiss,MIN,09:20,https://videos.nba.com/wnba/pbp/media/2023/09/17/1042300122/379/98d97a49-11db-9d64-66a7-172851601376_960x540.mp4,229,52
wnba,wnba_shot_pace,shot_pace,shots,get-shots,2023,Playoffs,team,"{'EntityType': 'Team', 'StartType': 'All', 'Blocked': False, 'Season': '2023', 'SeasonType': 'Playoffs', 'EntityId': '1611661324'}",shot_pace,1611661324,4Q/OT | margin -3..3 | 300..120,get-shots__shots__entity_type-Team__start_type-All__blocked-False__season-2023__season_type-Playoffs__entity_id-1611661324__5e4523f1,get-shots,https://api.pbpstats.com/get-shots/wnba?EntityType=Team&StartType=All&Blocked=False&Season=2023&SeasonType=Playoffs&EntityId=1611661324,200,39,,,,,,False,1611661323,22.0,358,2023-09-17,1042300122,1627671-1629483-1641649-1641657-203825,False,CON,1630096-1630112-201886-203826-204296,,,,,,1611661324,3,Kayla McBride,203825,37,00:46,0,,203826,Alyssa Thomas,0,,0,,False,5,,23.2,0.3265,24.0,Corner3,3,46.0,OffAtRimMake,MIN,00:24,https://videos.nba.com/wnba/pbp/media/2023/09/17/1042300122/358/17d4ea54-02b7-1c09-12c0-89854dcf0b4b_960x540.mp4,-232,3
wnba,wnba_shot_pace,shot_pace,shots,get-shots,2023,Playoffs,team,"{'EntityType': 'Team', 'StartType': 'All', 'Blocked': False, 'Season': '2023', 'SeasonType': 'Playoffs', 'EntityId': '1611661324'}",shot_pace,1611661324,4Q/OT | margin -3..3 | 300..120,get-shots__shots__entity_type-Team__start_type-All__blocked-False__season-2023__season_type-Playoffs__entity_id-1611661324__5e4523f1,get-shots,https://api.pbpstats.com/get-shots/wnba?EntityType=Team&StartType=All&Blocked=False&Season=2023&SeasonType=Playoffs&EntityId=1611661324,200,40,,,,,,False,1611661323,74.0,347,2023-09-17,1042300122,1627676-1629483-1641649-1641657-203825,False,CON,1630096-1630112-201886-203826-204296,,,,,,1611661324,3,Diamond Miller,1641649,33,01:27,0,,1630096,DiJonai Carrington,0,,0,,False,9,,24.8,0.3595,76.0,Arc3,3,87.0,OffAtRimMake,MIN,01:16,https://videos.nba.com/wnba/pbp/media/2023/09/17/1042300122/347/8d84df3f-9e4a-55a5-c654-17658e591a0c_960x540.mp4,-161,189
wnba,wnba_shot_pace,shot_pace,shots,get-shots,2023,Playoffs,team,"{'EntityType': 'Team', 'StartType': 'All', 'Blocked': False, 'Season': '2023', 'SeasonType': 'Playoffs', 'EntityId': '1611661324'}",shot_pace,1611661324,4Q/OT | margin -3..3 | 300..120,get-shots__shots__entity_type-Team__start_type-All__blocked-False__season-2023__season_type-Playoffs__entity_id-1611661324__5e4523f1,get-shots,https://api.pbpstats.com/get-shots/wnba?EntityType=Team&StartType=All&Blocked=False&Season=2023&SeasonType=Playoffs&EntityId=1611661324,200,41,,,,,,False,1611661323,127.0,338,2023-09-17,1042300122,1627676-1629483-1629524-1641649-203825,False,CON,1630096-1630112-201886-203826-204296,,,,,,1611661324,3,Kayla McBride,203825,29,02:25,0,,0,,0,,0,,False,13,,12.9,0.3761,128.0,ShortMidRange,2,145.0,OffFTMake,MIN,02:08,https://videos.nba.com/wnba/pbp/media/2023/09/17/1042300122/338/f174e552-643b-44ae-3847-cdb9cd112e35_960x540.mp4,-83,99
wnba,wnba_shot_pace,shot_pace,shots,get-shots,2023,Playoffs,team,"{'EntityType': 'Team', 'StartType': 'All', 'Blocked': False, 'Season': '2023', 'SeasonType': 'Playoffs', 'EntityId': '1611661324'}",shot_pace,1611661324,4Q/OT | margin -3..3 | 300..120,get-shots__shots__entity_type-Team__start_type-All__blocked-False__season-2023__season_type-Playoffs__entity_id-1611661324__5e4523f1,get-shots,https://api.pbpstats.com/get-shots/wnba?EntityType=Team&StartType=All&Blocked=False&Season=2023&SeasonType=Playoffs&EntityId=1611661324,200,42,,,,,,False,1611661323,153.0,329,2023-09-17,1042300122,1627671-1629483-1629524-1641649-203825,False,CON,1630096-1630112-201886-203826-204296,,,,,,1611661324,3,Napheesa Collier,1629483,27,02:49,1629483,Napheesa Collier,204296,Rebecca Allen,0,,0,,False,16,,4.4,0.5127,154.0,ShortMidRange,2,169.0,OffArc3Miss,MIN,02:34,https://videos.nba.com/wnba/pbp/media/2023/09/17/1042300122/329/7e2fd7ff-78a3-36d5-f063-42db2dbe7449_960x540.mp4,-34,28
wnba,wnba_shot_pace,shot_pace,shots,get-shots,2023,Playoffs,team,"{'EntityType': 'Team', 'StartType': 'All', 'Blocked': False, 'Season': '2023', 'SeasonType': 'Playoffs', 'EntityId': '1611661324'}",shot_pace,1611661324,4Q/OT | margin -3..3 | 300..120,get-shots__shots__entity_type-Team__start_type-All__blocked-False__season-2023__season_type-Playoffs__entity_id-1611661324__5e4523f1,get-shots,https://api.pbpstats.com/get-shots/wnba?EntityType=Team&StartType=All&Blocked=False&Season=2023&SeasonType=Playoffs&EntityId=1611661324,200,43,,,,,,False,1611661323,203.0,316,2023-09-17,1042300122,1627671-1629483-1629524-1641649-203825,False,CON,1630096-1630112-201886-203826-204296,,,,,,1611661324,3,Kayla McBride,203825,23,03:48,0,,0,,0,,0,,False,13,,19.5,0.2769,205.0,LongMidRange,2,228.0,OffDeadball,MIN,03:25,https://videos.nba.com/wnba/pbp/media/2023/09/17/1042300122/316/a9729d93-4db5-1276-65d7-3dd81a937c86_960x540.mp4,-190,43
wnba,wnba_shot_pace,shot_pace,shots,get-shots,2023,Playoffs,team,"{'EntityType': 'Team', 'StartType': 'All', 'Blocked': False, 'Season': '2023', 'SeasonType': 'Playoffs', 'EntityId': '1611661324'}",shot_pace,1611661324,4Q/OT | margin -3..3 | 300..120,get-shots__shots__entity_type-Team__start_type-All__blocked-False__season-2023__season_type-Playoffs__entity_id-1611661324__5e4523f1,get-shots,https://api.pbpstats.com/get-shots/wnba?EntityType=Team&StartType=All&Blocked=False&Season=2023&SeasonType=Playoffs&EntityId=1611661324,200,44,,,,,,False,1611661323,341.0,284,2023-09-17,1042300122,1627671-1629483-1629524-1641649-203825,False,CON,1629567-201886-203026-203826-204296,,,,,,1611661324,3,Kayla McBride,203825,15,06:06,0,,0,,0,,0,,False,3,,24.8,0.3772,353.0,Arc3,3,366.0,OffFTMake,MIN,05:53,https://videos.nba.com/wnba/pbp/media/2023/09/17/1042300122/284/2efe5bf5-306f-00f6-e16d-ba67493fdc86_960x540.mp4,186,164
wnba,wnba_shot_pace,shot_pace,shots,get-shots,2023,Playoffs,team,"{'EntityType': 'Team', 'StartType': 'All', 'Blocked': False, 'Season': '2023', 'SeasonType': 'Playoffs', 'EntityId': '1611661324'}",shot_pace,1611661324,4Q/OT | margin -3..3 | 300..120,get-shots__shots__entity_type-Team__start_type-All__blocked-False__season-2023__season_type-Playoffs__entity_id-1611661324__5e4523f1,get-shots,https://api.pbpstats.com/get-shots/wnba?EntityType=Team&StartType=All&Blocked=False&Season=2023&SeasonType=Playoffs&EntityId=1611661324,200,45,,,,,,False,1611661323,379.0,276,2023-09-17,1042300122,1627671-1629524-1641649-1641657-203825,False,CON,1629567-201886-203026-203826-204296,,,,,,1611661324,3,Diamond Miller,1641649,13,06:40,0,,203026,Tiffany Hayes,0,,0,,False,5,,3.3,0.5695,381.0,AtRim,2,400.0,OffLongMidRangeMake,MIN,06:21,https://videos.nba.com/wnba/pbp/media/2023/09/17/1042300122/276/a4b5554a-bef6-62cd-e6e9-7abc2a195f3f_960x540.mp4,24,23
wnba,wnba_shot_pace,shot_pace,shots,get-shots,2023,Playoffs,team,"{'EntityType': 'Team', 'StartType': 'All', 'Blocked': False, 'Season': '2023', 'SeasonType': 'Playoffs', 'EntityId': '1611661324'}",shot_pace,1611661324,4Q/OT | margin -3..3 | 300..120,get-shots__shots__entity_type-Team__start_type-All__blocked-False__season-2023__season_type-Playoffs__entity_id-1611661324__5e4523f1,get-shots,https://api.pbpstats.com/get-shots/wnba?EntityType=Team&StartType=All&Blocked=False&Season=2023&SeasonType=Playoffs&EntityId=1611661324,200,46,,,,,,False,1611661323,32.0,225,2023-09-17,1042300122,1627676-1629483-1641649-1641657-203825,False,CON,1630096-1630112-201886-203826-204296,,,,,,1611661324,2,Kayla McBride,203825,33,00:47,0,,201886,DeWanna Bonner,0,,0,,False,2,,23.5,0.3242,33.0,Corner3,3,47.0,OffArc3Make,MIN,00:33,https://videos.nba.com/wnba/pbp/media/2023/09/17/1042300122/225/02ab322a-e546-f0b8-60dc-e354c5defadf_960x540.mp4,-223,74
wnba,wnba_shot_pace,shot_pace,shots,get-shots,2023,Playoffs,team,"{'EntityType': 'Team', 'StartType': 'All', 'Blocked': False, 'Season': '2023', 'SeasonType': 'Playoffs', 'EntityId': '1611661324'}",shot_pace,1611661324,4Q/OT | margin -3..3 | 300..120,get-shots__shots__entity_type-Team__start_type-All__blocked-False__season-2023__season_type-Playoffs__entity_id-1611661324__5e4523f1,get-shots,https://api.pbpstats.com/get-shots/wnba?EntityType=Team&StartType=All&Blocked=False&Season=2023&SeasonType=Playoffs&EntityId=1611661324,200,47,,,,,,False,1611661323,95.0,211,2023-09-17,1042300122,1627676-1629483-1641649-1641657-203825,False,CON,1630112-1631135-203026-203826-204296,,,,,,1611661324,2,Diamond Miller,1641649,29,01:57,1629483,Napheesa Collier,203826,Alyssa Thomas,0,,0,,False,3,,4.5,0.2926,96.0,ShortMidRange,2,117.0,OffAtRimMiss,MIN,01:36,https://videos.nba.com/wnba/pbp/media/2023/09/17/1042300122/211/59f424bf-e7f5-c76a-cc42-77a83dacb690_960x540.mp4,-44,11
wnba,wnba_shot_pace,shot_pace,shots,get-shots,2023,Playoffs,team,"{'EntityType': 'Team', 'StartType': 'All', 'Blocked': False, 'Season': '2023', 'SeasonType': 'Playoffs', 'EntityId': '1611661324'}",shot_pace,1611661324,4Q/OT | margin -3..3 | 300..120,get-shots__shots__entity_type-Team__start_type-All__blocked-False__season-2023__season_type-Playoffs__entity_id-1611661324__5e4523f1,get-shots,https://api.pbpstats.com/get-shots/wnba?EntityType=Team&StartType=All&Blocked=False&Season=2023&SeasonType=Playoffs&EntityId=1611661324,200,48,,,,,,False,1611661323,213.0,191,2023-09-17,1042300122,1627676-1629483-1631263-1641649-203825,False,CON,1630112-1631135-201886-203026-203826,,,,,,1611661324,2,Nikolina Milic,1631263,23,03:52,0,,0,,0,,0,,False,-1,,3.0,0.4831,214.0,AtRim,2,232.0,OffDeadball,MIN,03:34,https://videos.nba.com/wnba/pbp/media/2023/09/17/1042300122/191/808e3a22-164c-4512-b5e6-259b6d43a05e_960x540.mp4,12,28
wnba,wnba_shot_pace,shot_pace,shots,get-shots,2023,Playoffs,team,"{'EntityType': 'Team', 'StartType': 'All', 'Blocked': False, 'Season': '2023', 'SeasonType': 'Playoffs', 'EntityId': '1611661324'}",shot_pace,1611661324,4Q/OT | margin -3..3 | 300..120,get-shots__shots__entity_type-Team__start_type-All__blocked-False__season-2023__season_type-Playoffs__entity_id-1611661324__5e4523f1,get-shots,https://api.pbpstats.com/get-shots/wnba?EntityType=Team&StartType=All&Blocked=False&Season=2023&SeasonType=Playoffs&EntityId=1611661324,200,49,,,,,,False,1611661323,283.0,180,2023-09-17,1042300122,1627676-1629483-1631263-1641649-203825,False,CON,1630112-1631135-201886-203026-203826,,,,,,1611661324,2,Tiffany Mitchell,1627676,19,05:02,1627676,Tiffany Mitchell,201886,DeWanna Bonner,0,,0,,False,1,,14.2,0.4174,284.0,LongMidRange,2,302.0,OffLongMidRangeMiss,MIN,04:44,https://videos.nba.com/wnba/pbp/media/2023/09/17/1042300122/180/fa964da5-7d3d-f9bb-ed93-746689a663c5_960x540.mp4,10,142
wnba,wnba_shot_pace,shot_pace,shots,get-shots,2023,Playoffs,team,"{'EntityType': 'Team', 'StartType': 'All', 'Blocked': False, 'Season': '2023', 'SeasonType': 'Playoffs', 'EntityId': '1611661324'}",shot_pace,1611661324,4Q/OT | margin -3..3 | 300..120,get-shots__shots__entity_type-Team__start_type-All__blocked-False__season-2023__season_type-Playoffs__entity_id-1611661324__5e4523f1,get-shots,https://api.pbpstats.com/get-shots/wnba?EntityType=Team&StartType=All&Blocked=False&Season=2023&SeasonType=Playoffs&EntityId=1611661324,200,50,,,,,,False,1611661323,358.0,168,2023-09-17,1042300122,1627671-1629483-1631263-1641649-203825,False,CON,1630112-1631135-201886-203026-203826,,,,,,1611661324,2,Rachel Banham,1627671,15,06:14,0,,0,,0,,0,,False,1,,23.6,0.3914,359.0,Arc3,3,374.0,OffFTMake,MIN,05:59,https://videos.nba.com/wnba/pbp/media/2023/09/17/1042300122/168/d5e43d2b-775e-8722-c321-28afb3ca2539_960x540.mp4,178,155
wnba,wnba_shot_pace,shot_pace,shots,get-shots,2023,Playoffs,team,"{'EntityType': 'Team', 'StartType': 'All', 'Blocked': False, 'Season': '2023', 'SeasonType': 'Playoffs', 'EntityId': '1611661324'}",shot_pace,1611661324,4Q/OT | margin -3..3 | 300..120,get-shots__shots__entity_type-Team__start_type-All__blocked-False__season-2023__season_type-Playoffs__entity_id-1611661324__5e4523f1,get-shots,https://api.pbpstats.com/get-shots/wnba?EntityType=Team&StartType=All&Blocked=False&Season=2023&SeasonType=Playoffs&EntityId=1611661324,200,51,,,,,,False,1611661323,388.0,156,2023-09-17,1042300122,1627671-1629483-1629524-1641657-203825,False,CON,1630112-201886-203026-203826-204296,,,,,,1611661324,2,Bridget Carleton,1629524,13,06:46,0,,204296,Rebecca Allen,0,,0,,False,3,,24.3,0.3893,389.0,Corner3,3,406.0,OffLongMidRangeMake,MIN,06:29,https://videos.nba.com/wnba/pbp/media/2023/09/17/1042300122/156/67053f3e-cf7e-70ea-f460-a224799a79df_960x540.mp4,-243,6
wnba,wnba_shot_pace,shot_pace,shots,get-shots,2023,Playoffs,team,"{'EntityType': 'Team', 'StartType': 'All', 'Blocked': False, 'Season': '2023', 'SeasonType': 'Playoffs', 'EntityId': '1611661324'}",shot_pace,1611661324,4Q/OT | margin -3..3 | 300..120,get-shots__shots__entity_type-Team__start_type-All__blocked-False__season-2023__season_type-Playoffs__entity_id-1611661324__5e4523f1,get-shots,https://api.pbpstats.com/get-shots/wnba?EntityType=Team&StartType=All&Blocked=False&Season=2023&SeasonType=Playoffs&EntityId=1611661324,200,52,,,,,,False,1611661323,474.0,136,2023-09-17,1042300122,1627671-1629483-1629524-1641657-203825,False,CON,1630096-1630112-201886-203826-204296,,,,,,1611661324,2,Bridget Carleton,1629524,7,08:19,0,,201886,DeWanna Bonner,0,,0,,False,5,,7.3,0.3963,475.0,ShortMidRange,2,499.0,OffArc3Make,MIN,07:55,https://videos.nba.com/wnba/pbp/media/2023/09/17/1042300122/136/7bddc20b-6a0c-db55-01af-0db4786d9b2c_960x540.mp4,11,72
wnba,wnba_shot_pace,shot_pace,shots,get-shots,2023,Playoffs,team,"{'EntityType': 'Team', 'StartType': 'All', 'Blocked': False, 'Season': '2023', 'SeasonType': 'Playoffs', 'EntityId': '1611661324'}",shot_pace,1611661324,4Q/OT | margin -3..3 | 300..120,get-shots__shots__entity_type-Team__start_type-All__blocked-False__season-2023__season_type-Playoffs__entity_id-1611661324__5e4523f1,get-shots,https://api.pbpstats.com/get-shots/wnba?EntityType=Team&StartType=All&Blocked=False&Season=2023&SeasonType=Playoffs&EntityId=1611661324,200,53,,,,,,False,1611661323,516.0,124,2023-09-17,1042300122,1627671-1629483-1629524-1641657-203825,False,CON,1630096-1630112-201886-203826-204296,,,,,,1611661324,2,Rachel Banham,1627671,5,09:01,0,,0,,1641657,Dorka Juhász,1630096,DiJonai Carrington,False,5,,25.1,0.3694,533.0,Arc3,3,541.0,OffLiveBallTurnover,MIN,08:53,https://videos.nba.com/wnba/pbp/media/2023/09/17/1042300122/124/fd4350f4-8709-9067-d7d7-48cbc81e03a0_960x540.mp4,-96,232
wnba,wnba_shot_pace,shot_pace,shots,get-shots,2023,Playoffs,team,"{'EntityType': 'Team', 'StartType': 'All', 'Blocked': False, 'Season': '2023', 'SeasonType': 'Playoffs', 'EntityId': '1611661324'}",shot_pace,1611661324,4Q/OT | margin -3..3 | 300..120,get-shots__shots__entity_type-Team__start_type-All__blocked-False__season-2023__season_type-Playoffs__entity_id-1611661324__5e4523f1,get-shots,https://api.pbpstats.com/get-shots/wnba?EntityType=Team&StartType=All&Blocked=False&Season=2023&SeasonType=Playoffs&EntityId=1611661324,200,54,,,,,,False,1611661323,19.0,106,2023-09-17,1042300122,1627676-1629483-1629524-1641657-203825,False,CON,1630096-1630112-201886-203826-204296,,,,,,1611661324,1,Kayla McBride,203825,38,00:38,0,,0,,0,,0,,False,3,,13.1,0.3598,21.0,ShortMidRange,2,38.0,OffDeadball,MIN,00:21,https://videos.nba.com/wnba/pbp/media/2023/09/17/1042300122/106/0003941f-4b91-9e9e-137e-77d58c9bf864_960x540.mp4,-127,34
wnba,wnba_shot_pace,shot_pace,shots,get-shots,2023,Playoffs,team,"{'EntityType': 'Team', 'StartType': 'All', 'Blocked': False, 'Season': '2023', 'SeasonType': 'Playoffs', 'EntityId': '1611661324'}",shot_pace,1611661324,4Q/OT | margin -3..3 | 300..120,get-shots__shots__entity_type-Team__start_type-All__blocked-False__season-2023__season_type-Playoffs__entity_id-1611661324__5e4523f1,get-shots,https://api.pbpstats.com/get-shots/wnba?EntityType=Team&StartType=All&Blocked=False&Season=2023&SeasonType=Playoffs&EntityId=1611661324,200,55,,,,,,False,1611661323,43.0,103,2023-09-17,1042300122,1627676-1629483-1629524-1641657-203825,False,CON,1630096-1630112-201886-203826-204296,,,,,,1611661324,1,Napheesa Collier,1629483,36,00:55,1629524,Bridget Carleton,203826,Alyssa Thomas,0,,0,,False,3,,2.0,0.6799,46.0,AtRim,2,55.0,OffAtRimMiss,MIN,00:46,https://videos.nba.com/wnba/pbp/media/2023/09/17/1042300122/103/c4200bab-7039-f82d-a9b4-118925fc4197_960x540.mp4,15,13
wnba,wnba_shot_pace,shot_pace,shots,get-shots,2023,Playoffs,team,"{'EntityType': 'Team', 'StartType': 'All', 'Blocked': False, 'Season': '2023', 'SeasonType': 'Playoffs', 'EntityId': '1611661324'}",shot_pace,1611661324,4Q/OT | margin -3..3 | 300..120,get-shots__shots__entity_type-Team__start_type-All__blocked-False__season-2023__season_type-Playoffs__entity_id-1611661324__5e4523f1,get-shots,https://api.pbpstats.com/get-shots/wnba?EntityType=Team&StartType=All&Blocked=False&Season=2023&SeasonType=Playoffs&EntityId=1611661324,200,56,,,,,,False,1611661323,65.0,99,2023-09-17,1042300122,1627676-1629483-1629524-1641657-203825,False,CON,1630096-1630112-201886-203826-204296,,,,,,1611661324,1,Kayla McBride,203825,34,01:26,0,,1630112,Tyasha Harris,0,,0,,False,3,,25.0,0.3373,66.0,Arc3,3,86.0,OffLongMidRangeMake,MIN,01:06,https://videos.nba.com/wnba/pbp/media/2023/09/17/1042300122/99/324e4ca3-f3f3-663a-b91c-0045c8eea267_960x540.mp4,-179,174
wnba,wnba_shot_pace,shot_pace,shots,get-shots,2023,Playoffs,team,"{'EntityType': 'Team', 'StartType': 'All', 'Blocked': False, 'Season': '2023', 'SeasonType': 'Playoffs', 'EntityId': '1611661324'}",shot_pace,1611661324,4Q/OT | margin -3..3 | 300..120,get-shots__shots__entity_type-Team__start_type-All__blocked-False__season-2023__season_type-Playoffs__entity_id-1611661324__5e4523f1,get-shots,https://api.pbpstats.com/get-shots/wnba?EntityType=Team&StartType=All&Blocked=False&Season=2023&SeasonType=Playoffs&EntityId=1611661324,200,57,,,,,,False,1611661323,147.0,76,2023-09-17,1042300122,1627676-1629483-1641649-1641657-203825,False,CON,1629567-201886-203026-203826-204296,,,,,,1611661324,1,Diamond Miller,1641649,30,02:48,0,,203826,Alyssa Thomas,0,,0,,False,4,,23.9,0.4066,152.0,Corner3,3,168.0,OffAtRimMake,MIN,02:32,https://videos.nba.com/wnba/pbp/media/2023/09/17/1042300122/76/9730fe6c-0f26-65c8-2e4b-ef82d512f207_960x540.mp4,-239,1
wnba,wnba_shot_pace,shot_pace,shots,get-shots,2023,Playoffs,team,"{'EntityType': 'Team', 'StartType': 'All', 'Blocked': False, 'Season': '2023', 'SeasonType': 'Playoffs', 'EntityId': '1611661324'}",shot_pace,1611661324,4Q/OT | margin -3..3 | 300..120,get-shots__shots__entity_type-Team__start_type-All__blocked-False__season-2023__season_type-Playoffs__entity_id-1611661324__5e4523f1,get-shots,https://api.pbpstats.com/get-shots/wnba?EntityType=Team&StartType=All&Blocked=False&Season=2023&SeasonType=Playoffs&EntityId=1611661324,200,58,,,,,,False,1611661323,263.0,58,2023-09-17,1042300122,1627676-1629483-1641649-1641657-203825,False,CON,1629567-201886-203026-203826-204296,,,,,,1611661324,1,Napheesa Collier,1629483,22,04:39,0,,201886,DeWanna Bonner,0,,0,,False,2,,24.6,0.3599,264.0,Arc3,3,279.0,OffArc3Make,MIN,04:24,https://videos.nba.com/wnba/pbp/media/2023/09/17/1042300122/58/d4d0a1b0-fd4f-c73e-6a07-a26b9f7a4785_960x540.mp4,-202,141
wnba,wnba_shot_pace,shot_pace,shots,get-shots,2023,Playoffs,team,"{'EntityType': 'Team', 'StartType': 'All', 'Blocked': False, 'Season': '2023', 'SeasonType': 'Playoffs', 'EntityId': '1611661324'}",shot_pace,1611661324,4Q/OT | margin -3..3 | 300..120,get-shots__shots__entity_type-Team__start_type-All__blocked-False__season-2023__season_type-Playoffs__entity_id-1611661324__5e4523f1,get-shots,https://api.pbpstats.com/get-shots/wnba?EntityType=Team&StartType=All&Blocked=False&Season=2023&SeasonType=Playoffs&EntityId=1611661324,200,59,,,,,,False,1611661323,364.0,43,2023-09-17,1042300122,1627676-1629483-1641649-1641657-203825,False,CON,1629567-201886-203026-203826-204296,,,,,,1611661324,1,Diamond Miller,1641649,16,06:25,1629483,Napheesa Collier,201886,DeWanna Bonner,0,,0,,False,3,,17.3,0.3558,366.0,LongMidRange,2,385.0,OffLongMidRangeMiss,MIN,06:06,https://videos.nba.com/wnba/pbp/media/2023/09/17/1042300122/43/e15894d2-d32d-4b59-f263-b2bc751010ae_960x540.mp4,-127,118
wnba,wnba_shot_pace,shot_pace,shots,get-shots,2023,Playoffs,team,"{'EntityType': 'Team', 'StartType': 'All', 'Blocked': False, 'Season': '2023', 'SeasonType': 'Playoffs', 'EntityId': '1611661324'}",shot_pace,1611661324,4Q/OT | margin -3..3 | 300..120,get-shots__shots__entity_type-Team__start_type-All__blocked-False__season-2023__season_type-Playoffs__entity_id-1611661324__5e4523f1,get-shots,https://api.pbpstats.com/get-shots/wnba?EntityType=Team&StartType=All&Blocked=False&Season=2023&SeasonType=Playoffs&EntityId=1611661324,200,60,,,,,,False,1611661323,451.0,28,2023-09-17,1042300122,1627676-1629483-1641649-1641657-203825,False,CON,1629567-201886-203026-203826-204296,,,,,,1611661324,1,Diamond Miller,1641649,10,07:40,203825,Kayla McBride,203826,Alyssa Thomas,0,,0,,False,1,,4.8,0.3659,452.0,ShortMidRange,2,460.0,OffAtRimMiss,MIN,07:32,https://videos.nba.com/wnba/pbp/media/2023/09/17/1042300122/28/f93d9873-636b-bd15-fd4f-7a5d3398ad99_960x540.mp4,0,48
wnba,wnba_shot_pace,shot_pace,shots,get-shots,2023,Playoffs,team,"{'EntityType': 'Team', 'StartType': 'All', 'Blocked': False, 'Season': '2023', 'SeasonType': 'Playoffs', 'EntityId': '1611661324'}",shot_pace,1611661324,4Q/OT | margin -3..3 | 300..120,get-shots__shots__entity_type-Team__start_type-All__blocked-False__season-2023__season_type-Playoffs__entity_id-1611661324__5e4523f1,get-shots,https://api.pbpstats.com/get-shots/wnba?EntityType=Team&StartType=All&Blocked=False&Season=2023&SeasonType=Playoffs&EntityId=1611661324,200,61,,,,,,False,1611661323,47.0,500,2023-09-13,1042300121,1627671-1629524-1641649-1641657-203825,False,CON,1629567-1630112-1631135-1641665-204296,,,,,,1611661324,4,Rachel Banham,1627671,34,01:13,0,,204296,Rebecca Allen,0,,0,,False,-30,,31.1,0.0978,48.0,Arc3,3,73.0,OffCorner3Make,MIN,00:48,https://videos.nba.com/wnba/pbp/media/2023/09/13/1042300121/500/b989e05a-1929-f41e-c0fa-057763bdcca3_960x540.mp4,-73,302
wnba,wnba_shot_pace,shot_pace,shots,get-shots,2023,Playoffs,team,"{'EntityType': 'Team', 'StartType': 'All', 'Blocked': False, 'Season': '2023', 'SeasonType': 'Playoffs', 'EntityId': '1611661324'}",shot_pace,1611661324,4Q/OT | margin -3..3 | 300..120,get-shots__shots__entity_type-Team__start_type-All__blocked-False__season-2023__season_type-Playoffs__entity_id-1611661324__5e4523f1,get-shots,https://api.pbpstats.com/get-shots/wnba?EntityType=Team&StartType=All&Blocked=False&Season=2023&SeasonType=Playoffs&EntityId=1611661324,200,62,,,,,,False,1611661323,85.0,495,2023-09-13,1042300121,1627671-1629524-1641649-1641657-203825,False,CON,1629567-1630112-1631135-1641665-204296,,,,,,1611661324,4,Kayla McBride,203825,32,01:32,1629524,Bridget Carleton,204296,Rebecca Allen,0,,0,,False,-27,,11.7,0.4315,85.0,ShortMidRange,2,92.0,OffLongMidRangeMiss,MIN,01:25,https://videos.nba.com/wnba/pbp/media/2023/09/13/1042300121/495/910d74a5-2350-f2a5-82e5-75362bfbb653_960x540.mp4,-92,73
wnba,wnba_shot_pace,shot_pace,shots,get-shots,2023,Playoffs,team,"{'EntityType': 'Team', 'StartType': 'All', 'Blocked': False, 'Season': '2023', 'SeasonType': 'Playoffs', 'EntityId': '1611661324'}",shot_pace,1611661324,4Q/OT | margin -3..3 | 300..120,get-shots__shots__entity_type-Team__start_type-All__blocked-False__season-2023__season_type-Playoffs__entity_id-1611661324__5e4523f1,get-shots,https://api.pbpstats.com/get-shots/wnba?EntityType=Team&StartType=All&Blocked=False&Season=2023&SeasonType=Playoffs&EntityId=1611661324,200,63,,,,,,False,1611661323,111.0,491,2023-09-13,1042300121,1627671-1629524-1641649-1641657-203825,False,CON,1629567-1630112-1631135-1641665-204296,,,,,,1611661324,4,Bridget Carleton,1629524,30,02:06,0,,0,,0,,0,,False,-27,,22.8,0.4073,112.0,Corner3,3,126.0,OffTimeout,MIN,01:52,https://videos.nba.com/wnba/pbp/media/2023/09/13/1042300121/491/8f10224a-adcb-4114-a002-f55d29d542f7_960x540.mp4,-226,27
wnba,wnba_shot_pace,shot_pace,shots,get-shots,2023,Playoffs,team,"{'EntityType': 'Team', 'StartType': 'All', 'Blocked': False, 'Season': '2023', 'SeasonType': 'Playoffs', 'EntityId': '1611661324'}",shot_pace,1611661324,4Q/OT | margin -3..3 | 300..120,get-shots__shots__entity_type-Team__start_type-All__blocked-False__season-2023__season_type-Playoffs__entity_id-1611661324__5e4523f1,get-shots,https://api.pbpstats.com/get-shots/wnba?EntityType=Team&StartType=All&Blocked=False&Season=2023&SeasonType=Playoffs&EntityId=1611661324,200,64,,,,,,False,1611661323,150.0,480,2023-09-13,1042300121,1627671-1629524-1641649-1641657-203825,False,CON,1629567-1630112-1631135-1641665-204296,,,,,,1611661324,4,Diamond Miller,1641649,28,02:53,0,,0,,1629524,Bridget Carleton,1630112,Tyasha Harris,False,-27,,9.8,0.4051,159.0,ShortMidRange,2,173.0,OffLiveBallTurnover,MIN,02:39,https://videos.nba.com/wnba/pbp/media/2023/09/13/1042300121/480/1bd411f3-064a-0037-fd8e-2a411b62dc31_960x540.mp4,-35,92
wnba,wnba_shot_pace,shot_pace,shots,get-shots,2023,Playoffs,team,"{'EntityType': 'Team', 'StartType': 'All', 'Blocked': False, 'Season': '2023', 'SeasonType': 'Playoffs', 'EntityId': '1611661324'}",shot_pace,1611661324,4Q/OT | margin -3..3 | 300..120,get-shots__shots__entity_type-Team__start_type-All__blocked-False__season-2023__season_type-Playoffs__entity_id-1611661324__5e4523f1,get-shots,https://api.pbpstats.com/get-shots/wnba?EntityType=Team&StartType=All&Blocked=False&Season=2023&SeasonType=Playoffs&EntityId=1611661324,200,65,,,,,,False,1611661323,196.0,463,2023-09-13,1042300121,1627671-1627672-1629483-1629524-203825,False,CON,1630096-1630112-201886-203826-204296,,,,,,1611661324,4,Kayla McBride,203825,26,03:24,0,,0,,1629524,Bridget Carleton,203826,Alyssa Thomas,False,-26,,23.7,0.4919,197.0,Arc3,3,204.0,OffLiveBallTurnover,MIN,03:17,https://videos.nba.com/wnba/pbp/media/2023/09/13/1042300121/463/9095fb28-109d-9a1c-2f8a-c75ff602ac87_960x540.mp4,-215,100
wnba,wnba_shot_pace,shot_pace,shots,get-shots,2023,Playoffs,team,"{'EntityType': 'Team', 'StartType': 'All', 'Blocked': False, 'Season': '2023', 'SeasonType': 'Playoffs', 'EntityId': '1611661324'}",shot_pace,1611661324,4Q/OT | margin -3..3 | 300..120,get-shots__shots__entity_type-Team__start_type-All__blocked-False__season-2023__season_type-Playoffs__entity_id-1611661324__5e4523f1,get-shots,https://api.pbpstats.com/get-shots/wnba?EntityType=Team&StartType=All&Blocked=False&Season=2023&SeasonType=Playoffs&EntityId=1611661324,200,66,,,,,,False,1611661323,217.0,459,2023-09-13,1042300121,1627671-1627672-1629483-1629524-203825,False,CON,1630096-1630112-201886-203826-204296,,,,,,1611661324,4,Bridget Carleton,1629524,24,03:55,0,,0,,0,,0,,False,-26,,25.0,0.3911,218.0,Arc3,3,235.0,OffTimeout,MIN,03:38,https://videos.nba.com/wnba/pbp/media/2023/09/13/1042300121/459/b3371f6b-2936-f512-4378-1e1d17e5e8fd_960x540.mp4,-206,142
wnba,wnba_shot_pace,shot_pace,shots,get-shots,2023,Playoffs,team,"{'EntityType': 'Team', 'StartType': 'All', 'Blocked': False, 'Season': '2023', 'SeasonType': 'Playoffs', 'EntityId': '1611661324'}",shot_pace,1611661324,4Q/OT | margin -3..3 | 300..120,get-shots__shots__entity_type-Team__start_type-All__blocked-False__season-2023__season_type-Playoffs__entity_id-1611661324__5e4523f1,get-shots,https://api.pbpstats.com/get-shots/wnba?EntityType=Team&StartType=All&Blocked=False&Season=2023&SeasonType=Playoffs&EntityId=1611661324,200,67,,,,,,False,1611661323,247.0,453,2023-09-13,1042300121,1627671-1627672-1629483-1629524-203825,False,CON,1630096-1630112-201886-203826-204296,,,,,,1611661324,4,Aerial Powers,1627672,22,04:28,0,,204296,Rebecca Allen,0,,0,,False,-24,,16.9,0.3704,248.0,LongMidRange,2,268.0,OffArc3Make,MIN,04:08,https://videos.nba.com/wnba/pbp/media/2023/09/13/1042300121/453/99df9e62-7543-2fd9-cfc4-f56cb89662f4_960x540.mp4,-165,35
wnba,wnba_shot_pace,shot_pace,shots,get-shots,2023,Playoffs,team,"{'EntityType': 'Team', 'StartType': 'All', 'Blocked': False, 'Season': '2023', 'SeasonType': 'Playoffs', 'EntityId': '1611661324'}",shot_pace,1611661324,4Q/OT | margin -3..3 | 300..120,get-shots__shots__entity_type-Team__start_type-All__blocked-False__season-2023__season_type-Playoffs__entity_id-1611661324__5e4523f1,get-shots,https://api.pbpstats.com/get-shots/wnba?EntityType=Team&StartType=All&Blocked=False&Season=2023&SeasonType=Playoffs&EntityId=1611661324,200,68,,,,,,False,1611661323,330.0,438,2023-09-13,1042300121,1627671-1627672-1629483-1629524-203825,False,CON,1630096-1630112-201886-203826-204296,,,,,,1611661324,4,Napheesa Collier,1629483,18,05:53,0,,204296,Rebecca Allen,0,,0,,False,-21,,12.3,0.372,331.0,ShortMidRange,2,353.0,OffArc3Make,MIN,05:31,https://videos.nba.com/wnba/pbp/media/2023/09/13/1042300121/438/098324e3-0cd3-a10b-c90b-6850ad378ee0_960x540.mp4,-43,115
wnba,wnba_shot_pace,shot_pace,shots,get-shots,2023,Playoffs,team,"{'EntityType': 'Team', 'StartType': 'All', 'Blocked': False, 'Season': '2023', 'SeasonType': 'Playoffs', 'EntityId': '1611661324'}",shot_pace,1611661324,4Q/OT | margin -3..3 | 300..120,get-shots__shots__entity_type-Team__start_type-All__blocked-False__season-2023__season_type-Playoffs__entity_id-1611661324__5e4523f1,get-shots,https://api.pbpstats.com/get-shots/wnba?EntityType=Team&StartType=All&Blocked=False&Season=2023&SeasonType=Playoffs&EntityId=1611661324,200,69,,,,,,False,1611661323,359.0,432,2023-09-13,1042300121,1627671-1627672-1629483-1629524-203825,False,CON,1630096-1630112-201886-203826-204296,,,,,,1611661324,4,Aerial Powers,1627672,16,06:13,1629524,Bridget Carleton,201886,DeWanna Bonner,0,,0,,False,-18,,3.7,0.4468,367.0,AtRim,2,373.0,OffLongMidRangeMiss,MIN,06:07,https://videos.nba.com/wnba/pbp/media/2023/09/13/1042300121/432/2923b47e-4d52-0cbb-c1cc-4c6d4951abaa_960x540.mp4,17,33
wnba,wnba_shot_pace,shot_pace,shots,get-shots,2023,Playoffs,team,"{'EntityType': 'Team', 'StartType': 'All', 'Blocked': False, 'Season': '2023', 'SeasonType': 'Playoffs', 'EntityId': '1611661324'}",shot_pace,1611661324,4Q/OT | margin -3..3 | 300..120,get-shots__shots__entity_type-Team__start_type-All__blocked-False__season-2023__season_type-Playoffs__entity_id-1611661324__5e4523f1,get-shots,https://api.pbpstats.com/get-shots/wnba?EntityType=Team&StartType=All&Blocked=False&Season=2023&SeasonType=Playoffs&EntityId=1611661324,200,70,,,,,,False,1611661323,392.0,427,2023-09-13,1042300121,1627671-1627672-1629483-1629524-203825,False,CON,1630096-1630112-201886-203826-204296,,,,,,1611661324,4,Aerial Powers,1627672,14,06:36,0,,0,,1627672,Aerial Powers,201886,DeWanna Bonner,False,-18,,3.0,0.6915,392.0,AtRim,2,396.0,OffLiveBallTurnover,MIN,06:32,https://videos.nba.com/wnba/pbp/media/2023/09/13/1042300121/427/222a096d-218c-1bd9-a615-4cd49d62bcc6_960x540.mp4,23,20
wnba,wnba_shot_pace,shot_pace,shots,get-shots,2023,Playoffs,team,"{'EntityType': 'Team', 'StartType': 'All', 'Blocked': False, 'Season': '2023', 'SeasonType': 'Playoffs', 'EntityId': '1611661324'}",shot_pace,1611661324,4Q/OT | margin -3..3 | 300..120,get-shots__shots__entity_type-Team__start_type-All__blocked-False__season-2023__season_type-Playoffs__entity_id-1611661324__5e4523f1,get-shots,https://api.pbpstats.com/get-shots/wnba?EntityType=Team&StartType=All&Blocked=False&Season=2023&SeasonType=Playoffs&EntityId=1611661324,200,71,,,,,,False,1611661323,397.0,423,2023-09-13,1042300121,1627671-1627672-1629483-1629524-203825,False,CON,1630096-1630112-201886-203826-204296,,,,,,1611661324,4,Kayla McBride,203825,12,06:54,0,,201886,DeWanna Bonner,0,,0,,False,-18,,24.3,0.3448,399.0,Arc3,3,414.0,OffLongMidRangeMake,MIN,06:39,https://videos.nba.com/wnba/pbp/media/2023/09/13/1042300121/423/10c3c4a1-8c2b-7dcf-ffff-0d0abebc43b9_960x540.mp4,-181,162
wnba,wnba_shot_pace,shot_pace,shots,get-shots,2023,Playoffs,team,"{'EntityType': 'Team', 'StartType': 'All', 'Blocked': False, 'Season': '2023', 'SeasonType': 'Playoffs', 'EntityId': '1611661324'}",shot_pace,1611661324,4Q/OT | margin -3..3 | 300..120,get-shots__shots__entity_type-Team__start_type-All__blocked-False__season-2023__season_type-Playoffs__entity_id-1611661324__5e4523f1,get-shots,https://api.pbpstats.com/get-shots/wnba?EntityType=Team&StartType=All&Blocked=False&Season=2023&SeasonType=Playoffs&EntityId=1611661324,200,72,,,,,,False,1611661323,523.0,399,2023-09-13,1042300121,1627671-1627672-1629483-1631263-203825,False,CON,1630112-1631135-201886-203026-203826,,,,,,1611661324,4,Napheesa Collier,1629483,4,09:04,0,,201886,DeWanna Bonner,0,,0,,False,-19,,12.6,0.3732,524.0,ShortMidRange,2,544.0,OffLongMidRangeMake,MIN,08:44,https://videos.nba.com/wnba/pbp/media/2023/09/13/1042300121/399/7040cb0d-70c2-7b67-5998-193622b9f9f3_960x540.mp4,-72,104
wnba,wnba_shot_pace,shot_pace,shots,get-shots,2023,Playoffs,team,"{'EntityType': 'Team', 'StartType': 'All', 'Blocked': False, 'Season': '2023', 'SeasonType': 'Playoffs', 'EntityId': '1611661324'}",shot_pace,1611661324,4Q/OT | margin -3..3 | 300..120,get-shots__shots__entity_type-Team__start_type-All__blocked-False__season-2023__season_type-Playoffs__entity_id-1611661324__5e4523f1,get-shots,https://api.pbpstats.com/get-shots/wnba?EntityType=Team&StartType=All&Blocked=False&Season=2023&SeasonType=Playoffs&EntityId=1611661324,200,73,,,,,,False,1611661323,25.0,384,2023-09-13,1042300121,1627671-1627672-1629483-1631263-203825,False,CON,1630112-1631135-201886-203026-203826,,,,,,1611661324,3,Rachel Banham,1627671,39,00:33,0,,0,,0,,0,,False,-17,,25.1,0.265,27.0,Arc3,3,33.0,OffDeadball,MIN,00:27,https://videos.nba.com/wnba/pbp/media/2023/09/13/1042300121/384/6df284b5-cd53-4cb8-d7ea-71d264394d75_960x540.mp4,77,239
wnba,wnba_shot_pace,shot_pace,shots,get-shots,2023,Playoffs,team,"{'EntityType': 'Team', 'StartType': 'All', 'Blocked': False, 'Season': '2023', 'SeasonType': 'Playoffs', 'EntityId': '1611661324'}",shot_pace,1611661324,4Q/OT | margin -3..3 | 300..120,get-shots__shots__entity_type-Team__start_type-All__blocked-False__season-2023__season_type-Playoffs__entity_id-1611661324__5e4523f1,get-shots,https://api.pbpstats.com/get-shots/wnba?EntityType=Team&StartType=All&Blocked=False&Season=2023&SeasonType=Playoffs&EntityId=1611661324,200,74,,,,,,False,1611661323,37.0,381,2023-09-13,1042300121,1627671-1627672-1629483-1631263-203825,False,CON,1630112-1631135-201886-203026-203826,,,,,,1611661324,3,Aerial Powers,1627672,37,00:45,0,,0,,0,,0,,False,-17,,23.9,0.3535,39.0,Arc3,3,45.0,OffFTMake,MIN,00:39,https://videos.nba.com/wnba/pbp/media/2023/09/13/1042300121/381/0ad287bd-7340-fe47-1139-33867fe3edb8_960x540.mp4,95,219
wnba,wnba_shot_pace,shot_pace,shots,get-shots,2023,Playoffs,team,"{'EntityType': 'Team', 'StartType': 'All', 'Blocked': False, 'Season': '2023', 'SeasonType': 'Playoffs', 'EntityId': '1611661324'}",shot_pace,1611661324,4Q/OT | margin -3..3 | 300..120,get-shots__shots__entity_type-Team__start_type-All__blocked-False__season-2023__season_type-Playoffs__entity_id-1611661324__5e4523f1,get-shots,https://api.pbpstats.com/get-shots/wnba?EntityType=Team&StartType=All&Blocked=False&Season=2023&SeasonType=Playoffs&EntityId=1611661324,200,75,,,,,,False,1611661323,80.0,359,2023-09-13,1042300121,1627671-1627672-1629483-1631263-203825,False,CON,1630096-1630112-201886-203826-204296,,,,,,1611661324,3,Rachel Banham,1627671,31,01:40,1629483,Napheesa Collier,203826,Alyssa Thomas,0,,0,,False,-15,,25.7,0.3489,81.0,Arc3,3,100.0,OffShortMidRangeMiss,MIN,01:21,https://videos.nba.com/wnba/pbp/media/2023/09/13/1042300121/359/10e1201b-e084-3724-d08a-993030f8dd17_960x540.mp4,-201,160
wnba,wnba_shot_pace,shot_pace,shots,get-shots,2023,Playoffs,team,"{'EntityType': 'Team', 'StartType': 'All', 'Blocked': False, 'Season': '2023', 'SeasonType': 'Playoffs', 'EntityId': '1611661324'}",shot_pace,1611661324,4Q/OT | margin -3..3 | 300..120,get-shots__shots__entity_type-Team__start_type-All__blocked-False__season-2023__season_type-Playoffs__entity_id-1611661324__5e4523f1,get-shots,https://api.pbpstats.com/get-shots/wnba?EntityType=Team&StartType=All&Blocked=False&Season=2023&SeasonType=Playoffs&EntityId=1611661324,200,76,,,,,,False,1611661323,350.0,298,2023-09-13,1042300121,1627676-1629483-1641649-1641657-203825,False,CON,1629567-201886-203026-203826-204296,,,,,,1611661324,3,Kayla McBride,203825,13,06:13,0,,204296,Rebecca Allen,0,,0,,False,-21,,25.3,0.4208,352.0,Arc3,3,373.0,OffArc3Make,MIN,05:52,https://videos.nba.com/wnba/pbp/media/2023/09/13/1042300121/298/d8c82eb8-d24a-2cf2-92f3-fb45cb6a044a_960x540.mp4,-134,215
wnba,wnba_shot_pace,shot_pace,shots,get-shots,2023,Playoffs,team,"{'EntityType': 'Team', 'StartType': 'All', 'Blocked': False, 'Season': '2023', 'SeasonType': 'Playoffs', 'EntityId': '1611661324'}",shot_pace,1611661324,4Q/OT | margin -3..3 | 300..120,get-shots__shots__entity_type-Team__start_type-All__blocked-False__season-2023__season_type-Playoffs__entity_id-1611661324__5e4523f1,get-shots,https://api.pbpstats.com/get-shots/wnba?EntityType=Team&StartType=All&Blocked=False&Season=2023&SeasonType=Playoffs&EntityId=1611661324,200,77,,,,,,False,1611661323,431.0,286,2023-09-13,1042300121,1627676-1629483-1641649-1641657-203825,False,CON,1629567-201886-203026-203826-204296,,,,,,1611661324,3,Diamond Miller,1641649,9,07:22,0,,203026,Tiffany Hayes,0,,0,,False,-18,,2.8,0.583,433.0,AtRim,2,442.0,OffCorner3Make,MIN,07:13,https://videos.nba.com/wnba/pbp/media/2023/09/13/1042300121/286/1064dd2e-af27-36d4-18c5-32103a0ede78_960x540.mp4,-15,24
wnba,wnba_shot_pace,shot_pace,shots,get-shots,2023,Playoffs,team,"{'EntityType': 'Team', 'StartType': 'All', 'Blocked': False, 'Season': '2023', 'SeasonType': 'Playoffs', 'EntityId': '1611661324'}",shot_pace,1611661324,4Q/OT | margin -3..3 | 300..120,get-shots__shots__entity_type-Team__start_type-All__blocked-False__season-2023__season_type-Playoffs__entity_id-1611661324__5e4523f1,get-shots,https://api.pbpstats.com/get-shots/wnba?EntityType=Team&StartType=All&Blocked=False&Season=2023&SeasonType=Playoffs&EntityId=1611661324,200,78,,,,,,False,1611661323,499.0,274,2023-09-13,1042300121,1627676-1629483-1641649-1641657-203825,False,CON,1629567-201886-203026-203826-204296,Dorka Juhász,1641657.0,Kayla McBride,203825.0,Corner3,1611661324,3,Diamond Miller,1641649,5,08:41,0,,203826,Alyssa Thomas,0,,0,,False,-17,6.0,13.5,0.4139,502.0,ShortMidRange,2,521.0,OffLongMidRangeMake,MIN,08:22,https://videos.nba.com/wnba/pbp/media/2023/09/13/1042300121/274/1fb725c5-3596-31c6-5cca-532e3e8ae3b6_960x540.mp4,-79,109
wnba,wnba_shot_pace,shot_pace,shots,get-shots,2023,Playoffs,team,"{'EntityType': 'Team', 'StartType': 'All', 'Blocked': False, 'Season': '2023', 'SeasonType': 'Playoffs', 'EntityId': '1611661324'}",shot_pace,1611661324,4Q/OT | margin -3..3 | 300..120,get-shots__shots__entity_type-Team__start_type-All__blocked-False__season-2023__season_type-Playoffs__entity_id-1611661324__5e4523f1,get-shots,https://api.pbpstats.com/get-shots/wnba?EntityType=Team&StartType=All&Blocked=False&Season=2023&SeasonType=Playoffs&EntityId=1611661324,200,79,,,,,,False,1611661323,499.0,272,2023-09-13,1042300121,1627676-1629483-1641649-1641657-203825,False,CON,1629567-201886-203026-203826-204296,,,,,,1611661324,3,Kayla McBride,203825,5,08:41,0,,203826,Alyssa Thomas,0,,0,,False,-17,,22.8,0.4208,511.0,Corner3,3,521.0,OffLongMidRangeMake,MIN,08:31,https://videos.nba.com/wnba/pbp/media/2023/09/13/1042300121/272/9e9f416e-b1b4-cce4-d1f1-5f09b505c541_960x540.mp4,-228,-2
wnba,wnba_shot_pace,shot_pace,shots,get-shots,2023,Playoffs,team,"{'EntityType': 'Team', 'StartType': 'All', 'Blocked': False, 'Season': '2023', 'SeasonType': 'Playoffs', 'EntityId': '1611661324'}",shot_pace,1611661324,4Q/OT | margin -3..3 | 300..120,get-shots__shots__entity_type-Team__start_type-All__blocked-False__season-2023__season_type-Playoffs__entity_id-1611661324__5e4523f1,get-shots,https://api.pbpstats.com/get-shots/wnba?EntityType=Team&StartType=All&Blocked=False&Season=2023&SeasonType=Playoffs&EntityId=1611661324,200,80,,,,,,False,1611661323,573.0,260,2023-09-13,1042300121,1627676-1629483-1641649-1641657-203825,False,CON,1629567-201886-203026-203826-204296,,,,,,1611661324,3,Napheesa Collier,1629483,1,10:00,0,,0,,0,,0,,False,-14,,15.2,0.2791,574.0,LongMidRange,2,600.0,OffDeadball,MIN,09:34,https://videos.nba.com/wnba/pbp/media/2023/09/13/1042300121/260/04609816-6ece-521c-f31c-0dabbd6f90d7_960x540.mp4,-151,18
wnba,wnba_shot_pace,shot_pace,shots,get-shots,2023,Playoffs,team,"{'EntityType': 'Team', 'StartType': 'All', 'Blocked': False, 'Season': '2023', 'SeasonType': 'Playoffs', 'EntityId': '1611661324'}",shot_pace,1611661324,4Q/OT | margin -3..3 | 300..120,get-shots__shots__entity_type-Team__start_type-All__blocked-False__season-2023__season_type-Playoffs__entity_id-1611661324__5e4523f1,get-shots,https://api.pbpstats.com/get-shots/wnba?EntityType=Team&StartType=All&Blocked=False&Season=2023&SeasonType=Playoffs&EntityId=1611661324,200,81,,,,,,False,1611661323,0.0,250,2023-09-13,1042300121,1627676-1629483-1629524-1641657-203825,False,CON,1630096-1630112-201886-203826-204296,,,,,,1611661324,2,Dorka Juhász,1641657,41,00:11,0,,204296,Rebecca Allen,0,,0,,False,-14,,24.0,0.1784,0.0,Arc3,3,11.0,OffArc3Make,MIN,00:00,https://videos.nba.com/wnba/pbp/media/2023/09/13/1042300121/250/51d01874-849a-ad38-1512-a0d958d60e3d_960x540.mp4,-174,165
wnba,wnba_shot_pace,shot_pace,shots,get-shots,2023,Playoffs,team,"{'EntityType': 'Team', 'StartType': 'All', 'Blocked': False, 'Season': '2023', 'SeasonType': 'Playoffs', 'EntityId': '1611661324'}",shot_pace,1611661324,4Q/OT | margin -3..3 | 300..120,get-shots__shots__entity_type-Team__start_type-All__blocked-False__season-2023__season_type-Playoffs__entity_id-1611661324__5e4523f1,get-shots,https://api.pbpstats.com/get-shots/wnba?EntityType=Team&StartType=All&Blocked=False&Season=2023&SeasonType=Playoffs&EntityId=1611661324,200,82,,,,,,False,1611661323,105.0,237,2023-09-13,1042300121,1627676-1629483-1629524-1641657-203825,False,CON,1630096-1630112-201886-203826-204296,,,,,,1611661324,2,Tiffany Mitchell,1627676,35,01:54,0,,0,,0,,0,,False,-14,,4.2,0.4997,106.0,ShortMidRange,2,114.0,OffDeadball,MIN,01:46,https://videos.nba.com/wnba/pbp/media/2023/09/13/1042300121/237/944f815e-0cfa-c978-d223-b79a95899309_960x540.mp4,17,38
wnba,wnba_shot_pace,shot_pace,shots,get-shots,2023,Playoffs,team,"{'EntityType': 'Team', 'StartType': 'All', 'Blocked': False, 'Season': '2023', 'SeasonType': 'Playoffs', 'EntityId': '1611661324'}",shot_pace,1611661324,4Q/OT | margin -3..3 | 300..120,get-shots__shots__entity_type-Team__start_type-All__blocked-False__season-2023__season_type-Playoffs__entity_id-1611661324__5e4523f1,get-shots,https://api.pbpstats.com/get-shots/wnba?EntityType=Team&StartType=All&Blocked=False&Season=2023&SeasonType=Playoffs&EntityId=1611661324,200,83,,,,,,False,1611661323,136.0,234,2023-09-13,1042300121,1627676-1629483-1629524-1641657-203825,False,CON,1630096-1630112-201886-203826-204296,,,,,,1611661324,2,Napheesa Collier,1629483,33,02:35,0,,1630096,DiJonai Carrington,0,,0,,False,-14,,20.7,0.3704,137.0,LongMidRange,2,155.0,OffShortMidRangeMake,MIN,02:17,https://videos.nba.com/wnba/pbp/media/2023/09/13/1042300121/234/b64cf4b1-4943-7d4e-5a6f-dc34b8b64436_960x540.mp4,127,163
wnba,wnba_shot_pace,shot_pace,shots,get-shots,2023,Playoffs,team,"{'EntityType': 'Team', 'StartType': 'All', 'Blocked': False, 'Season': '2023', 'SeasonType': 'Playoffs', 'EntityId': '1611661324'}",shot_pace,1611661324,4Q/OT | margin -3..3 | 300..120,get-shots__shots__entity_type-Team__start_type-All__blocked-False__season-2023__season_type-Playoffs__entity_id-1611661324__5e4523f1,get-shots,https://api.pbpstats.com/get-shots/wnba?EntityType=Team&StartType=All&Blocked=False&Season=2023&SeasonType=Playoffs&EntityId=1611661324,200,84,,,,,,False,1611661323,220.0,212,2023-09-13,1042300121,1627676-1629483-1641649-1641657-203825,False,CON,1630096-1630112-201886-203826-204296,,,,,,1611661324,2,Diamond Miller,1641649,25,03:47,1627676,Tiffany Mitchell,204296,Rebecca Allen,0,,0,,False,-7,,16.1,0.4123,221.0,LongMidRange,2,227.0,OffShortMidRangeMiss,MIN,03:41,https://videos.nba.com/wnba/pbp/media/2023/09/13/1042300121/212/e796d74f-9c58-b975-3ca2-c67de5aba234_960x540.mp4,-119,109
wnba,wnba_shot_pace,shot_pace,shots,get-shots,2023,Playoffs,team,"{'EntityType': 'Team', 'StartType': 'All', 'Blocked': False, 'Season': '2023', 'SeasonType': 'Playoffs', 'EntityId': '1611661324'}",shot_pace,1611661324,4Q/OT | margin -3..3 | 300..120,get-shots__shots__entity_type-Team__start_type-All__blocked-False__season-2023__season_type-Playoffs__entity_id-1611661324__5e4523f1,get-shots,https://api.pbpstats.com/get-shots/wnba?EntityType=Team&StartType=All&Blocked=False&Season=2023&SeasonType=Playoffs&EntityId=1611661324,200,85,,,,,,False,1611661323,250.0,201,2023-09-13,1042300121,1627676-1629483-1641649-1641657-203825,False,CON,1630112-201886-203026-203826-204296,,0.0,Bridget Carleton,1629524.0,Team,1611661324,2,Diamond Miller,1641649,23,04:33,0,,0,,1629524,Bridget Carleton,203826,Alyssa Thomas,False,-8,9.0,23.3,0.3103,254.0,Corner3,3,273.0,OffLiveBallTurnover,MIN,04:14,https://videos.nba.com/wnba/pbp/media/2023/09/13/1042300121/201/97940645-0538-4acf-d93e-efd10bbecea1_960x540.mp4,227,54
wnba,wnba_shot_pace,shot_pace,shots,get-shots,2023,Playoffs,team,"{'EntityType': 'Team', 'StartType': 'All', 'Blocked': False, 'Season': '2023', 'SeasonType': 'Playoffs', 'EntityId': '1611661324'}",shot_pace,1611661324,4Q/OT | margin -3..3 | 300..120,get-shots__shots__entity_type-Team__start_type-All__blocked-False__season-2023__season_type-Playoffs__entity_id-1611661324__5e4523f1,get-shots,https://api.pbpstats.com/get-shots/wnba?EntityType=Team&StartType=All&Blocked=False&Season=2023&SeasonType=Playoffs&EntityId=1611661324,200,86,,,,,,False,1611661323,250.0,194,2023-09-13,1042300121,1627671-1627676-1629483-1629524-1641657,False,CON,1630112-201886-203026-203826-204296,,,,,,1611661324,2,Bridget Carleton,1629524,23,04:33,0,,0,,1629524,Bridget Carleton,203826,Alyssa Thomas,False,-8,,24.3,0.3703,266.0,Arc3,3,273.0,OffLiveBallTurnover,MIN,04:26,https://videos.nba.com/wnba/pbp/media/2023/09/13/1042300121/194/8ecc8f3e-873f-d5d8-fa6d-6a76aa6bf55e_960x540.mp4,187,155
wnba,wnba_shot_pace,shot_pace,shots,get-shots,2023,Playoffs,team,"{'EntityType': 'Team', 'StartType': 'All', 'Blocked': False, 'Season': '2023', 'SeasonType': 'Playoffs', 'EntityId': '1611661324'}",shot_pace,1611661324,4Q/OT | margin -3..3 | 300..120,get-shots__shots__entity_type-Team__start_type-All__blocked-False__season-2023__season_type-Playoffs__entity_id-1611661324__5e4523f1,get-shots,https://api.pbpstats.com/get-shots/wnba?EntityType=Team&StartType=All&Blocked=False&Season=2023&SeasonType=Playoffs&EntityId=1611661324,200,87,,,,,,False,1611661323,279.0,189,2023-09-13,1042300121,1627671-1627676-1629483-1629524-1641657,False,CON,1630112-201886-203026-203826-204296,,,,,,1611661324,2,Napheesa Collier,1629483,21,05:03,0,,203026,Tiffany Hayes,0,,0,,False,-8,,6.7,0.3885,283.0,ShortMidRange,2,303.0,OffArc3Make,MIN,04:43,https://videos.nba.com/wnba/pbp/media/2023/09/13/1042300121/189/3c25b3c2-9a49-ff11-f97a-656f592e0f91_960x540.mp4,-38,55
wnba,wnba_shot_pace,shot_pace,shots,get-shots,2023,Playoffs,team,"{'EntityType': 'Team', 'StartType': 'All', 'Blocked': False, 'Season': '2023', 'SeasonType': 'Playoffs', 'EntityId': '1611661324'}",shot_pace,1611661324,4Q/OT | margin -3..3 | 300..120,get-shots__shots__entity_type-Team__start_type-All__blocked-False__season-2023__season_type-Playoffs__entity_id-1611661324__5e4523f1,get-shots,https://api.pbpstats.com/get-shots/wnba?EntityType=Team&StartType=All&Blocked=False&Season=2023&SeasonType=Playoffs&EntityId=1611661324,200,88,,,,,,False,1611661323,380.0,172,2023-09-13,1042300121,1627671-1627672-1629483-1629524-203825,False,CON,1630112-201886-203026-203826-204296,Bridget Carleton,1629524.0,Aerial Powers,1627672.0,Arc3,1611661324,2,Kayla McBride,203825,15,06:59,0,,1630112,Tyasha Harris,0,,0,,False,-1,2.0,25.7,0.3719,381.0,Arc3,3,419.0,OffCorner3Make,MIN,06:21,https://videos.nba.com/wnba/pbp/media/2023/09/13/1042300121/172/23992ff1-499b-2ab9-19b9-1ab4fb0d0c88_960x540.mp4,72,247
wnba,wnba_shot_pace,shot_pace,shots,get-shots,2023,Playoffs,team,"{'EntityType': 'Team', 'StartType': 'All', 'Blocked': False, 'Season': '2023', 'SeasonType': 'Playoffs', 'EntityId': '1611661324'}",shot_pace,1611661324,4Q/OT | margin -3..3 | 300..120,get-shots__shots__entity_type-Team__start_type-All__blocked-False__season-2023__season_type-Playoffs__entity_id-1611661324__5e4523f1,get-shots,https://api.pbpstats.com/get-shots/wnba?EntityType=Team&StartType=All&Blocked=False&Season=2023&SeasonType=Playoffs&EntityId=1611661324,200,89,,,,,,False,1611661323,380.0,170,2023-09-13,1042300121,1627671-1627672-1629483-1629524-203825,False,CON,1630112-201886-203026-203826-204296,,,,,,1611661324,2,Aerial Powers,1627672,15,06:59,0,,1630112,Tyasha Harris,0,,0,,False,-1,,23.8,0.3983,386.0,Arc3,3,419.0,OffCorner3Make,MIN,06:26,https://videos.nba.com/wnba/pbp/media/2023/09/13/1042300121/170/c5589ff8-9f7a-da94-d741-918f51d8656d_960x540.mp4,-179,157
wnba,wnba_shot_pace,shot_pace,shots,get-shots,2023,Playoffs,team,"{'EntityType': 'Team', 'StartType': 'All', 'Blocked': False, 'Season': '2023', 'SeasonType': 'Playoffs', 'EntityId': '1611661324'}",shot_pace,1611661324,4Q/OT | margin -3..3 | 300..120,get-shots__shots__entity_type-Team__start_type-All__blocked-False__season-2023__season_type-Playoffs__entity_id-1611661324__5e4523f1,get-shots,https://api.pbpstats.com/get-shots/wnba?EntityType=Team&StartType=All&Blocked=False&Season=2023&SeasonType=Playoffs&EntityId=1611661324,200,90,,,,,,False,1611661323,425.0,160,2023-09-13,1042300121,1627671-1627672-1629524-1631263-203825,False,CON,1630112-1631135-203026-203826-204296,,,,,,1611661324,2,Aerial Powers,1627672,13,07:12,1627672,Aerial Powers,203826,Alyssa Thomas,0,,0,,False,2,,7.8,0.42,427.0,ShortMidRange,2,432.0,OffAtRimMiss,MIN,07:07,https://videos.nba.com/wnba/pbp/media/2023/09/13/1042300121/160/78da30d4-3010-21ea-6511-d8febbf08e07_960x540.mp4,26,74
wnba,wnba_shot_pace,shot_pace,shots,get-shots,2023,Playoffs,team,"{'EntityType': 'Team', 'StartType': 'All', 'Blocked': False, 'Season': '2023', 'SeasonType': 'Playoffs', 'EntityId': '1611661324'}",shot_pace,1611661324,4Q/OT | margin -3..3 | 300..120,get-shots__shots__entity_type-Team__start_type-All__blocked-False__season-2023__season_type-Playoffs__entity_id-1611661324__5e4523f1,get-shots,https://api.pbpstats.com/get-shots/wnba?EntityType=Team&StartType=All&Blocked=False&Season=2023&SeasonType=Playoffs&EntityId=1611661324,200,91,,,,,,False,1611661323,122.0,106,2023-09-13,1042300121,1627671-1629483-1629524-1631263-203825,False,CON,1630096-1630112-1631135-201886-203826,,,,,,1611661324,1,Rachel Banham,1627671,30,02:12,1629483,Napheesa Collier,1630096,DiJonai Carrington,0,,0,,False,-7,,24.0,0.3684,125.0,Arc3,3,132.0,OffAtRimMiss,MIN,02:05,https://videos.nba.com/wnba/pbp/media/2023/09/13/1042300121/106/eeba0eeb-f409-ad6e-52f2-baa96bd23848_960x540.mp4,-107,215
wnba,wnba_shot_pace,shot_pace,shots,get-shots,2023,Playoffs,team,"{'EntityType': 'Team', 'StartType': 'All', 'Blocked': False, 'Season': '2023', 'SeasonType': 'Playoffs', 'EntityId': '1611661324'}",shot_pace,1611661324,4Q/OT | margin -3..3 | 300..120,get-shots__shots__entity_type-Team__start_type-All__blocked-False__season-2023__season_type-Playoffs__entity_id-1611661324__5e4523f1,get-shots,https://api.pbpstats.com/get-shots/wnba?EntityType=Team&StartType=All&Blocked=False&Season=2023&SeasonType=Playoffs&EntityId=1611661324,200,92,,,,,,False,1611661323,158.0,96,2023-09-13,1042300121,1627676-1629483-1629524-1631263-203825,False,CON,1629567-1630096-1631135-201886-203826,,,,,,1611661324,1,Tiffany Mitchell,1627676,28,02:50,0,,203826,Alyssa Thomas,0,,0,,False,-7,,12.0,0.3499,160.0,ShortMidRange,2,170.0,OffShortMidRangeMake,MIN,02:40,https://videos.nba.com/wnba/pbp/media/2023/09/13/1042300121/96/1cce0861-f90e-66ad-1dac-8e9bc15e2f10_960x540.mp4,120,1
wnba,wnba_shot_pace,shot_pace,shots,get-shots,2023,Playoffs,team,"{'EntityType': 'Team', 'StartType': 'All', 'Blocked': False, 'Season': '2023', 'SeasonType': 'Playoffs', 'EntityId': '1611661324'}",shot_pace,1611661324,4Q/OT | margin -3..3 | 300..120,get-shots__shots__entity_type-Team__start_type-All__blocked-False__season-2023__season_type-Playoffs__entity_id-1611661324__5e4523f1,get-shots,https://api.pbpstats.com/get-shots/wnba?EntityType=Team&StartType=All&Blocked=False&Season=2023&SeasonType=Playoffs&EntityId=1611661324,200,93,,,,,,False,1611661323,242.0,69,2023-09-13,1042300121,1627676-1629483-1641649-1641657-203825,False,CON,1629567-201886-203026-203826-204296,,,,,,1611661324,1,Kayla McBride,203825,22,04:22,0,,201886,DeWanna Bonner,0,,0,,False,-6,,23.4,0.3647,246.0,Arc3,3,262.0,OffAtRimMake,MIN,04:06,https://videos.nba.com/wnba/pbp/media/2023/09/13/1042300121/69/d66e890a-14af-9505-460b-74d86d3d4dc4_960x540.mp4,-101,211
wnba,wnba_shot_pace,shot_pace,shots,get-shots,2023,Playoffs,team,"{'EntityType': 'Team', 'StartType': 'All', 'Blocked': False, 'Season': '2023', 'SeasonType': 'Playoffs', 'EntityId': '1611661324'}",shot_pace,1611661324,4Q/OT | margin -3..3 | 300..120,get-shots__shots__entity_type-Team__start_type-All__blocked-False__season-2023__season_type-Playoffs__entity_id-1611661324__5e4523f1,get-shots,https://api.pbpstats.com/get-shots/wnba?EntityType=Team&StartType=All&Blocked=False&Season=2023&SeasonType=Playoffs&EntityId=1611661324,200,94,,,,,,False,1611661323,302.0,60,2023-09-13,1042300121,1627676-1629483-1641649-1641657-203825,False,CON,1629567-201886-203026-203826-204296,,,,,,1611661324,1,Napheesa Collier,1629483,18,05:26,0,,0,,0,,0,,False,-4,,10.4,0.316,303.0,ShortMidRange,2,326.0,OffDeadball,MIN,05:03,https://videos.nba.com/wnba/pbp/media/2023/09/13/1042300121/60/c19261fc-2026-c137-3f2b-5b9e8b8ef37d_960x540.mp4,-96,39
wnba,wnba_shot_pace,shot_pace,shots,get-shots,2023,Playoffs,team,"{'EntityType': 'Team', 'StartType': 'All', 'Blocked': False, 'Season': '2023', 'SeasonType': 'Playoffs', 'EntityId': '1611661324'}",shot_pace,1611661324,4Q/OT | margin -3..3 | 300..120,get-shots__shots__entity_type-Team__start_type-All__blocked-False__season-2023__season_type-Playoffs__entity_id-1611661324__5e4523f1,get-shots,https://api.pbpstats.com/get-shots/wnba?EntityType=Team&StartType=All&Blocked=False&Season=2023&SeasonType=Playoffs&EntityId=1611661324,200,95,,,,,,False,1611661323,448.0,28,2023-09-13,1042300121,1627676-1629483-1641649-1641657-203825,False,CON,1629567-201886-203026-203826-204296,,,,,,1611661324,1,Tiffany Mitchell,1627676,10,07:43,0,,0,,0,,0,,False,-4,,24.2,0.3747,449.0,Arc3,3,463.0,OffDeadball,MIN,07:29,https://videos.nba.com/wnba/pbp/media/2023/09/13/1042300121/28/7e1c90f8-22e2-b2b7-c3ff-edf56a601381_960x540.mp4,-102,220
wnba,wnba_shot_pace,shot_pace,shots,get-shots,2023,Playoffs,team,"{'EntityType': 'Team', 'StartType': 'All', 'Blocked': False, 'Season': '2023', 'SeasonType': 'Playoffs', 'EntityId': '1611661324'}",shot_pace,1611661324,4Q/OT | margin -3..3 | 300..120,get-shots__shots__entity_type-Team__start_type-All__blocked-False__season-2023__season_type-Playoffs__entity_id-1611661324__5e4523f1,get-shots,https://api.pbpstats.com/get-shots/wnba?EntityType=Team&StartType=All&Blocked=False&Season=2023&SeasonType=Playoffs&EntityId=1611661324,200,96,,,,,,False,1611661323,552.0,13,2023-09-13,1042300121,1627676-1629483-1641649-1641657-203825,False,CON,1629567-201886-203026-203826-204296,,,,,,1611661324,1,Diamond Miller,1641649,4,09:21,1629483,Napheesa Collier,203826,Alyssa Thomas,0,,0,,False,-3,,24.2,0.397,553.0,Arc3,3,561.0,OffAtRimMiss,MIN,09:13,https://videos.nba.com/wnba/pbp/media/2023/09/13/1042300121/13/7608d171-fd1a-042d-2dd7-fe52663a8d81_960x540.mp4,-185,156
wnba,wnba_shot_pace,shot_pace,shots,get-shots,2023,Playoffs,team,"{'EntityType': 'Team', 'StartType': 'All', 'Blocked': False, 'Season': '2023', 'SeasonType': 'Playoffs', 'EntityId': '1611661324'}",shot_pace,1611661324,4Q/OT | margin -3..3 | 300..120,get-shots__shots__entity_type-Team__start_type-All__blocked-False__season-2023__season_type-Playoffs__entity_id-1611661324__5e4523f1,get-shots,https://api.pbpstats.com/get-shots/wnba?EntityType=Team&StartType=All&Blocked=False&Season=2023&SeasonType=Playoffs&EntityId=1611661324,200,97,,,,,,False,1611661323,570.0,9,2023-09-13,1042300121,1627676-1629483-1641649-1641657-203825,False,CON,1629567-201886-203026-203826-204296,,,,,,1611661324,1,Napheesa Collier,1629483,2,09:47,0,,203026,Tiffany Hayes,0,,0,,False,-3,,9.5,0.4117,571.0,ShortMidRange,2,587.0,OffArc3Make,MIN,09:31,https://videos.nba.com/wnba/pbp/media/2023/09/13/1042300121/9/b7dc8c9c-9df4-8171-0bf1-1642696b2c47_960x540.mp4,-2,95
