league,job_id,job_family,variant,endpoint,season,season_type,scope,request_params,source,team_id,clutch_window,request_id,request_table,request_url,request_status,request_row_index,assist_player,assist_player_id,assisted,block_player,block_player_id,blocked,dtid,end_time,event_num,game_date,gid,lineup_id,made,opponent,opponent_lineup_id,oreb_rebound_player,oreb_rebound_player_id,oreb_shot_player,oreb_shot_player_id,oreb_shot_type,otid,period,player,player_id,poss_num,possession_start_time,previous_poss_end_rebound_pid,previous_poss_end_rebound_player,previous_poss_end_shooter_pid,previous_poss_end_shooter_player,previous_poss_end_steal_pid,previous_poss_end_steal_player,previous_poss_end_turnover_pid,previous_poss_end_turnover_player,putback,score_margin,seconds_since_oreb,shot_distance,shot_quality,shot_time,shot_type,shot_value,start_time,start_type,team,time,url,x,y,is_playoffs,job_variant,window_label,request_scope
wnba,wnba_shot_pace,shot_pace,shots,get-shots,2023,Playoffs,team,"{'EntityType': 'Team', 'StartType': 'All', 'Blocked': False, 'Season': '2023', 'SeasonType': 'Playoffs', 'EntityId': '1611661330'}",shot_pace,1611661330,4Q/OT | margin -3..3 | 300..120,get-shots__shots__entity_type-Team__start_type-All__blocked-False__season-2023__season_type-Playoffs__entity_id-1611661330__8cc39d1d,get-shots,https://api.pbpstats.com/get-shots/wnba?EntityType=Team&StartType=All&Blocked=False&Season=2023&SeasonType=Playoffs&EntityId=1611661330,200,0,,,,,,False,1611661321,41.0,527,2023-09-19,1042300132,1629476-1630387-1630462-1641650-1641656,False,DAL,1629480-1630386-1631007-1641652-203824,,0.0,Aari McDonald,1630462.0,TeamBlocked,1611661330,4,Laeticia Amihere,1641656,38,01:07,0,,0,,0,,0,,False,-25,6.0,4.0,0.6077,44.0,ShortMidRange,2,67.0,OffFTMake,ATL,00:44,https://videos.nba.com/wnba/pbp/media/2023/09/19/1042300132/527/562d08ac-63a1-6cca-11e8-ad7acfe701e3_960x540.mp4,7,39,True,shots,4Q/OT | margin -3..3 | 300..120,team
wnba,wnba_shot_pace,shot_pace,shots,get-shots,2023,Playoffs,team,"{'EntityType': 'Team', 'StartType': 'All', 'Blocked': False, 'Season': '2023', 'SeasonType': 'Playoffs', 'EntityId': '1611661330'}",shot_pace,1611661330,4Q/OT | margin -3..3 | 300..120,get-shots__shots__entity_type-Team__start_type-All__blocked-False__season-2023__season_type-Playoffs__entity_id-1611661330__8cc39d1d,get-shots,https://api.pbpstats.com/get-shots/wnba?EntityType=Team&StartType=All&Blocked=False&Season=2023&SeasonType=Playoffs&EntityId=1611661330,200,1,,,,,,False,1611661321,278.0,459,2023-09-19,1042300132,1628277-1630387-1630462-1631009-204323,False,DAL,1629479-1629481-1630149-1630386-203824,,,,,,1611661330,4,Aari McDonald,1630462,22,04:54,0,,1630386,Awak Kuier,0,,0,,False,-22,,6.2,0.4077,280.0,ShortMidRange,2,294.0,OffShortMidRangeMake,ATL,04:40,https://videos.nba.com/wnba/pbp/media/2023/09/19/1042300132/459/7c1fafe9-e116-57e3-89d5-64798cfa81b4_960x540.mp4,10,61,True,shots,4Q/OT | margin -3..3 | 300..120,team
wnba,wnba_shot_pace,shot_pace,shots,get-shots,2023,Playoffs,team,"{'EntityType': 'Team', 'StartType': 'All', 'Blocked': False, 'Season': '2023', 'SeasonType': 'Playoffs', 'EntityId': '1611661330'}",shot_pace,1611661330,4Q/OT | margin -3..3 | 300..120,get-shots__shots__entity_type-Team__start_type-All__blocked-False__season-2023__season_type-Playoffs__entity_id-1611661330__8cc39d1d,get-shots,https://api.pbpstats.com/get-shots/wnba?EntityType=Team&StartType=All&Blocked=False&Season=2023&SeasonType=Playoffs&EntityId=1611661330,200,2,,,,,,False,1611661321,328.0,442,2023-09-19,1042300132,1628277-1630387-1630462-1631009-204323,False,DAL,1629479-1629481-1630101-1630149-1630386,,,,,,1611661330,4,Rhyne Howard,1631009,18,05:49,0,,0,,0,,0,,False,-20,,3.7,0.4787,330.0,AtRim,2,349.0,OffTimeout,ATL,05:30,https://videos.nba.com/wnba/pbp/media/2023/09/19/1042300132/442/fe7f5f11-4c0a-07ca-45e9-b28925219ff6_960x540.mp4,21,31,True,shots,4Q/OT | margin -3..3 | 300..120,team
wnba,wnba_shot_pace,shot_pace,shots,get-shots,2023,Playoffs,team,"{'EntityType': 'Team', 'StartType': 'All', 'Blocked': False, 'Season': '2023', 'SeasonType': 'Playoffs', 'EntityId': '1611661330'}",shot_pace,1611661330,4Q/OT | margin -3..3 | 300..120,get-shots__shots__entity_type-Team__start_type-All__blocked-False__season-2023__season_type-Playoffs__entity_id-1611661330__8cc39d1d,get-shots,https://api.pbpstats.com/get-shots/wnba?EntityType=Team&StartType=All&Blocked=False&Season=2023&SeasonType=Playoffs&EntityId=1611661330,200,3,,,,,,False,1611661321,534.0,407,2023-09-19,1042300132,1628277-1630387-1631009-202658-204323,False,DAL,1629479-1629481-1630101-1630149-203827,,,,,,1611661330,4,Rhyne Howard,1631009,6,09:00,0,,0,,0,,0,,False,-17,,23.0,0.3399,537.0,Corner3,3,540.0,OffDeadball,ATL,08:57,https://videos.nba.com/wnba/pbp/media/2023/09/19/1042300132/407/f0161932-721d-ac91-fd5b-69a9c29ecd28_960x540.mp4,228,31,True,shots,4Q/OT | margin -3..3 | 300..120,team
wnba,wnba_shot_pace,shot_pace,shots,get-shots,2023,Playoffs,team,"{'EntityType': 'Team', 'StartType': 'All', 'Blocked': False, 'Season': '2023', 'SeasonType': 'Playoffs', 'EntityId': '1611661330'}",shot_pace,1611661330,4Q/OT | margin -3..3 | 300..120,get-shots__shots__entity_type-Team__start_type-All__blocked-False__season-2023__season_type-Playoffs__entity_id-1611661330__8cc39d1d,get-shots,https://api.pbpstats.com/get-shots/wnba?EntityType=Team&StartType=All&Blocked=False&Season=2023&SeasonType=Playoffs&EntityId=1611661330,200,4,,,,,,False,1611661321,69.0,359,2023-09-19,1042300132,1628277-1628881-1630462-1631009-1631044,False,DAL,1629480-1629481-1630149-1630386-203824,,,,,,1611661330,3,Rhyne Howard,1631009,37,01:34,0,,1629481,Arike Ogunbowale,0,,0,,False,-22,,11.1,0.3354,72.0,ShortMidRange,2,94.0,OffAtRimMake,ATL,01:12,https://videos.nba.com/wnba/pbp/media/2023/09/19/1042300132/359/18829ba7-a0f1-408c-84aa-3cfe2da62d59_960x540.mp4,110,17,True,shots,4Q/OT | margin -3..3 | 300..120,team
wnba,wnba_shot_pace,shot_pace,shots,get-shots,2023,Playoffs,team,"{'EntityType': 'Team', 'StartType': 'All', 'Blocked': False, 'Season': '2023', 'SeasonType': 'Playoffs', 'EntityId': '1611661330'}",shot_pace,1611661330,4Q/OT | margin -3..3 | 300..120,get-shots__shots__entity_type-Team__start_type-All__blocked-False__season-2023__season_type-Playoffs__entity_id-1611661330__8cc39d1d,get-shots,https://api.pbpstats.com/get-shots/wnba?EntityType=Team&StartType=All&Blocked=False&Season=2023&SeasonType=Playoffs&EntityId=1611661330,200,5,,,,,,False,1611661321,114.0,353,2023-09-19,1042300132,1628277-1628881-1630462-1631009-1631044,False,DAL,1629479-1629481-1630149-1630386-203824,,,,,,1611661330,3,Rhyne Howard,1631009,35,02:05,0,,0,,1628881,Monique Billings,1629479,Teaira McCowan,False,-20,,25.1,0.3697,116.0,Arc3,3,125.0,OffLiveBallTurnover,ATL,01:56,https://videos.nba.com/wnba/pbp/media/2023/09/19/1042300132/353/c5813bfd-e65c-a9d3-6405-e8f8749de1ec_960x540.mp4,127,217,True,shots,4Q/OT | margin -3..3 | 300..120,team
wnba,wnba_shot_pace,shot_pace,shots,get-shots,2023,Playoffs,team,"{'EntityType': 'Team', 'StartType': 'All', 'Blocked': False, 'Season': '2023', 'SeasonType': 'Playoffs', 'EntityId': '1611661330'}",shot_pace,1611661330,4Q/OT | margin -3..3 | 300..120,get-shots__shots__entity_type-Team__start_type-All__blocked-False__season-2023__season_type-Playoffs__entity_id-1611661330__8cc39d1d,get-shots,https://api.pbpstats.com/get-shots/wnba?EntityType=Team&StartType=All&Blocked=False&Season=2023&SeasonType=Playoffs&EntityId=1611661330,200,6,,,,,,False,1611661321,151.0,334,2023-09-19,1042300132,1628277-1628881-1630462-1631009-1631044,False,DAL,1629479-1629481-1630149-203824-203827,,,,,,1611661330,3,Rhyne Howard,1631009,31,02:50,1628881,Monique Billings,1629479,Teaira McCowan,0,,0,,False,-21,,23.3,0.3699,154.0,Corner3,3,170.0,OffShortMidRangeMiss,ATL,02:34,https://videos.nba.com/wnba/pbp/media/2023/09/19/1042300132/334/f4d1f16e-e7a9-7866-160c-fc8f72455be6_960x540.mp4,-233,13,True,shots,4Q/OT | margin -3..3 | 300..120,team
wnba,wnba_shot_pace,shot_pace,shots,get-shots,2023,Playoffs,team,"{'EntityType': 'Team', 'StartType': 'All', 'Blocked': False, 'Season': '2023', 'SeasonType': 'Playoffs', 'EntityId': '1611661330'}",shot_pace,1611661330,4Q/OT | margin -3..3 | 300..120,get-shots__shots__entity_type-Team__start_type-All__blocked-False__season-2023__season_type-Playoffs__entity_id-1611661330__8cc39d1d,get-shots,https://api.pbpstats.com/get-shots/wnba?EntityType=Team&StartType=All&Blocked=False&Season=2023&SeasonType=Playoffs&EntityId=1611661330,200,7,,,,,,False,1611661321,256.0,317,2023-09-19,1042300132,1628277-1630462-1631009-1631044-204323,False,DAL,1629479-1629481-1630149-203824-203827,,,,,,1611661330,3,Cheyenne Parker,204323,25,04:28,0,,0,,1630462,Aari McDonald,203827,Natasha Howard,False,-20,,17.2,0.4113,259.0,LongMidRange,2,268.0,OffLiveBallTurnover,ATL,04:19,https://videos.nba.com/wnba/pbp/media/2023/09/19/1042300132/317/2cc781a9-b11f-2f24-c000-9fa1abf58f20_960x540.mp4,-171,22,True,shots,4Q/OT | margin -3..3 | 300..120,team
wnba,wnba_shot_pace,shot_pace,shots,get-shots,2023,Playoffs,team,"{'EntityType': 'Team', 'StartType': 'All', 'Blocked': False, 'Season': '2023', 'SeasonType': 'Playoffs', 'EntityId': '1611661330'}",shot_pace,1611661330,4Q/OT | margin -3..3 | 300..120,get-shots__shots__entity_type-Team__start_type-All__blocked-False__season-2023__season_type-Playoffs__entity_id-1611661330__8cc39d1d,get-shots,https://api.pbpstats.com/get-shots/wnba?EntityType=Team&StartType=All&Blocked=False&Season=2023&SeasonType=Playoffs&EntityId=1611661330,200,8,,,,,,False,1611661321,292.0,309,2023-09-19,1042300132,1628277-1628881-1630462-1631009-204323,False,DAL,1629479-1629481-1630149-203824-203827,,,,,,1611661330,3,Allisha Gray,1628277,21,05:11,0,,203824,Odyssey Sims,0,,0,,False,-18,,25.5,0.3095,294.0,Arc3,3,311.0,OffCorner3Make,ATL,04:54,https://videos.nba.com/wnba/pbp/media/2023/09/19/1042300132/309/84d8c2cb-5d74-7f62-da86-e435798e91a0_960x540.mp4,-5,255,True,shots,4Q/OT | margin -3..3 | 300..120,team
wnba,wnba_shot_pace,shot_pace,shots,get-shots,2023,Playoffs,team,"{'EntityType': 'Team', 'StartType': 'All', 'Blocked': False, 'Season': '2023', 'SeasonType': 'Playoffs', 'EntityId': '1611661330'}",shot_pace,1611661330,4Q/OT | margin -3..3 | 300..120,get-shots__shots__entity_type-Team__start_type-All__blocked-False__season-2023__season_type-Playoffs__entity_id-1611661330__8cc39d1d,get-shots,https://api.pbpstats.com/get-shots/wnba?EntityType=Team&StartType=All&Blocked=False&Season=2023&SeasonType=Playoffs&EntityId=1611661330,200,9,,,,,,False,1611661321,338.0,295,2023-09-19,1042300132,1628277-1628881-1631009-202658-204323,False,DAL,1629479-1629481-1630101-1630149-203827,,,,,,1611661330,3,Allisha Gray,1628277,19,05:54,0,,1629479,Teaira McCowan,0,,0,,False,-17,,25.1,0.3423,339.0,Arc3,3,354.0,OffAtRimMake,ATL,05:39,https://videos.nba.com/wnba/pbp/media/2023/09/19/1042300132/295/dcafadf1-675f-9437-bc81-9c2af4176307_960x540.mp4,123,219,True,shots,4Q/OT | margin -3..3 | 300..120,team
wnba,wnba_shot_pace,shot_pace,shots,get-shots,2023,Playoffs,team,"{'EntityType': 'Team', 'StartType': 'All', 'Blocked': False, 'Season': '2023', 'SeasonType': 'Playoffs', 'EntityId': '1611661330'}",shot_pace,1611661330,4Q/OT | margin -3..3 | 300..120,get-shots__shots__entity_type-Team__start_type-All__blocked-False__season-2023__season_type-Playoffs__entity_id-1611661330__8cc39d1d,get-shots,https://api.pbpstats.com/get-shots/wnba?EntityType=Team&StartType=All&Blocked=False&Season=2023&SeasonType=Playoffs&EntityId=1611661330,200,10,,,,,,False,1611661321,379.0,289,2023-09-19,1042300132,1628277-1628881-1631009-202658-204323,False,DAL,1629479-1629481-1630101-1630149-203827,Cheyenne Parker,204323.0,Cheyenne Parker,204323.0,ShortMidRange,1611661330,3,Cheyenne Parker,204323,17,06:38,0,,1629479,Teaira McCowan,0,,0,,True,-15,0.0,3.6,0.4643,380.0,AtRim,2,398.0,OffAtRimMake,ATL,06:20,https://videos.nba.com/wnba/pbp/media/2023/09/19/1042300132/289/d9364c64-62af-4ae4-dd75-65ede62fb79b_960x540.mp4,19,31,True,shots,4Q/OT | margin -3..3 | 300..120,team
wnba,wnba_shot_pace,shot_pace,shots,get-shots,2023,Playoffs,team,"{'EntityType': 'Team', 'StartType': 'All', 'Blocked': False, 'Season': '2023', 'SeasonType': 'Playoffs', 'EntityId': '1611661330'}",shot_pace,1611661330,4Q/OT | margin -3..3 | 300..120,get-shots__shots__entity_type-Team__start_type-All__blocked-False__season-2023__season_type-Playoffs__entity_id-1611661330__8cc39d1d,get-shots,https://api.pbpstats.com/get-shots/wnba?EntityType=Team&StartType=All&Blocked=False&Season=2023&SeasonType=Playoffs&EntityId=1611661330,200,11,,,,,,False,1611661321,379.0,287,2023-09-19,1042300132,1628277-1628881-1631009-202658-204323,False,DAL,1629479-1629481-1630101-1630149-203827,,,,,,1611661330,3,Cheyenne Parker,204323,17,06:38,0,,1629479,Teaira McCowan,0,,0,,False,-15,,5.6,0.4015,382.0,ShortMidRange,2,398.0,OffAtRimMake,ATL,06:22,https://videos.nba.com/wnba/pbp/media/2023/09/19/1042300132/287/60f8dbb9-6c01-a667-5460-a946396705d9_960x540.mp4,32,46,True,shots,4Q/OT | margin -3..3 | 300..120,team
wnba,wnba_shot_pace,shot_pace,shots,get-shots,2023,Playoffs,team,"{'EntityType': 'Team', 'StartType': 'All', 'Blocked': False, 'Season': '2023', 'SeasonType': 'Playoffs', 'EntityId': '1611661330'}",shot_pace,1611661330,4Q/OT | margin -3..3 | 300..120,get-shots__shots__entity_type-Team__start_type-All__blocked-False__season-2023__season_type-Playoffs__entity_id-1611661330__8cc39d1d,get-shots,https://api.pbpstats.com/get-shots/wnba?EntityType=Team&StartType=All&Blocked=False&Season=2023&SeasonType=Playoffs&EntityId=1611661330,200,12,,,,,,False,1611661321,411.0,284,2023-09-19,1042300132,1628277-1628881-1631009-202658-204323,False,DAL,1629479-1629481-1630101-1630149-203827,,,,,,1611661330,3,Rhyne Howard,1631009,15,07:09,0,,0,,0,,0,,False,-13,,12.2,0.3889,413.0,ShortMidRange,2,429.0,OffDeadball,ATL,06:53,https://videos.nba.com/wnba/pbp/media/2023/09/19/1042300132/284/6227e315-0f4c-95bf-3a3c-294dddad61fe_960x540.mp4,-4,122,True,shots,4Q/OT | margin -3..3 | 300..120,team
wnba,wnba_shot_pace,shot_pace,shots,get-shots,2023,Playoffs,team,"{'EntityType': 'Team', 'StartType': 'All', 'Blocked': False, 'Season': '2023', 'SeasonType': 'Playoffs', 'EntityId': '1611661330'}",shot_pace,1611661330,4Q/OT | margin -3..3 | 300..120,get-shots__shots__entity_type-Team__start_type-All__blocked-False__season-2023__season_type-Playoffs__entity_id-1611661330__8cc39d1d,get-shots,https://api.pbpstats.com/get-shots/wnba?EntityType=Team&StartType=All&Blocked=False&Season=2023&SeasonType=Playoffs&EntityId=1611661330,200,13,,,,,,False,1611661321,469.0,276,2023-09-19,1042300132,1628277-1628881-1631009-202658-204323,False,DAL,1629479-1629481-1630101-1630149-203827,,,,,,1611661330,3,Cheyenne Parker,204323,11,08:01,1631009,Rhyne Howard,1629481,Arike Ogunbowale,0,,0,,False,-15,,25.7,0.3444,472.0,Arc3,3,481.0,OffLongMidRangeMiss,ATL,07:52,https://videos.nba.com/wnba/pbp/media/2023/09/19/1042300132/276/88172aac-e86a-879c-73f6-2dfa6c9c1643_960x540.mp4,-116,229,True,shots,4Q/OT | margin -3..3 | 300..120,team
wnba,wnba_shot_pace,shot_pace,shots,get-shots,2023,Playoffs,team,"{'EntityType': 'Team', 'StartType': 'All', 'Blocked': False, 'Season': '2023', 'SeasonType': 'Playoffs', 'EntityId': '1611661330'}",shot_pace,1611661330,4Q/OT | margin -3..3 | 300..120,get-shots__shots__entity_type-Team__start_type-All__blocked-False__season-2023__season_type-Playoffs__entity_id-1611661330__8cc39d1d,get-shots,https://api.pbpstats.com/get-shots/wnba?EntityType=Team&StartType=All&Blocked=False&Season=2023&SeasonType=Playoffs&EntityId=1611661330,200,14,,,,,,False,1611661321,566.0,256,2023-09-19,1042300132,1628277-1628881-1631009-202658-204323,False,DAL,1629479-1629481-1630101-1630149-203827,Monique Billings,1628881.0,Allisha Gray,1628277.0,FT,1611661330,3,Cheyenne Parker,204323,1,10:00,0,,0,,0,,0,,False,-16,5.0,5.1,0.447,568.0,ShortMidRange,2,600.0,OffDeadball,ATL,09:28,https://videos.nba.com/wnba/pbp/media/2023/09/19/1042300132/256/0ca46ad2-16ca-1567-2581-f6abe8618a70_960x540.mp4,-5,51,True,shots,4Q/OT | margin -3..3 | 300..120,team
wnba,wnba_shot_pace,shot_pace,shots,get-shots,2023,Playoffs,team,"{'EntityType': 'Team', 'StartType': 'All', 'Blocked': False, 'Season': '2023', 'SeasonType': 'Playoffs', 'EntityId': '1611661330'}",shot_pace,1611661330,4Q/OT | margin -3..3 | 300..120,get-shots__shots__entity_type-Team__start_type-All__blocked-False__season-2023__season_type-Playoffs__entity_id-1611661330__8cc39d1d,get-shots,https://api.pbpstats.com/get-shots/wnba?EntityType=Team&StartType=All&Blocked=False&Season=2023&SeasonType=Playoffs&EntityId=1611661330,200,15,,,,,,False,1611661321,4.0,239,2023-09-19,1042300132,1628277-1628881-1631009-202658-204323,False,DAL,1629479-1630101-1630149-1630386-203827,,,,,,1611661330,2,Allisha Gray,1628277,39,00:30,0,,1630386,Awak Kuier,0,,0,,False,-18,,23.4,0.2426,7.0,Corner3,3,30.0,OffLongMidRangeMake,ATL,00:07,https://videos.nba.com/wnba/pbp/media/2023/09/19/1042300132/239/bca51806-aa7e-1a94-727c-5c5aa5fb79ad_960x540.mp4,-224,69,True,shots,4Q/OT | margin -3..3 | 300..120,team
wnba,wnba_shot_pace,shot_pace,shots,get-shots,2023,Playoffs,team,"{'EntityType': 'Team', 'StartType': 'All', 'Blocked': False, 'Season': '2023', 'SeasonType': 'Playoffs', 'EntityId': '1611661330'}",shot_pace,1611661330,4Q/OT | margin -3..3 | 300..120,get-shots__shots__entity_type-Team__start_type-All__blocked-False__season-2023__season_type-Playoffs__entity_id-1611661330__8cc39d1d,get-shots,https://api.pbpstats.com/get-shots/wnba?EntityType=Team&StartType=All&Blocked=False&Season=2023&SeasonType=Playoffs&EntityId=1611661330,200,16,,,,,,False,1611661321,48.0,235,2023-09-19,1042300132,1628277-1628881-1631009-202658-204323,False,DAL,1629479-1630101-1630149-1630386-203827,,,,,,1611661330,2,Allisha Gray,1628277,37,01:03,0,,1630101,Crystal Dangerfield,0,,0,,False,-16,,17.3,0.4183,54.0,LongMidRange,2,63.0,OffShortMidRangeMake,ATL,00:54,https://videos.nba.com/wnba/pbp/media/2023/09/19/1042300132/235/379c68e1-6eb6-4de4-d77b-af092bd7ec03_960x540.mp4,-15,172,True,shots,4Q/OT | margin -3..3 | 300..120,team
wnba,wnba_shot_pace,shot_pace,shots,get-shots,2023,Playoffs,team,"{'EntityType': 'Team', 'StartType': 'All', 'Blocked': False, 'Season': '2023', 'SeasonType': 'Playoffs', 'EntityId': '1611661330'}",shot_pace,1611661330,4Q/OT | margin -3..3 | 300..120,get-shots__shots__entity_type-Team__start_type-All__blocked-False__season-2023__season_type-Playoffs__entity_id-1611661330__8cc39d1d,get-shots,https://api.pbpstats.com/get-shots/wnba?EntityType=Team&StartType=All&Blocked=False&Season=2023&SeasonType=Playoffs&EntityId=1611661330,200,17,,,,,,False,1611661321,161.0,215,2023-09-19,1042300132,1628277-1628881-1631009-202658-204323,False,DAL,1629479-1629481-1630101-1630386-203827,,,,,,1611661330,2,Rhyne Howard,1631009,29,03:05,0,,203827,Natasha Howard,0,,0,,False,-12,,4.0,0.522,162.0,ShortMidRange,2,185.0,OffLongMidRangeMake,ATL,02:42,https://videos.nba.com/wnba/pbp/media/2023/09/19/1042300132/215/9628119f-f788-da94-046d-4297af4c4c92_960x540.mp4,-12,38,True,shots,4Q/OT | margin -3..3 | 300..120,team
wnba,wnba_shot_pace,shot_pace,shots,get-shots,2023,Playoffs,team,"{'EntityType': 'Team', 'StartType': 'All', 'Blocked': False, 'Season': '2023', 'SeasonType': 'Playoffs', 'EntityId': '1611661330'}",shot_pace,1611661330,4Q/OT | margin -3..3 | 300..120,get-shots__shots__entity_type-Team__start_type-All__blocked-False__season-2023__season_type-Playoffs__entity_id-1611661330__8cc39d1d,get-shots,https://api.pbpstats.com/get-shots/wnba?EntityType=Team&StartType=All&Blocked=False&Season=2023&SeasonType=Playoffs&EntityId=1611661330,200,18,,,,,,False,1611661321,191.0,211,2023-09-19,1042300132,1628277-1628881-1631009-202658-204323,False,DAL,1629479-1629481-1630101-1630386-203827,,,,,,1611661330,2,Rhyne Howard,1631009,27,03:38,0,,0,,0,,0,,False,-10,,26.0,0.266,195.0,Arc3,3,218.0,OffFTMake,ATL,03:15,https://videos.nba.com/wnba/pbp/media/2023/09/19/1042300132/211/f13a0930-6a83-772c-b701-5c0436fa0d0b_960x540.mp4,146,215,True,shots,4Q/OT | margin -3..3 | 300..120,team
wnba,wnba_shot_pace,shot_pace,shots,get-shots,2023,Playoffs,team,"{'EntityType': 'Team', 'StartType': 'All', 'Blocked': False, 'Season': '2023', 'SeasonType': 'Playoffs', 'EntityId': '1611661330'}",shot_pace,1611661330,4Q/OT | margin -3..3 | 300..120,get-shots__shots__entity_type-Team__start_type-All__blocked-False__season-2023__season_type-Playoffs__entity_id-1611661330__8cc39d1d,get-shots,https://api.pbpstats.com/get-shots/wnba?EntityType=Team&StartType=All&Blocked=False&Season=2023&SeasonType=Playoffs&EntityId=1611661330,200,19,,,,,,False,1611661321,292.0,183,2023-09-19,1042300132,1628277-1628881-1631009-202658-204323,False,DAL,1629479-1629481-1630149-1630386-1631007,,,,,,1611661330,2,Rhyne Howard,1631009,19,05:10,0,,1629479,Teaira McCowan,0,,0,,False,-7,,5.6,0.4046,294.0,ShortMidRange,2,310.0,OffAtRimMake,ATL,04:54,https://videos.nba.com/wnba/pbp/media/2023/09/19/1042300132/183/eff8f671-8fef-8fc6-cef1-08e8ab34c9af_960x540.mp4,1,56,True,shots,4Q/OT | margin -3..3 | 300..120,team
wnba,wnba_shot_pace,shot_pace,shots,get-shots,2023,Playoffs,team,"{'EntityType': 'Team', 'StartType': 'All', 'Blocked': False, 'Season': '2023', 'SeasonType': 'Playoffs', 'EntityId': '1611661330'}",shot_pace,1611661330,4Q/OT | margin -3..3 | 300..120,get-shots__shots__entity_type-Team__start_type-All__blocked-False__season-2023__season_type-Playoffs__entity_id-1611661330__8cc39d1d,get-shots,https://api.pbpstats.com/get-shots/wnba?EntityType=Team&StartType=All&Blocked=False&Season=2023&SeasonType=Playoffs&EntityId=1611661330,200,20,,,,,,False,1611661321,327.0,177,2023-09-19,1042300132,1628277-1628881-1631009-202658-204323,False,DAL,1629479-1629481-1630149-1630386-1631007,Danielle Robinson,202658.0,Rhyne Howard,1631009.0,AtRim,1611661330,2,Monique Billings,1628881,17,05:51,1628881,Monique Billings,1631007,Veronica Burton,0,,0,,False,-5,9.0,2.9,0.5122,327.0,AtRim,2,351.0,OffShortMidRangeMiss,ATL,05:27,https://videos.nba.com/wnba/pbp/media/2023/09/19/1042300132/177/b1ba2e2d-c2fa-5a7a-1dda-2ed4280cb95c_960x540.mp4,-13,26,True,shots,4Q/OT | margin -3..3 | 300..120,team
wnba,wnba_shot_pace,shot_pace,shots,get-shots,2023,Playoffs,team,"{'EntityType': 'Team', 'StartType': 'All', 'Blocked': False, 'Season': '2023', 'SeasonType': 'Playoffs', 'EntityId': '1611661330'}",shot_pace,1611661330,4Q/OT | margin -3..3 | 300..120,get-shots__shots__entity_type-Team__start_type-All__blocked-False__season-2023__season_type-Playoffs__entity_id-1611661330__8cc39d1d,get-shots,https://api.pbpstats.com/get-shots/wnba?EntityType=Team&StartType=All&Blocked=False&Season=2023&SeasonType=Playoffs&EntityId=1611661330,200,21,,,,,,False,1611661321,327.0,175,2023-09-19,1042300132,1628277-1628881-1631009-202658-204323,False,DAL,1629479-1629481-1630149-1630386-1631007,,,,,,1611661330,2,Rhyne Howard,1631009,17,05:51,1628881,Monique Billings,1631007,Veronica Burton,0,,0,,False,-5,,3.5,0.517,340.0,AtRim,2,351.0,OffShortMidRangeMiss,ATL,05:40,https://videos.nba.com/wnba/pbp/media/2023/09/19/1042300132/175/776a8098-5814-d8f8-ad14-c04ec7cec2df_960x540.mp4,-26,23,True,shots,4Q/OT | margin -3..3 | 300..120,team
wnba,wnba_shot_pace,shot_pace,shots,get-shots,2023,Playoffs,team,"{'EntityType': 'Team', 'StartType': 'All', 'Blocked': False, 'Season': '2023', 'SeasonType': 'Playoffs', 'EntityId': '1611661330'}",shot_pace,1611661330,4Q/OT | margin -3..3 | 300..120,get-shots__shots__entity_type-Team__start_type-All__blocked-False__season-2023__season_type-Playoffs__entity_id-1611661330__8cc39d1d,get-shots,https://api.pbpstats.com/get-shots/wnba?EntityType=Team&StartType=All&Blocked=False&Season=2023&SeasonType=Playoffs&EntityId=1611661330,200,22,,,,,,False,1611661321,438.0,153,2023-09-19,1042300132,1628277-1630387-1630462-1631009-1631044,False,DAL,1629479-1629481-1630149-1630386-203824,,,,,,1611661330,2,Allisha Gray,1628277,9,07:37,0,,1630386,Awak Kuier,0,,0,,False,-2,,24.5,0.352,442.0,Arc3,3,457.0,OffShortMidRangeMake,ATL,07:22,https://videos.nba.com/wnba/pbp/media/2023/09/19/1042300132/153/9dfd3ea4-ddaa-893d-f876-a7c72923964c_960x540.mp4,-127,209,True,shots,4Q/OT | margin -3..3 | 300..120,team
wnba,wnba_shot_pace,shot_pace,shots,get-shots,2023,Playoffs,team,"{'EntityType': 'Team', 'StartType': 'All', 'Blocked': False, 'Season': '2023', 'SeasonType': 'Playoffs', 'EntityId': '1611661330'}",shot_pace,1611661330,4Q/OT | margin -3..3 | 300..120,get-shots__shots__entity_type-Team__start_type-All__blocked-False__season-2023__season_type-Playoffs__entity_id-1611661330__8cc39d1d,get-shots,https://api.pbpstats.com/get-shots/wnba?EntityType=Team&StartType=All&Blocked=False&Season=2023&SeasonType=Playoffs&EntityId=1611661330,200,23,,,,,,False,1611661321,587.0,140,2023-09-19,1042300132,1628277-1630387-1630462-1631009-1631044,False,DAL,1629479-1629481-1630149-1630386-203824,,,,,,1611661330,2,Aari McDonald,1630462,1,10:00,0,,0,,0,,0,,False,1,,3.3,0.5359,590.0,AtRim,2,600.0,OffDeadball,ATL,09:50,https://videos.nba.com/wnba/pbp/media/2023/09/19/1042300132/140/fd9ef917-eb7a-caab-2976-a4a229153111_960x540.mp4,-18,28,True,shots,4Q/OT | margin -3..3 | 300..120,team
wnba,wnba_shot_pace,shot_pace,shots,get-shots,2023,Playoffs,team,"{'EntityType': 'Team', 'StartType': 'All', 'Blocked': False, 'Season': '2023', 'SeasonType': 'Playoffs', 'EntityId': '1611661330'}",shot_pace,1611661330,4Q/OT | margin -3..3 | 300..120,get-shots__shots__entity_type-Team__start_type-All__blocked-False__season-2023__season_type-Playoffs__entity_id-1611661330__8cc39d1d,get-shots,https://api.pbpstats.com/get-shots/wnba?EntityType=Team&StartType=All&Blocked=False&Season=2023&SeasonType=Playoffs&EntityId=1611661330,200,24,,,,,,False,1611661321,87.0,118,2023-09-19,1042300132,1628277-1630462-1631009-1631044-204323,False,DAL,1629479-1629481-1630149-203824-203827,Cheyenne Parker,204323.0,Allisha Gray,1628277.0,Arc3,1611661330,1,Cheyenne Parker,204323,40,01:41,0,,1629481,Arike Ogunbowale,0,,0,,True,-1,1.0,16.4,0.2773,88.0,LongMidRange,2,101.0,OffLongMidRangeMake,ATL,01:28,https://videos.nba.com/wnba/pbp/media/2023/09/19/1042300132/118/1233c918-20c5-575d-8b4f-b6f2677950a3_960x540.mp4,-118,114,True,shots,4Q/OT | margin -3..3 | 300..120,team
wnba,wnba_shot_pace,shot_pace,shots,get-shots,2023,Playoffs,team,"{'EntityType': 'Team', 'StartType': 'All', 'Blocked': False, 'Season': '2023', 'SeasonType': 'Playoffs', 'EntityId': '1611661330'}",shot_pace,1611661330,4Q/OT | margin -3..3 | 300..120,get-shots__shots__entity_type-Team__start_type-All__blocked-False__season-2023__season_type-Playoffs__entity_id-1611661330__8cc39d1d,get-shots,https://api.pbpstats.com/get-shots/wnba?EntityType=Team&StartType=All&Blocked=False&Season=2023&SeasonType=Playoffs&EntityId=1611661330,200,25,,,,,,False,1611661321,87.0,116,2023-09-19,1042300132,1628277-1630462-1631009-1631044-204323,False,DAL,1629479-1629481-1630149-203824-203827,,,,,,1611661330,1,Allisha Gray,1628277,40,01:41,0,,1629481,Arike Ogunbowale,0,,0,,False,-1,,24.9,0.3522,92.0,Arc3,3,101.0,OffLongMidRangeMake,ATL,01:32,https://videos.nba.com/wnba/pbp/media/2023/09/19/1042300132/116/9a1c5ab7-8cb0-4eb9-f93b-ea822282096b_960x540.mp4,22,248,True,shots,4Q/OT | margin -3..3 | 300..120,team
wnba,wnba_shot_pace,shot_pace,shots,get-shots,2023,Playoffs,team,"{'EntityType': 'Team', 'StartType': 'All', 'Blocked': False, 'Season': '2023', 'SeasonType': 'Playoffs', 'EntityId': '1611661330'}",shot_pace,1611661330,4Q/OT | margin -3..3 | 300..120,get-shots__shots__entity_type-Team__start_type-All__blocked-False__season-2023__season_type-Playoffs__entity_id-1611661330__8cc39d1d,get-shots,https://api.pbpstats.com/get-shots/wnba?EntityType=Team&StartType=All&Blocked=False&Season=2023&SeasonType=Playoffs&EntityId=1611661330,200,26,,,,,,False,1611661321,150.0,105,2023-09-19,1042300132,1628277-1630462-1631009-1631044-204323,False,DAL,1629479-1629481-1630149-203824-203827,,,,,,1611661330,1,Cheyenne Parker,204323,34,02:57,0,,1630149,Satou Sabally,0,,0,,False,0,,4.3,0.4241,152.0,ShortMidRange,2,177.0,OffArc3Make,ATL,02:32,https://videos.nba.com/wnba/pbp/media/2023/09/19/1042300132/105/c5b02631-00bd-8b5e-0d27-2cde245c2444_960x540.mp4,-4,43,True,shots,4Q/OT | margin -3..3 | 300..120,team
wnba,wnba_shot_pace,shot_pace,shots,get-shots,2023,Playoffs,team,"{'EntityType': 'Team', 'StartType': 'All', 'Blocked': False, 'Season': '2023', 'SeasonType': 'Playoffs', 'EntityId': '1611661330'}",shot_pace,1611661330,4Q/OT | margin -3..3 | 300..120,get-shots__shots__entity_type-Team__start_type-All__blocked-False__season-2023__season_type-Playoffs__entity_id-1611661330__8cc39d1d,get-shots,https://api.pbpstats.com/get-shots/wnba?EntityType=Team&StartType=All&Blocked=False&Season=2023&SeasonType=Playoffs&EntityId=1611661330,200,27,,,,,,False,1611661321,186.0,102,2023-09-19,1042300132,1628277-1630462-1631009-1631044-204323,False,DAL,1629479-1629481-1630149-203824-203827,,,,,,1611661330,1,Aari McDonald,1630462,32,03:18,1631044,Naz Hillmon,203827,Natasha Howard,0,,0,,False,3,,24.8,0.3996,189.0,Arc3,3,198.0,OffCorner3Miss,ATL,03:09,https://videos.nba.com/wnba/pbp/media/2023/09/19/1042300132/102/e448fb34-248c-9770-a4ca-c373d568296d_960x540.mp4,46,244,True,shots,4Q/OT | margin -3..3 | 300..120,team
wnba,wnba_shot_pace,shot_pace,shots,get-shots,2023,Playoffs,team,"{'EntityType': 'Team', 'StartType': 'All', 'Blocked': False, 'Season': '2023', 'SeasonType': 'Playoffs', 'EntityId': '1611661330'}",shot_pace,1611661330,4Q/OT | margin -3..3 | 300..120,get-shots__shots__entity_type-Team__start_type-All__blocked-False__season-2023__season_type-Playoffs__entity_id-1611661330__8cc39d1d,get-shots,https://api.pbpstats.com/get-shots/wnba?EntityType=Team&StartType=All&Blocked=False&Season=2023&SeasonType=Playoffs&EntityId=1611661330,200,28,,,,,,False,1611661321,231.0,85,2023-09-19,1042300132,1628277-1631009-1631044-202658-204323,False,DAL,1629480-1629481-1630101-1630149-203827,,,,,,1611661330,1,Rhyne Howard,1631009,28,04:00,1631009,Rhyne Howard,1630101,Crystal Dangerfield,0,,0,,False,0,,24.7,0.3705,234.0,Arc3,3,240.0,OffShortMidRangeMiss,ATL,03:54,https://videos.nba.com/wnba/pbp/media/2023/09/19/1042300132/85/9b0a0ffb-339b-14f0-029f-81754f9e1059_960x540.mp4,-149,197,True,shots,4Q/OT | margin -3..3 | 300..120,team
wnba,wnba_shot_pace,shot_pace,shots,get-shots,2023,Playoffs,team,"{'EntityType': 'Team', 'StartType': 'All', 'Blocked': False, 'Season': '2023', 'SeasonType': 'Playoffs', 'EntityId': '1611661330'}",shot_pace,1611661330,4Q/OT | margin -3..3 | 300..120,get-shots__shots__entity_type-Team__start_type-All__blocked-False__season-2023__season_type-Playoffs__entity_id-1611661330__8cc39d1d,get-shots,https://api.pbpstats.com/get-shots/wnba?EntityType=Team&StartType=All&Blocked=False&Season=2023&SeasonType=Playoffs&EntityId=1611661330,200,29,,,,,,False,1611661321,349.0,48,2023-09-19,1042300132,1628277-1628881-1631009-202658-204323,False,DAL,1629479-1629481-1630101-1630149-203827,,,,,,1611661330,1,Rhyne Howard,1631009,18,06:07,0,,0,,0,,0,,False,-2,,7.4,0.3933,350.0,ShortMidRange,2,367.0,OffFTMake,ATL,05:50,https://videos.nba.com/wnba/pbp/media/2023/09/19/1042300132/48/dfdd85a8-4222-6291-087e-b1cf3784f8dd_960x540.mp4,-38,64,True,shots,4Q/OT | margin -3..3 | 300..120,team
wnba,wnba_shot_pace,shot_pace,shots,get-shots,2023,Playoffs,team,"{'EntityType': 'Team', 'StartType': 'All', 'Blocked': False, 'Season': '2023', 'SeasonType': 'Playoffs', 'EntityId': '1611661330'}",shot_pace,1611661330,4Q/OT | margin -3..3 | 300..120,get-shots__shots__entity_type-Team__start_type-All__blocked-False__season-2023__season_type-Playoffs__entity_id-1611661330__8cc39d1d,get-shots,https://api.pbpstats.com/get-shots/wnba?EntityType=Team&StartType=All&Blocked=False&Season=2023&SeasonType=Playoffs&EntityId=1611661330,200,30,,,,,,False,1611661321,464.0,25,2023-09-19,1042300132,1628277-1628881-1631009-202658-204323,False,DAL,1629479-1629481-1630101-1630149-203827,,,,,,1611661330,1,Cheyenne Parker,204323,10,08:02,0,,0,,0,,0,,False,0,,11.4,0.3747,466.0,ShortMidRange,2,482.0,OffDeadball,ATL,07:46,https://videos.nba.com/wnba/pbp/media/2023/09/19/1042300132/25/b9c56d3d-9c29-1852-0c68-703e96a7c879_960x540.mp4,-102,52,True,shots,4Q/OT | margin -3..3 | 300..120,team
wnba,wnba_shot_pace,shot_pace,shots,get-shots,2023,Playoffs,team,"{'EntityType': 'Team', 'StartType': 'All', 'Blocked': False, 'Season': '2023', 'SeasonType': 'Playoffs', 'EntityId': '1611661330'}",shot_pace,1611661330,4Q/OT | margin -3..3 | 300..120,get-shots__shots__entity_type-Team__start_type-All__blocked-False__season-2023__season_type-Playoffs__entity_id-1611661330__8cc39d1d,get-shots,https://api.pbpstats.com/get-shots/wnba?EntityType=Team&StartType=All&Blocked=False&Season=2023&SeasonType=Playoffs&EntityId=1611661330,200,31,,,,,,False,1611661321,497.0,21,2023-09-19,1042300132,1628277-1628881-1631009-202658-204323,False,DAL,1629479-1629481-1630101-1630149-203827,,,,,,1611661330,1,Rhyne Howard,1631009,8,08:36,0,,0,,0,,0,,False,0,,25.1,0.3598,501.0,Arc3,3,516.0,OffDeadball,ATL,08:21,https://videos.nba.com/wnba/pbp/media/2023/09/19/1042300132/21/8179e822-d4c1-32cf-94bb-2728f0e2ab3f_960x540.mp4,6,251,True,shots,4Q/OT | margin -3..3 | 300..120,team
wnba,wnba_shot_pace,shot_pace,shots,get-shots,2023,Playoffs,team,"{'EntityType': 'Team', 'StartType': 'All', 'Blocked': False, 'Season': '2023', 'SeasonType': 'Playoffs', 'EntityId': '1611661330'}",shot_pace,1611661330,4Q/OT | margin -3..3 | 300..120,get-shots__shots__entity_type-Team__start_type-All__blocked-False__season-2023__season_type-Playoffs__entity_id-1611661330__8cc39d1d,get-shots,https://api.pbpstats.com/get-shots/wnba?EntityType=Team&StartType=All&Blocked=False&Season=2023&SeasonType=Playoffs&EntityId=1611661330,200,32,,,,,,False,1611661321,571.0,9,2023-09-19,1042300132,1628277-1628881-1631009-202658-204323,False,DAL,1629479-1629481-1630101-1630149-203827,,,,,,1611661330,1,Allisha Gray,1628277,2,09:45,204323,Cheyenne Parker,1629479,Teaira McCowan,0,,0,,False,0,,7.1,0.4006,572.0,ShortMidRange,2,585.0,OffAtRimMiss,ATL,09:32,https://videos.nba.com/wnba/pbp/media/2023/09/19/1042300132/9/23365f56-f1fa-ad4e-a638-ad425a2b95d4_960x540.mp4,-30,64,True,shots,4Q/OT | margin -3..3 | 300..120,team
wnba,wnba_shot_pace,shot_pace,shots,get-shots,2023,Playoffs,team,"{'EntityType': 'Team', 'StartType': 'All', 'Blocked': False, 'Season': '2023', 'SeasonType': 'Playoffs', 'EntityId': '1611661330'}",shot_pace,1611661330,4Q/OT | margin -3..3 | 300..120,get-shots__shots__entity_type-Team__start_type-All__blocked-False__season-2023__season_type-Playoffs__entity_id-1611661330__8cc39d1d,get-shots,https://api.pbpstats.com/get-shots/wnba?EntityType=Team&StartType=All&Blocked=False&Season=2023&SeasonType=Playoffs&EntityId=1611661330,200,33,,,,,,False,1611661321,0.0,593,2023-09-15,1042300131,1628277-1628881-1631009-202658-204323,False,DAL,1629480-1630101-1630386-1631007-1641652,,,,,,1611661330,4,Rhyne Howard,1631009,43,00:14,0,,0,,0,,0,,False,-12,,25.8,0.1309,1.0,Arc3,3,14.0,OffDeadball,ATL,00:01,https://videos.nba.com/wnba/pbp/media/2023/09/15/1042300131/593/50ba3094-959f-df8c-3926-8d8a2f0a2fd9_960x540.mp4,203,159,True,shots,4Q/OT | margin -3..3 | 300..120,team
wnba,wnba_shot_pace,shot_pace,shots,get-shots,2023,Playoffs,team,"{'EntityType': 'Team', 'StartType': 'All', 'Blocked': False, 'Season': '2023', 'SeasonType': 'Playoffs', 'EntityId': '1611661330'}",shot_pace,1611661330,4Q/OT | margin -3..3 | 300..120,get-shots__shots__entity_type-Team__start_type-All__blocked-False__season-2023__season_type-Playoffs__entity_id-1611661330__8cc39d1d,get-shots,https://api.pbpstats.com/get-shots/wnba?EntityType=Team&StartType=All&Blocked=False&Season=2023&SeasonType=Playoffs&EntityId=1611661330,200,34,,,,,,False,1611661321,36.0,590,2023-09-15,1042300131,1628277-1628881-1631009-202658-204323,False,DAL,1629480-1630101-1630386-1631007-1641652,,,,,,1611661330,4,Rhyne Howard,1631009,41,00:47,0,,0,,0,,0,,False,-12,,11.7,0.3864,38.0,ShortMidRange,2,47.0,OffFTMake,ATL,00:38,https://videos.nba.com/wnba/pbp/media/2023/09/15/1042300131/590/e94ae70a-0382-083d-4962-b297cb4b5777_960x540.mp4,107,47,True,shots,4Q/OT | margin -3..3 | 300..120,team
wnba,wnba_shot_pace,shot_pace,shots,get-shots,2023,Playoffs,team,"{'EntityType': 'Team', 'StartType': 'All', 'Blocked': False, 'Season': '2023', 'SeasonType': 'Playoffs', 'EntityId': '1611661330'}",shot_pace,1611661330,4Q/OT | margin -3..3 | 300..120,get-shots__shots__entity_type-Team__start_type-All__blocked-False__season-2023__season_type-Playoffs__entity_id-1611661330__8cc39d1d,get-shots,https://api.pbpstats.com/get-shots/wnba?EntityType=Team&StartType=All&Blocked=False&Season=2023&SeasonType=Playoffs&EntityId=1611661330,200,35,,,,,,False,1611661321,82.0,561,2023-09-15,1042300131,1628277-1628881-1631009-202658-204323,False,DAL,1629479-1629481-1630101-1630149-203827,,,,,,1611661330,4,Rhyne Howard,1631009,35,01:39,0,,0,,0,,0,,False,-10,,24.7,0.344,87.0,Arc3,3,99.0,OffFTMake,ATL,01:27,https://videos.nba.com/wnba/pbp/media/2023/09/15/1042300131/561/39d85d02-2cda-5487-063a-569ccb420868_960x540.mp4,184,165,True,shots,4Q/OT | margin -3..3 | 300..120,team
wnba,wnba_shot_pace,shot_pace,shots,get-shots,2023,Playoffs,team,"{'EntityType': 'Team', 'StartType': 'All', 'Blocked': False, 'Season': '2023', 'SeasonType': 'Playoffs', 'EntityId': '1611661330'}",shot_pace,1611661330,4Q/OT | margin -3..3 | 300..120,get-shots__shots__entity_type-Team__start_type-All__blocked-False__season-2023__season_type-Playoffs__entity_id-1611661330__8cc39d1d,get-shots,https://api.pbpstats.com/get-shots/wnba?EntityType=Team&StartType=All&Blocked=False&Season=2023&SeasonType=Playoffs&EntityId=1611661330,200,36,,,,,,False,1611661321,115.0,547,2023-09-15,1042300131,1628277-1628881-1631009-202658-204323,False,DAL,1629479-1629481-1630101-1630149-203827,,,,,,1611661330,4,Allisha Gray,1628277,33,02:16,0,,1630101,Crystal Dangerfield,0,,0,,False,-10,,25.9,0.3143,122.0,Arc3,3,136.0,OffAtRimMake,ATL,02:02,https://videos.nba.com/wnba/pbp/media/2023/09/15/1042300131/547/f0085fd1-6e06-8cba-0f45-b7de1ab695d3_960x540.mp4,43,255,True,shots,4Q/OT | margin -3..3 | 300..120,team
wnba,wnba_shot_pace,shot_pace,shots,get-shots,2023,Playoffs,team,"{'EntityType': 'Team', 'StartType': 'All', 'Blocked': False, 'Season': '2023', 'SeasonType': 'Playoffs', 'EntityId': '1611661330'}",shot_pace,1611661330,4Q/OT | margin -3..3 | 300..120,get-shots__shots__entity_type-Team__start_type-All__blocked-False__season-2023__season_type-Playoffs__entity_id-1611661330__8cc39d1d,get-shots,https://api.pbpstats.com/get-shots/wnba?EntityType=Team&StartType=All&Blocked=False&Season=2023&SeasonType=Playoffs&EntityId=1611661330,200,37,,,,,,False,1611661321,246.0,510,2023-09-15,1042300131,1628277-1628881-1630462-1631009-204323,False,DAL,1629479-1629481-1630101-1630149-203827,,,,,,1611661330,4,Rhyne Howard,1631009,21,04:23,0,,1629481,Arike Ogunbowale,0,,0,,False,-4,,25.0,0.302,250.0,Arc3,3,263.0,OffShortMidRangeMake,ATL,04:10,https://videos.nba.com/wnba/pbp/media/2023/09/15/1042300131/510/402b11da-eccf-c997-ea12-7983e1de57a9_960x540.mp4,1,250,True,shots,4Q/OT | margin -3..3 | 300..120,team
wnba,wnba_shot_pace,shot_pace,shots,get-shots,2023,Playoffs,team,"{'EntityType': 'Team', 'StartType': 'All', 'Blocked': False, 'Season': '2023', 'SeasonType': 'Playoffs', 'EntityId': '1611661330'}",shot_pace,1611661330,4Q/OT | margin -3..3 | 300..120,get-shots__shots__entity_type-Team__start_type-All__blocked-False__season-2023__season_type-Playoffs__entity_id-1611661330__8cc39d1d,get-shots,https://api.pbpstats.com/get-shots/wnba?EntityType=Team&StartType=All&Blocked=False&Season=2023&SeasonType=Playoffs&EntityId=1611661330,200,38,,,,,,False,1611661321,321.0,501,2023-09-15,1042300131,1628277-1628881-1630462-1631009-204323,False,DAL,1629479-1629481-1630101-1630149-203827,,,,,,1611661330,4,Aari McDonald,1630462,17,05:46,0,,1629479,Teaira McCowan,0,,0,,False,-2,,24.0,0.3046,324.0,Arc3,3,346.0,OffAtRimMake,ATL,05:24,https://videos.nba.com/wnba/pbp/media/2023/09/15/1042300131/501/19cfb2a0-45ff-ac89-0204-ca49e4fb4e98_960x540.mp4,-1,240,True,shots,4Q/OT | margin -3..3 | 300..120,team
wnba,wnba_shot_pace,shot_pace,shots,get-shots,2023,Playoffs,team,"{'EntityType': 'Team', 'StartType': 'All', 'Blocked': False, 'Season': '2023', 'SeasonType': 'Playoffs', 'EntityId': '1611661330'}",shot_pace,1611661330,4Q/OT | margin -3..3 | 300..120,get-shots__shots__entity_type-Team__start_type-All__blocked-False__season-2023__season_type-Playoffs__entity_id-1611661330__8cc39d1d,get-shots,https://api.pbpstats.com/get-shots/wnba?EntityType=Team&StartType=All&Blocked=False&Season=2023&SeasonType=Playoffs&EntityId=1611661330,200,39,,,,,,False,1611661321,367.0,494,2023-09-15,1042300131,1628277-1628881-1630462-1631009-204323,False,DAL,1629479-1629481-1630101-1630149-203827,,,,,,1611661330,4,Allisha Gray,1628277,15,06:36,0,,1630149,Satou Sabally,0,,0,,False,0,,14.1,0.2992,371.0,LongMidRange,2,396.0,OffArc3Make,ATL,06:11,https://videos.nba.com/wnba/pbp/media/2023/09/15/1042300131/494/710567bd-02cb-2192-78af-35bfb67d9222_960x540.mp4,-94,105,True,shots,4Q/OT | margin -3..3 | 300..120,team
wnba,wnba_shot_pace,shot_pace,shots,get-shots,2023,Playoffs,team,"{'EntityType': 'Team', 'StartType': 'All', 'Blocked': False, 'Season': '2023', 'SeasonType': 'Playoffs', 'EntityId': '1611661330'}",shot_pace,1611661330,4Q/OT | margin -3..3 | 300..120,get-shots__shots__entity_type-Team__start_type-All__blocked-False__season-2023__season_type-Playoffs__entity_id-1611661330__8cc39d1d,get-shots,https://api.pbpstats.com/get-shots/wnba?EntityType=Team&StartType=All&Blocked=False&Season=2023&SeasonType=Playoffs&EntityId=1611661330,200,40,,,,,,False,1611661321,404.0,490,2023-09-15,1042300131,1628277-1628881-1630462-1631009-204323,False,DAL,1629479-1629481-1630101-1630149-203827,,,,,,1611661330,4,Rhyne Howard,1631009,13,06:53,0,,0,,1630462,Aari McDonald,1629479,Teaira McCowan,False,3,,26.7,0.363,407.0,Arc3,3,413.0,OffLiveBallTurnover,ATL,06:47,https://videos.nba.com/wnba/pbp/media/2023/09/15/1042300131/490/8de75021-9c8c-f8cc-5c90-fecc4e09d92a_960x540.mp4,85,253,True,shots,4Q/OT | margin -3..3 | 300..120,team
wnba,wnba_shot_pace,shot_pace,shots,get-shots,2023,Playoffs,team,"{'EntityType': 'Team', 'StartType': 'All', 'Blocked': False, 'Season': '2023', 'SeasonType': 'Playoffs', 'EntityId': '1611661330'}",shot_pace,1611661330,4Q/OT | margin -3..3 | 300..120,get-shots__shots__entity_type-Team__start_type-All__blocked-False__season-2023__season_type-Playoffs__entity_id-1611661330__8cc39d1d,get-shots,https://api.pbpstats.com/get-shots/wnba?EntityType=Team&StartType=All&Blocked=False&Season=2023&SeasonType=Playoffs&EntityId=1611661330,200,41,,,,,,False,1611661321,459.0,473,2023-09-15,1042300131,1628277-1628881-1630462-1631009-204323,False,DAL,1629479-1629481-1630149-203824-203827,,0.0,Allisha Gray,1628277.0,Team,1611661330,4,Allisha Gray,1628277,9,08:13,0,,1629479,Teaira McCowan,0,,0,,False,0,17.0,4.7,0.3634,463.0,ShortMidRange,2,493.0,OffAtRimMake,ATL,07:43,https://videos.nba.com/wnba/pbp/media/2023/09/15/1042300131/473/6fbfa421-f1c2-2441-02dc-4c18da4228c6_960x540.mp4,-24,40,True,shots,4Q/OT | margin -3..3 | 300..120,team
wnba,wnba_shot_pace,shot_pace,shots,get-shots,2023,Playoffs,team,"{'EntityType': 'Team', 'StartType': 'All', 'Blocked': False, 'Season': '2023', 'SeasonType': 'Playoffs', 'EntityId': '1611661330'}",shot_pace,1611661330,4Q/OT | margin -3..3 | 300..120,get-shots__shots__entity_type-Team__start_type-All__blocked-False__season-2023__season_type-Playoffs__entity_id-1611661330__8cc39d1d,get-shots,https://api.pbpstats.com/get-shots/wnba?EntityType=Team&StartType=All&Blocked=False&Season=2023&SeasonType=Playoffs&EntityId=1611661330,200,42,,,,,,False,1611661321,459.0,465,2023-09-15,1042300131,1628277-1630462-1631009-1631044-204323,False,DAL,1629479-1629481-1630149-203824-203827,,,,,,1611661330,4,Allisha Gray,1628277,9,08:13,0,,1629479,Teaira McCowan,0,,0,,False,0,,7.3,0.3681,481.0,ShortMidRange,2,493.0,OffAtRimMake,ATL,08:01,https://videos.nba.com/wnba/pbp/media/2023/09/15/1042300131/465/04cc8fce-8c91-3fb3-a1f0-deb26dabd453_960x540.mp4,47,56,True,shots,4Q/OT | margin -3..3 | 300..120,team
wnba,wnba_shot_pace,shot_pace,shots,get-shots,2023,Playoffs,team,"{'EntityType': 'Team', 'StartType': 'All', 'Blocked': False, 'Season': '2023', 'SeasonType': 'Playoffs', 'EntityId': '1611661330'}",shot_pace,1611661330,4Q/OT | margin -3..3 | 300..120,get-shots__shots__entity_type-Team__start_type-All__blocked-False__season-2023__season_type-Playoffs__entity_id-1611661330__8cc39d1d,get-shots,https://api.pbpstats.com/get-shots/wnba?EntityType=Team&StartType=All&Blocked=False&Season=2023&SeasonType=Playoffs&EntityId=1611661330,200,43,,,,,,False,1611661321,501.0,461,2023-09-15,1042300131,1628277-1630462-1631009-1631044-204323,False,DAL,1629479-1629481-1630149-203824-203827,,,,,,1611661330,4,Rhyne Howard,1631009,7,08:31,1628277,Allisha Gray,1629481,Arike Ogunbowale,0,,0,,False,2,,24.7,0.3481,503.0,Arc3,3,511.0,OffFTMiss,ATL,08:23,https://videos.nba.com/wnba/pbp/media/2023/09/15/1042300131/461/f40be955-84aa-0b8a-b933-808dd5be4625_960x540.mp4,210,130,True,shots,4Q/OT | margin -3..3 | 300..120,team
wnba,wnba_shot_pace,shot_pace,shots,get-shots,2023,Playoffs,team,"{'EntityType': 'Team', 'StartType': 'All', 'Blocked': False, 'Season': '2023', 'SeasonType': 'Playoffs', 'EntityId': '1611661330'}",shot_pace,1611661330,4Q/OT | margin -3..3 | 300..120,get-shots__shots__entity_type-Team__start_type-All__blocked-False__season-2023__season_type-Playoffs__entity_id-1611661330__8cc39d1d,get-shots,https://api.pbpstats.com/get-shots/wnba?EntityType=Team&StartType=All&Blocked=False&Season=2023&SeasonType=Playoffs&EntityId=1611661330,200,44,,,,,,False,1611661321,516.0,452,2023-09-15,1042300131,1629476-1630462-1631009-1631044-204323,False,DAL,1629479-1629481-1630149-203824-203827,,,,,,1611661330,4,Rhyne Howard,1631009,5,08:54,0,,203824,Odyssey Sims,0,,0,,False,3,,20.1,0.3942,518.0,LongMidRange,2,534.0,OffCorner3Make,ATL,08:38,https://videos.nba.com/wnba/pbp/media/2023/09/15/1042300131/452/96578065-9e9d-bb8d-1ce8-88743466c203_960x540.mp4,-104,172,True,shots,4Q/OT | margin -3..3 | 300..120,team
wnba,wnba_shot_pace,shot_pace,shots,get-shots,2023,Playoffs,team,"{'EntityType': 'Team', 'StartType': 'All', 'Blocked': False, 'Season': '2023', 'SeasonType': 'Playoffs', 'EntityId': '1611661330'}",shot_pace,1611661330,4Q/OT | margin -3..3 | 300..120,get-shots__shots__entity_type-Team__start_type-All__blocked-False__season-2023__season_type-Playoffs__entity_id-1611661330__8cc39d1d,get-shots,https://api.pbpstats.com/get-shots/wnba?EntityType=Team&StartType=All&Blocked=False&Season=2023&SeasonType=Playoffs&EntityId=1611661330,200,45,,,,,,False,1611661321,540.0,448,2023-09-15,1042300131,1629476-1630462-1631009-1631044-204323,False,DAL,1629479-1629481-1630149-203824-203827,,,,,,1611661330,4,Cheyenne Parker,204323,3,09:25,0,,0,,0,,0,,False,6,,3.6,0.4801,542.0,AtRim,2,565.0,OffDeadball,ATL,09:02,https://videos.nba.com/wnba/pbp/media/2023/09/15/1042300131/448/8e479a43-fceb-86ab-2a6e-c4d4b5c13d93_960x540.mp4,-18,31,True,shots,4Q/OT | margin -3..3 | 300..120,team
wnba,wnba_shot_pace,shot_pace,shots,get-shots,2023,Playoffs,team,"{'EntityType': 'Team', 'StartType': 'All', 'Blocked': False, 'Season': '2023', 'SeasonType': 'Playoffs', 'EntityId': '1611661330'}",shot_pace,1611661330,4Q/OT | margin -3..3 | 300..120,get-shots__shots__entity_type-Team__start_type-All__blocked-False__season-2023__season_type-Playoffs__entity_id-1611661330__8cc39d1d,get-shots,https://api.pbpstats.com/get-shots/wnba?EntityType=Team&StartType=All&Blocked=False&Season=2023&SeasonType=Playoffs&EntityId=1611661330,200,46,,,,,,False,1611661321,0.0,429,2023-09-15,1042300131,1628881-1629476-1630462-1631009-204323,False,DAL,1629480-1630149-1630386-1631007-1641652,Monique Billings,1628881.0,Rhyne Howard,1631009.0,Arc3,1611661330,3,Monique Billings,1628881,38,00:23,1628881,Monique Billings,1630149,Satou Sabally,0,,0,,True,3,1.0,3.6,0.3639,0.0,AtRim,2,23.0,OffShortMidRangeMiss,ATL,00:00,https://videos.nba.com/wnba/pbp/media/2023/09/15/1042300131/429/fe14face-9bff-cc78-b14c-a1c070612323_960x540.mp4,8,35,True,shots,4Q/OT | margin -3..3 | 300..120,team
wnba,wnba_shot_pace,shot_pace,shots,get-shots,2023,Playoffs,team,"{'EntityType': 'Team', 'StartType': 'All', 'Blocked': False, 'Season': '2023', 'SeasonType': 'Playoffs', 'EntityId': '1611661330'}",shot_pace,1611661330,4Q/OT | margin -3..3 | 300..120,get-shots__shots__entity_type-Team__start_type-All__blocked-False__season-2023__season_type-Playoffs__entity_id-1611661330__8cc39d1d,get-shots,https://api.pbpstats.com/get-shots/wnba?EntityType=Team&StartType=All&Blocked=False&Season=2023&SeasonType=Playoffs&EntityId=1611661330,200,47,,,,,,False,1611661321,0.0,427,2023-09-15,1042300131,1628881-1629476-1630462-1631009-204323,False,DAL,1629480-1630149-1630386-1631007-1641652,,,,,,1611661330,3,Rhyne Howard,1631009,38,00:23,1628881,Monique Billings,1630149,Satou Sabally,0,,0,,False,3,,30.5,0.0722,1.0,Arc3,3,23.0,OffShortMidRangeMiss,ATL,00:01,https://videos.nba.com/wnba/pbp/media/2023/09/15/1042300131/427/4e984a3d-ae93-04be-e2f7-7b7d172723db_960x540.mp4,-185,243,True,shots,4Q/OT | margin -3..3 | 300..120,team
wnba,wnba_shot_pace,shot_pace,shots,get-shots,2023,Playoffs,team,"{'EntityType': 'Team', 'StartType': 'All', 'Blocked': False, 'Season': '2023', 'SeasonType': 'Playoffs', 'EntityId': '1611661330'}",shot_pace,1611661330,4Q/OT | margin -3..3 | 300..120,get-shots__shots__entity_type-Team__start_type-All__blocked-False__season-2023__season_type-Playoffs__entity_id-1611661330__8cc39d1d,get-shots,https://api.pbpstats.com/get-shots/wnba?EntityType=Team&StartType=All&Blocked=False&Season=2023&SeasonType=Playoffs&EntityId=1611661330,200,48,,,,,,False,1611661321,134.0,396,2023-09-15,1042300131,1628277-1628881-1630462-1631009-204323,False,DAL,1629479-1629481-1630149-203824-203827,,,,,,1611661330,3,Aari McDonald,1630462,30,02:29,1631009,Rhyne Howard,1629481,Arike Ogunbowale,0,,0,,False,1,,26.0,0.3685,138.0,Arc3,3,149.0,OffShortMidRangeMiss,ATL,02:18,https://videos.nba.com/wnba/pbp/media/2023/09/15/1042300131/396/85c95026-9f07-34ea-c0a7-71c66875c182_960x540.mp4,-88,245,True,shots,4Q/OT | margin -3..3 | 300..120,team
wnba,wnba_shot_pace,shot_pace,shots,get-shots,2023,Playoffs,team,"{'EntityType': 'Team', 'StartType': 'All', 'Blocked': False, 'Season': '2023', 'SeasonType': 'Playoffs', 'EntityId': '1611661330'}",shot_pace,1611661330,4Q/OT | margin -3..3 | 300..120,get-shots__shots__entity_type-Team__start_type-All__blocked-False__season-2023__season_type-Playoffs__entity_id-1611661330__8cc39d1d,get-shots,https://api.pbpstats.com/get-shots/wnba?EntityType=Team&StartType=All&Blocked=False&Season=2023&SeasonType=Playoffs&EntityId=1611661330,200,49,,,,,,False,1611661321,158.0,392,2023-09-15,1042300131,1628277-1628881-1630462-1631009-204323,False,DAL,1629479-1629481-1630149-203824-203827,,,,,,1611661330,3,Allisha Gray,1628277,28,03:01,1628277,Allisha Gray,1629479,Teaira McCowan,0,,0,,False,1,,18.3,0.4214,161.0,LongMidRange,2,181.0,OffFTMiss,ATL,02:41,https://videos.nba.com/wnba/pbp/media/2023/09/15/1042300131/392/a250814a-dcdc-3601-ec8c-1a7459cd03eb_960x540.mp4,1,183,True,shots,4Q/OT | margin -3..3 | 300..120,team
wnba,wnba_shot_pace,shot_pace,shots,get-shots,2023,Playoffs,team,"{'EntityType': 'Team', 'StartType': 'All', 'Blocked': False, 'Season': '2023', 'SeasonType': 'Playoffs', 'EntityId': '1611661330'}",shot_pace,1611661330,4Q/OT | margin -3..3 | 300..120,get-shots__shots__entity_type-Team__start_type-All__blocked-False__season-2023__season_type-Playoffs__entity_id-1611661330__8cc39d1d,get-shots,https://api.pbpstats.com/get-shots/wnba?EntityType=Team&StartType=All&Blocked=False&Season=2023&SeasonType=Playoffs&EntityId=1611661330,200,50,,,,,,False,1611661321,243.0,375,2023-09-15,1042300131,1628277-1628881-1630462-1631009-204323,False,DAL,1629479-1629481-1630149-203824-203827,,,,,,1611661330,3,Rhyne Howard,1631009,24,04:33,0,,0,,0,,0,,False,-2,,21.9,0.22,246.0,LongMidRange,2,273.0,OffTimeout,ATL,04:06,https://videos.nba.com/wnba/pbp/media/2023/09/15/1042300131/375/71e98e69-7a49-87d4-5963-d0ef61acec89_960x540.mp4,123,181,True,shots,4Q/OT | margin -3..3 | 300..120,team
wnba,wnba_shot_pace,shot_pace,shots,get-shots,2023,Playoffs,team,"{'EntityType': 'Team', 'StartType': 'All', 'Blocked': False, 'Season': '2023', 'SeasonType': 'Playoffs', 'EntityId': '1611661330'}",shot_pace,1611661330,4Q/OT | margin -3..3 | 300..120,get-shots__shots__entity_type-Team__start_type-All__blocked-False__season-2023__season_type-Playoffs__entity_id-1611661330__8cc39d1d,get-shots,https://api.pbpstats.com/get-shots/wnba?EntityType=Team&StartType=All&Blocked=False&Season=2023&SeasonType=Playoffs&EntityId=1611661330,200,51,,,,,,False,1611661321,279.0,367,2023-09-15,1042300131,1628277-1628881-1631009-202658-204323,False,DAL,1629479-1629481-1630149-203824-203827,,,,,,1611661330,3,Cheyenne Parker,204323,22,05:04,0,,1629479,Teaira McCowan,0,,0,,False,0,,24.3,0.351,282.0,Arc3,3,304.0,OffAtRimMake,ATL,04:42,https://videos.nba.com/wnba/pbp/media/2023/09/15/1042300131/367/15de81e0-c376-de29-c856-accda057c399_960x540.mp4,-24,242,True,shots,4Q/OT | margin -3..3 | 300..120,team
wnba,wnba_shot_pace,shot_pace,shots,get-shots,2023,Playoffs,team,"{'EntityType': 'Team', 'StartType': 'All', 'Blocked': False, 'Season': '2023', 'SeasonType': 'Playoffs', 'EntityId': '1611661330'}",shot_pace,1611661330,4Q/OT | margin -3..3 | 300..120,get-shots__shots__entity_type-Team__start_type-All__blocked-False__season-2023__season_type-Playoffs__entity_id-1611661330__8cc39d1d,get-shots,https://api.pbpstats.com/get-shots/wnba?EntityType=Team&StartType=All&Blocked=False&Season=2023&SeasonType=Playoffs&EntityId=1611661330,200,52,,,,,,False,1611661321,414.0,342,2023-09-15,1042300131,1628277-1628881-1631009-202658-204323,False,DAL,1629479-1629481-1630101-1630149-203827,,,,,,1611661330,3,Rhyne Howard,1631009,14,07:26,0,,0,,0,,0,,False,1,,17.9,0.3629,430.0,LongMidRange,2,446.0,OffDeadball,ATL,07:10,https://videos.nba.com/wnba/pbp/media/2023/09/15/1042300131/342/03a402ac-e23a-036e-cbf3-3d6f7159d545_960x540.mp4,139,113,True,shots,4Q/OT | margin -3..3 | 300..120,team
wnba,wnba_shot_pace,shot_pace,shots,get-shots,2023,Playoffs,team,"{'EntityType': 'Team', 'StartType': 'All', 'Blocked': False, 'Season': '2023', 'SeasonType': 'Playoffs', 'EntityId': '1611661330'}",shot_pace,1611661330,4Q/OT | margin -3..3 | 300..120,get-shots__shots__entity_type-Team__start_type-All__blocked-False__season-2023__season_type-Playoffs__entity_id-1611661330__8cc39d1d,get-shots,https://api.pbpstats.com/get-shots/wnba?EntityType=Team&StartType=All&Blocked=False&Season=2023&SeasonType=Playoffs&EntityId=1611661330,200,53,,,,,,False,1611661321,449.0,337,2023-09-15,1042300131,1628277-1628881-1631009-202658-204323,False,DAL,1629479-1629481-1630101-1630149-203827,,,,,,1611661330,3,Allisha Gray,1628277,12,07:48,0,,0,,0,,0,,False,1,,24.1,0.3954,453.0,Arc3,3,468.0,OffFTMake,ATL,07:33,https://videos.nba.com/wnba/pbp/media/2023/09/15/1042300131/337/fc3d12f3-1084-b518-c3ce-f01d5ae2126c_960x540.mp4,-198,137,True,shots,4Q/OT | margin -3..3 | 300..120,team
wnba,wnba_shot_pace,shot_pace,shots,get-shots,2023,Playoffs,team,"{'EntityType': 'Team', 'StartType': 'All', 'Blocked': False, 'Season': '2023', 'SeasonType': 'Playoffs', 'EntityId': '1611661330'}",shot_pace,1611661330,4Q/OT | margin -3..3 | 300..120,get-shots__shots__entity_type-Team__start_type-All__blocked-False__season-2023__season_type-Playoffs__entity_id-1611661330__8cc39d1d,get-shots,https://api.pbpstats.com/get-shots/wnba?EntityType=Team&StartType=All&Blocked=False&Season=2023&SeasonType=Playoffs&EntityId=1611661330,200,54,,,,,,False,1611661321,538.0,306,2023-09-15,1042300131,1628277-1628881-1631009-202658-204323,False,DAL,1629479-1629481-1630149-203824-203827,,,,,,1611661330,3,Allisha Gray,1628277,4,09:13,0,,1630149,Satou Sabally,0,,0,,False,0,,13.4,0.4123,540.0,ShortMidRange,2,553.0,OffAtRimMake,ATL,09:00,https://videos.nba.com/wnba/pbp/media/2023/09/15/1042300131/306/f99dacdf-1c70-e245-d7ae-e73a78ea719f_960x540.mp4,-45,126,True,shots,4Q/OT | margin -3..3 | 300..120,team
wnba,wnba_shot_pace,shot_pace,shots,get-shots,2023,Playoffs,team,"{'EntityType': 'Team', 'StartType': 'All', 'Blocked': False, 'Season': '2023', 'SeasonType': 'Playoffs', 'EntityId': '1611661330'}",shot_pace,1611661330,4Q/OT | margin -3..3 | 300..120,get-shots__shots__entity_type-Team__start_type-All__blocked-False__season-2023__season_type-Playoffs__entity_id-1611661330__8cc39d1d,get-shots,https://api.pbpstats.com/get-shots/wnba?EntityType=Team&StartType=All&Blocked=False&Season=2023&SeasonType=Playoffs&EntityId=1611661330,200,55,,,,,,False,1611661321,566.0,301,2023-09-15,1042300131,1628277-1628881-1631009-202658-204323,False,DAL,1629479-1629481-1630149-203824-203827,,,,,,1611661330,3,Cheyenne Parker,204323,2,09:45,204323,Cheyenne Parker,1629481,Arike Ogunbowale,0,,0,,False,0,,15.3,0.4311,571.0,LongMidRange,2,585.0,OffCorner3Miss,ATL,09:31,https://videos.nba.com/wnba/pbp/media/2023/09/15/1042300131/301/aa58cb7c-a0d8-62cd-0b42-ebe79efc9b92_960x540.mp4,1,153,True,shots,4Q/OT | margin -3..3 | 300..120,team
wnba,wnba_shot_pace,shot_pace,shots,get-shots,2023,Playoffs,team,"{'EntityType': 'Team', 'StartType': 'All', 'Blocked': False, 'Season': '2023', 'SeasonType': 'Playoffs', 'EntityId': '1611661330'}",shot_pace,1611661330,4Q/OT | margin -3..3 | 300..120,get-shots__shots__entity_type-Team__start_type-All__blocked-False__season-2023__season_type-Playoffs__entity_id-1611661330__8cc39d1d,get-shots,https://api.pbpstats.com/get-shots/wnba?EntityType=Team&StartType=All&Blocked=False&Season=2023&SeasonType=Playoffs&EntityId=1611661330,200,56,,,,,,False,1611661321,27.0,279,2023-09-15,1042300131,1628277-1630462-1631009-1631044-204323,False,DAL,1629479-1629481-1630149-203824-203827,,,,,,1611661330,2,Cheyenne Parker,204323,42,00:43,0,,1629481,Arike Ogunbowale,0,,0,,False,0,,12.5,0.4134,29.0,ShortMidRange,2,43.0,OffAtRimMake,ATL,00:29,https://videos.nba.com/wnba/pbp/media/2023/09/15/1042300131/279/b3695ab8-d02b-4604-09ce-b12ff2cf1018_960x540.mp4,27,122,True,shots,4Q/OT | margin -3..3 | 300..120,team
wnba,wnba_shot_pace,shot_pace,shots,get-shots,2023,Playoffs,team,"{'EntityType': 'Team', 'StartType': 'All', 'Blocked': False, 'Season': '2023', 'SeasonType': 'Playoffs', 'EntityId': '1611661330'}",shot_pace,1611661330,4Q/OT | margin -3..3 | 300..120,get-shots__shots__entity_type-Team__start_type-All__blocked-False__season-2023__season_type-Playoffs__entity_id-1611661330__8cc39d1d,get-shots,https://api.pbpstats.com/get-shots/wnba?EntityType=Team&StartType=All&Blocked=False&Season=2023&SeasonType=Playoffs&EntityId=1611661330,200,57,,,,,,False,1611661321,49.0,272,2023-09-15,1042300131,1628277-1630462-1631009-1631044-204323,False,DAL,1629479-1629481-1630149-203824-203827,,,,,,1611661330,2,Cheyenne Parker,204323,40,00:59,1630462,Aari McDonald,1629481,Arike Ogunbowale,0,,0,,False,2,,3.1,0.5966,53.0,AtRim,2,59.0,OffArc3Block,ATL,00:53,https://videos.nba.com/wnba/pbp/media/2023/09/15/1042300131/272/c787700f-edc8-8bea-ef5c-1a54a0683711_960x540.mp4,-22,22,True,shots,4Q/OT | margin -3..3 | 300..120,team
wnba,wnba_shot_pace,shot_pace,shots,get-shots,2023,Playoffs,team,"{'EntityType': 'Team', 'StartType': 'All', 'Blocked': False, 'Season': '2023', 'SeasonType': 'Playoffs', 'EntityId': '1611661330'}",shot_pace,1611661330,4Q/OT | margin -3..3 | 300..120,get-shots__shots__entity_type-Team__start_type-All__blocked-False__season-2023__season_type-Playoffs__entity_id-1611661330__8cc39d1d,get-shots,https://api.pbpstats.com/get-shots/wnba?EntityType=Team&StartType=All&Blocked=False&Season=2023&SeasonType=Playoffs&EntityId=1611661330,200,58,,,,,,False,1611661321,80.0,264,2023-09-15,1042300131,1628277-1630462-1631009-1631044-204323,False,DAL,1629479-1629481-1630149-203824-203827,,,,,,1611661330,2,Cheyenne Parker,204323,38,01:40,0,,1630149,Satou Sabally,0,,0,,False,2,,15.5,0.3831,81.0,LongMidRange,2,100.0,OffAtRimMake,ATL,01:21,https://videos.nba.com/wnba/pbp/media/2023/09/15/1042300131/264/323ec9cb-203d-249e-ed5b-64b760a87d7e_960x540.mp4,-1,155,True,shots,4Q/OT | margin -3..3 | 300..120,team
wnba,wnba_shot_pace,shot_pace,shots,get-shots,2023,Playoffs,team,"{'EntityType': 'Team', 'StartType': 'All', 'Blocked': False, 'Season': '2023', 'SeasonType': 'Playoffs', 'EntityId': '1611661330'}",shot_pace,1611661330,4Q/OT | margin -3..3 | 300..120,get-shots__shots__entity_type-Team__start_type-All__blocked-False__season-2023__season_type-Playoffs__entity_id-1611661330__8cc39d1d,get-shots,https://api.pbpstats.com/get-shots/wnba?EntityType=Team&StartType=All&Blocked=False&Season=2023&SeasonType=Playoffs&EntityId=1611661330,200,59,,,,,,False,1611661321,102.0,256,2023-09-15,1042300131,1628277-1631009-1631044-202658-204323,False,DAL,1629479-1629481-1630149-203824-203827,,,,,,1611661330,2,Danielle Robinson,202658,36,02:02,0,,1630149,Satou Sabally,0,,0,,False,4,,3.7,0.4985,103.0,AtRim,2,122.0,OffArc3Make,ATL,01:43,https://videos.nba.com/wnba/pbp/media/2023/09/15/1042300131/256/a58d1644-6ee3-65e7-c6d3-52585840311e_960x540.mp4,-33,16,True,shots,4Q/OT | margin -3..3 | 300..120,team
wnba,wnba_shot_pace,shot_pace,shots,get-shots,2023,Playoffs,team,"{'EntityType': 'Team', 'StartType': 'All', 'Blocked': False, 'Season': '2023', 'SeasonType': 'Playoffs', 'EntityId': '1611661330'}",shot_pace,1611661330,4Q/OT | margin -3..3 | 300..120,get-shots__shots__entity_type-Team__start_type-All__blocked-False__season-2023__season_type-Playoffs__entity_id-1611661330__8cc39d1d,get-shots,https://api.pbpstats.com/get-shots/wnba?EntityType=Team&StartType=All&Blocked=False&Season=2023&SeasonType=Playoffs&EntityId=1611661330,200,60,,,,,,False,1611661321,129.0,252,2023-09-15,1042300131,1628277-1631009-1631044-202658-204323,False,DAL,1629479-1629481-1630149-203824-203827,,,,,,1611661330,2,Cheyenne Parker,204323,34,02:33,0,,0,,204323,Cheyenne Parker,1630149,Satou Sabally,False,7,,23.8,0.3458,135.0,Arc3,3,153.0,OffLiveBallTurnover,ATL,02:15,https://videos.nba.com/wnba/pbp/media/2023/09/15/1042300131/252/4b517e88-e19f-2aaa-7e51-2d7334630d18_960x540.mp4,-127,201,True,shots,4Q/OT | margin -3..3 | 300..120,team
wnba,wnba_shot_pace,shot_pace,shots,get-shots,2023,Playoffs,team,"{'EntityType': 'Team', 'StartType': 'All', 'Blocked': False, 'Season': '2023', 'SeasonType': 'Playoffs', 'EntityId': '1611661330'}",shot_pace,1611661330,4Q/OT | margin -3..3 | 300..120,get-shots__shots__entity_type-Team__start_type-All__blocked-False__season-2023__season_type-Playoffs__entity_id-1611661330__8cc39d1d,get-shots,https://api.pbpstats.com/get-shots/wnba?EntityType=Team&StartType=All&Blocked=False&Season=2023&SeasonType=Playoffs&EntityId=1611661330,200,61,,,,,,False,1611661321,224.0,236,2023-09-15,1042300131,1628277-1631009-1631044-202658-204323,False,DAL,1629479-1629481-1630149-203824-203827,,,,,,1611661330,2,Rhyne Howard,1631009,28,03:51,204323,Cheyenne Parker,203827,Natasha Howard,0,,0,,False,8,,18.1,0.4147,226.0,LongMidRange,2,231.0,OffLongMidRangeMiss,ATL,03:46,https://videos.nba.com/wnba/pbp/media/2023/09/15/1042300131/236/b8a70c02-11d4-3955-e2b3-e316e03dd049_960x540.mp4,-175,47,True,shots,4Q/OT | margin -3..3 | 300..120,team
wnba,wnba_shot_pace,shot_pace,shots,get-shots,2023,Playoffs,team,"{'EntityType': 'Team', 'StartType': 'All', 'Blocked': False, 'Season': '2023', 'SeasonType': 'Playoffs', 'EntityId': '1611661330'}",shot_pace,1611661330,4Q/OT | margin -3..3 | 300..120,get-shots__shots__entity_type-Team__start_type-All__blocked-False__season-2023__season_type-Playoffs__entity_id-1611661330__8cc39d1d,get-shots,https://api.pbpstats.com/get-shots/wnba?EntityType=Team&StartType=All&Blocked=False&Season=2023&SeasonType=Playoffs&EntityId=1611661330,200,62,,,,,,False,1611661321,315.0,214,2023-09-15,1042300131,1628277-1631009-1631044-202658-204323,False,DAL,1629479-1629481-1641652-203824-203827,,,,,,1611661330,2,Cheyenne Parker,204323,20,05:30,0,,1629481,Arike Ogunbowale,0,,0,,False,12,,6.1,0.399,316.0,ShortMidRange,2,330.0,OffArc3Make,ATL,05:16,https://videos.nba.com/wnba/pbp/media/2023/09/15/1042300131/214/2617b823-6d30-4842-e4ff-872b3bd6bd0d_960x540.mp4,-56,23,True,shots,4Q/OT | margin -3..3 | 300..120,team
wnba,wnba_shot_pace,shot_pace,shots,get-shots,2023,Playoffs,team,"{'EntityType': 'Team', 'StartType': 'All', 'Blocked': False, 'Season': '2023', 'SeasonType': 'Playoffs', 'EntityId': '1611661330'}",shot_pace,1611661330,4Q/OT | margin -3..3 | 300..120,get-shots__shots__entity_type-Team__start_type-All__blocked-False__season-2023__season_type-Playoffs__entity_id-1611661330__8cc39d1d,get-shots,https://api.pbpstats.com/get-shots/wnba?EntityType=Team&StartType=All&Blocked=False&Season=2023&SeasonType=Playoffs&EntityId=1611661330,200,63,,,,,,False,1611661321,354.0,201,2023-09-15,1042300131,1628277-1631009-1631044-202658-204323,False,DAL,1629479-1629481-1630149-203824-203827,,,,,,1611661330,2,Danielle Robinson,202658,16,06:13,1631009,Rhyne Howard,1630149,Satou Sabally,0,,0,,False,13,,7.9,0.3514,357.0,ShortMidRange,2,373.0,OffArc3Miss,ATL,05:57,https://videos.nba.com/wnba/pbp/media/2023/09/15/1042300131/201/ee50e9e4-a4e4-570d-0f8d-91edee27af98_960x540.mp4,57,55,True,shots,4Q/OT | margin -3..3 | 300..120,team
wnba,wnba_shot_pace,shot_pace,shots,get-shots,2023,Playoffs,team,"{'EntityType': 'Team', 'StartType': 'All', 'Blocked': False, 'Season': '2023', 'SeasonType': 'Playoffs', 'EntityId': '1611661330'}",shot_pace,1611661330,4Q/OT | margin -3..3 | 300..120,get-shots__shots__entity_type-Team__start_type-All__blocked-False__season-2023__season_type-Playoffs__entity_id-1611661330__8cc39d1d,get-shots,https://api.pbpstats.com/get-shots/wnba?EntityType=Team&StartType=All&Blocked=False&Season=2023&SeasonType=Playoffs&EntityId=1611661330,200,64,,,,,,False,1611661321,388.0,196,2023-09-15,1042300131,1628277-1631009-1631044-202658-204323,False,DAL,1629479-1629481-1630149-203824-203827,,,,,,1611661330,2,Rhyne Howard,1631009,14,06:49,0,,0,,0,,0,,False,13,,18.3,0.3775,390.0,LongMidRange,2,409.0,OffFTMake,ATL,06:30,https://videos.nba.com/wnba/pbp/media/2023/09/15/1042300131/196/d440089f-c910-44db-2e55-6228b1222671_960x540.mp4,161,88,True,shots,4Q/OT | margin -3..3 | 300..120,team
wnba,wnba_shot_pace,shot_pace,shots,get-shots,2023,Playoffs,team,"{'EntityType': 'Team', 'StartType': 'All', 'Blocked': False, 'Season': '2023', 'SeasonType': 'Playoffs', 'EntityId': '1611661330'}",shot_pace,1611661330,4Q/OT | margin -3..3 | 300..120,get-shots__shots__entity_type-Team__start_type-All__blocked-False__season-2023__season_type-Playoffs__entity_id-1611661330__8cc39d1d,get-shots,https://api.pbpstats.com/get-shots/wnba?EntityType=Team&StartType=All&Blocked=False&Season=2023&SeasonType=Playoffs&EntityId=1611661330,200,65,,,,,,False,1611661321,456.0,177,2023-09-15,1042300131,1628277-1628881-1629476-202658-204323,False,DAL,1629479-1629481-1630149-203824-203827,,,,,,1611661330,2,Allisha Gray,1628277,10,07:45,204323,Cheyenne Parker,1629481,Arike Ogunbowale,0,,0,,False,18,,13.6,0.4312,459.0,ShortMidRange,2,465.0,OffShortMidRangeMiss,ATL,07:39,https://videos.nba.com/wnba/pbp/media/2023/09/15/1042300131/177/f7a88752-b5e5-0caf-f811-7cf084131260_960x540.mp4,-28,133,True,shots,4Q/OT | margin -3..3 | 300..120,team
wnba,wnba_shot_pace,shot_pace,shots,get-shots,2023,Playoffs,team,"{'EntityType': 'Team', 'StartType': 'All', 'Blocked': False, 'Season': '2023', 'SeasonType': 'Playoffs', 'EntityId': '1611661330'}",shot_pace,1611661330,4Q/OT | margin -3..3 | 300..120,get-shots__shots__entity_type-Team__start_type-All__blocked-False__season-2023__season_type-Playoffs__entity_id-1611661330__8cc39d1d,get-shots,https://api.pbpstats.com/get-shots/wnba?EntityType=Team&StartType=All&Blocked=False&Season=2023&SeasonType=Playoffs&EntityId=1611661330,200,66,,,,,,False,1611661321,477.0,167,2023-09-15,1042300131,1628277-1628881-1629476-1630462-1631044,False,DAL,1629479-1629481-1630149-203824-203827,,,,,,1611661330,2,Asia (AD) Durr,1629476,8,08:14,0,,1629481,Arike Ogunbowale,0,,0,,False,18,,9.3,0.3881,480.0,ShortMidRange,2,494.0,OffShortMidRangeMake,ATL,08:00,https://videos.nba.com/wnba/pbp/media/2023/09/15/1042300131/167/f978598a-6092-e6ba-b7f5-53f4d021deba_960x540.mp4,67,64,True,shots,4Q/OT | margin -3..3 | 300..120,team
wnba,wnba_shot_pace,shot_pace,shots,get-shots,2023,Playoffs,team,"{'EntityType': 'Team', 'StartType': 'All', 'Blocked': False, 'Season': '2023', 'SeasonType': 'Playoffs', 'EntityId': '1611661330'}",shot_pace,1611661330,4Q/OT | margin -3..3 | 300..120,get-shots__shots__entity_type-Team__start_type-All__blocked-False__season-2023__season_type-Playoffs__entity_id-1611661330__8cc39d1d,get-shots,https://api.pbpstats.com/get-shots/wnba?EntityType=Team&StartType=All&Blocked=False&Season=2023&SeasonType=Playoffs&EntityId=1611661330,200,67,,,,,,False,1611661321,501.0,164,2023-09-15,1042300131,1628277-1628881-1629476-1630462-1631044,False,DAL,1629479-1629481-1630149-203824-203827,,,,,,1611661330,2,Monique Billings,1628881,6,08:32,1631044,Naz Hillmon,203824,Odyssey Sims,0,,0,,False,20,,3.5,0.5564,503.0,AtRim,2,512.0,OffShortMidRangeMiss,ATL,08:23,https://videos.nba.com/wnba/pbp/media/2023/09/15/1042300131/164/ee2c1246-e480-f8c7-9368-cf849b1d84d7_960x540.mp4,12,33,True,shots,4Q/OT | margin -3..3 | 300..120,team
wnba,wnba_shot_pace,shot_pace,shots,get-shots,2023,Playoffs,team,"{'EntityType': 'Team', 'StartType': 'All', 'Blocked': False, 'Season': '2023', 'SeasonType': 'Playoffs', 'EntityId': '1611661330'}",shot_pace,1611661330,4Q/OT | margin -3..3 | 300..120,get-shots__shots__entity_type-Team__start_type-All__blocked-False__season-2023__season_type-Playoffs__entity_id-1611661330__8cc39d1d,get-shots,https://api.pbpstats.com/get-shots/wnba?EntityType=Team&StartType=All&Blocked=False&Season=2023&SeasonType=Playoffs&EntityId=1611661330,200,68,,,,,,False,1611661321,556.0,146,2023-09-15,1042300131,1628881-1629476-1630462-1631009-1631044,False,DAL,1629480-1629481-1630149-1630386-203824,,,,,,1611661330,2,Rhyne Howard,1631009,2,09:47,0,,0,,0,,0,,False,15,,24.0,0.2749,562.0,Arc3,3,587.0,OffDeadball,ATL,09:22,https://videos.nba.com/wnba/pbp/media/2023/09/15/1042300131/146/68d4c7e2-ea3a-f5b6-ff9c-743b289ac44d_960x540.mp4,-151,187,True,shots,4Q/OT | margin -3..3 | 300..120,team
wnba,wnba_shot_pace,shot_pace,shots,get-shots,2023,Playoffs,team,"{'EntityType': 'Team', 'StartType': 'All', 'Blocked': False, 'Season': '2023', 'SeasonType': 'Playoffs', 'EntityId': '1611661330'}",shot_pace,1611661330,4Q/OT | margin -3..3 | 300..120,get-shots__shots__entity_type-Team__start_type-All__blocked-False__season-2023__season_type-Playoffs__entity_id-1611661330__8cc39d1d,get-shots,https://api.pbpstats.com/get-shots/wnba?EntityType=Team&StartType=All&Blocked=False&Season=2023&SeasonType=Playoffs&EntityId=1611661330,200,69,,,,,,False,1611661321,126.0,105,2023-09-15,1042300131,1628277-1630462-1631009-1631044-204323,False,DAL,1629479-1629481-1630149-1631007-203827,,,,,,1611661330,1,Rhyne Howard,1631009,39,02:20,0,,1629481,Arike Ogunbowale,0,,0,,False,6,,5.9,0.3915,129.0,ShortMidRange,2,140.0,OffShortMidRangeMake,ATL,02:09,https://videos.nba.com/wnba/pbp/media/2023/09/15/1042300131/105/b9f0c054-913a-e42e-3c9b-cebaba17b851_960x540.mp4,27,52,True,shots,4Q/OT | margin -3..3 | 300..120,team
wnba,wnba_shot_pace,shot_pace,shots,get-shots,2023,Playoffs,team,"{'EntityType': 'Team', 'StartType': 'All', 'Blocked': False, 'Season': '2023', 'SeasonType': 'Playoffs', 'EntityId': '1611661330'}",shot_pace,1611661330,4Q/OT | margin -3..3 | 300..120,get-shots__shots__entity_type-Team__start_type-All__blocked-False__season-2023__season_type-Playoffs__entity_id-1611661330__8cc39d1d,get-shots,https://api.pbpstats.com/get-shots/wnba?EntityType=Team&StartType=All&Blocked=False&Season=2023&SeasonType=Playoffs&EntityId=1611661330,200,70,,,,,,False,1611661321,167.0,97,2023-09-15,1042300131,1628277-1630462-1631009-1631044-204323,False,DAL,1629479-1629481-1630149-1631007-203827,,,,,,1611661330,1,Aari McDonald,1630462,35,02:56,0,,0,,1631044,Naz Hillmon,1631007,Veronica Burton,False,7,,15.7,0.4417,172.0,LongMidRange,2,176.0,OffLiveBallTurnover,ATL,02:52,https://videos.nba.com/wnba/pbp/media/2023/09/15/1042300131/97/bb0b653d-98f4-c8de-b26f-2876edcfea09_960x540.mp4,115,107,True,shots,4Q/OT | margin -3..3 | 300..120,team
wnba,wnba_shot_pace,shot_pace,shots,get-shots,2023,Playoffs,team,"{'EntityType': 'Team', 'StartType': 'All', 'Blocked': False, 'Season': '2023', 'SeasonType': 'Playoffs', 'EntityId': '1611661330'}",shot_pace,1611661330,4Q/OT | margin -3..3 | 300..120,get-shots__shots__entity_type-Team__start_type-All__blocked-False__season-2023__season_type-Playoffs__entity_id-1611661330__8cc39d1d,get-shots,https://api.pbpstats.com/get-shots/wnba?EntityType=Team&StartType=All&Blocked=False&Season=2023&SeasonType=Playoffs&EntityId=1611661330,200,71,,,,,,False,1611661321,285.0,66,2023-09-15,1042300131,1628277-1628881-1631009-202658-204323,False,DAL,1629479-1629481-1630101-1630149-203827,,,,,,1611661330,1,Allisha Gray,1628277,25,05:02,0,,1629481,Arike Ogunbowale,0,,0,,False,5,,25.0,0.3649,288.0,Arc3,3,302.0,OffLongMidRangeMake,ATL,04:48,https://videos.nba.com/wnba/pbp/media/2023/09/15/1042300131/66/997bd47d-329c-fd71-5c95-63b8aa659afd_960x540.mp4,191,162,True,shots,4Q/OT | margin -3..3 | 300..120,team
wnba,wnba_shot_pace,shot_pace,shots,get-shots,2023,Playoffs,team,"{'EntityType': 'Team', 'StartType': 'All', 'Blocked': False, 'Season': '2023', 'SeasonType': 'Playoffs', 'EntityId': '1611661330'}",shot_pace,1611661330,4Q/OT | margin -3..3 | 300..120,get-shots__shots__entity_type-Team__start_type-All__blocked-False__season-2023__season_type-Playoffs__entity_id-1611661330__8cc39d1d,get-shots,https://api.pbpstats.com/get-shots/wnba?EntityType=Team&StartType=All&Blocked=False&Season=2023&SeasonType=Playoffs&EntityId=1611661330,200,72,,,,,,False,1611661321,318.0,62,2023-09-15,1042300131,1628277-1628881-1631009-202658-204323,False,DAL,1629479-1629481-1630101-1630149-203827,,,,,,1611661330,1,Danielle Robinson,202658,23,05:25,204323,Cheyenne Parker,203827,Natasha Howard,0,,0,,False,7,,6.4,0.4275,320.0,ShortMidRange,2,325.0,OffShortMidRangeMiss,ATL,05:20,https://videos.nba.com/wnba/pbp/media/2023/09/15/1042300131/62/60dc9465-620b-afc8-685f-3d54199a3b91_960x540.mp4,-1,64,True,shots,4Q/OT | margin -3..3 | 300..120,team
wnba,wnba_shot_pace,shot_pace,shots,get-shots,2023,Playoffs,team,"{'EntityType': 'Team', 'StartType': 'All', 'Blocked': False, 'Season': '2023', 'SeasonType': 'Playoffs', 'EntityId': '1611661330'}",shot_pace,1611661330,4Q/OT | margin -3..3 | 300..120,get-shots__shots__entity_type-Team__start_type-All__blocked-False__season-2023__season_type-Playoffs__entity_id-1611661330__8cc39d1d,get-shots,https://api.pbpstats.com/get-shots/wnba?EntityType=Team&StartType=All&Blocked=False&Season=2023&SeasonType=Playoffs&EntityId=1611661330,200,73,,,,,,False,1611661321,373.0,48,2023-09-15,1042300131,1628277-1628881-1631009-202658-204323,False,DAL,1629479-1629481-1630101-1630149-203827,,,,,,1611661330,1,Cheyenne Parker,204323,17,06:30,0,,0,,0,,0,,False,7,,17.0,0.4104,377.0,LongMidRange,2,390.0,OffDeadball,ATL,06:17,https://videos.nba.com/wnba/pbp/media/2023/09/15/1042300131/48/24d6656a-64ff-b0f6-a544-8e0a12cd6575_960x540.mp4,-150,79,True,shots,4Q/OT | margin -3..3 | 300..120,team
wnba,wnba_shot_pace,shot_pace,shots,get-shots,2023,Playoffs,team,"{'EntityType': 'Team', 'StartType': 'All', 'Blocked': False, 'Season': '2023', 'SeasonType': 'Playoffs', 'EntityId': '1611661330'}",shot_pace,1611661330,4Q/OT | margin -3..3 | 300..120,get-shots__shots__entity_type-Team__start_type-All__blocked-False__season-2023__season_type-Playoffs__entity_id-1611661330__8cc39d1d,get-shots,https://api.pbpstats.com/get-shots/wnba?EntityType=Team&StartType=All&Blocked=False&Season=2023&SeasonType=Playoffs&EntityId=1611661330,200,74,,,,,,False,1611661321,421.0,34,2023-09-15,1042300131,1628277-1628881-1631009-202658-204323,False,DAL,1629479-1629481-1630101-1630149-203827,,,,,,1611661330,1,Monique Billings,1628881,13,07:07,202658,Danielle Robinson,1629479,Teaira McCowan,0,,0,,False,7,,3.4,0.4719,421.0,AtRim,2,427.0,OffAtRimBlock,ATL,07:01,https://videos.nba.com/wnba/pbp/media/2023/09/15/1042300131/34/706e99a7-b3af-e039-89a2-6c2e7c3835df_960x540.mp4,22,26,True,shots,4Q/OT | margin -3..3 | 300..120,team
wnba,wnba_shot_pace,shot_pace,shots,get-shots,2023,Playoffs,team,"{'EntityType': 'Team', 'StartType': 'All', 'Blocked': False, 'Season': '2023', 'SeasonType': 'Playoffs', 'EntityId': '1611661330'}",shot_pace,1611661330,4Q/OT | margin -3..3 | 300..120,get-shots__shots__entity_type-Team__start_type-All__blocked-False__season-2023__season_type-Playoffs__entity_id-1611661330__8cc39d1d,get-shots,https://api.pbpstats.com/get-shots/wnba?EntityType=Team&StartType=All&Blocked=False&Season=2023&SeasonType=Playoffs&EntityId=1611661330,200,75,,,,,,False,1611661321,549.0,11,2023-09-15,1042300131,1628277-1628881-1631009-202658-204323,False,DAL,1629479-1629481-1630101-1630149-203827,,,,,,1611661330,1,Rhyne Howard,1631009,3,09:22,1628277,Allisha Gray,203827,Natasha Howard,0,,0,,False,3,,18.3,0.3839,552.0,LongMidRange,2,562.0,OffArc3Miss,ATL,09:12,https://videos.nba.com/wnba/pbp/media/2023/09/15/1042300131/11/3bf43139-e65f-ab46-5a0e-439178a77f37_960x540.mp4,135,124,True,shots,4Q/OT | margin -3..3 | 300..120,team
