league,job_id,job_family,variant,endpoint,season,season_type,scope,request_params,source,team_id,clutch_window,request_id,request_table,request_url,request_status,request_row_index,entity_id,name,short_name,seconds_played,plus_minus,off_poss,penalty_off_poss,second_chance_off_poss,total_poss,at_rim_fgm,at_rim_fga,second_chance_at_rim_fgm,second_chance_at_rim_fga,penalty_at_rim_fgm,penalty_at_rim_fga,short_mid_range_fgm,short_mid_range_fga,corner3_fgm,corner3_fga,second_chance_corner3_fga,penalty_corner3_fgm,penalty_corner3_fga,arc3_fgm,arc3_fga,second_chance_arc3_fgm,second_chance_arc3_fga,penalty_arc3_fgm,penalty_arc3_fga,fg2m,fg2a,fg3m,fg3a,ft_points,points,opponent_points,second_chance_fg2_m,second_chance_fg2_a,second_chance_fg3_m,second_chance_fg3_a,second_chance_ft_points,second_chance_points,penalty_fg2_m,penalty_fg2_a,penalty_fg3_m,penalty_fg3_a,penalty_ft_points,penalty_points,pts_assisted2s,pts_unassisted2s,pts_assisted3s,pts_unassisted3s,pts_putbacks,non_heave_arc3_fga,non_heave_arc3_fgm,fg2a_blocked,two_pt_assists,three_pt_assists,assists,arc3_assists,corner3_assists,short_mid_range_assists,long_mid_range_assists,assist_points,off_three_pt_rebounds,off_two_pt_rebounds,ft_off_rebounds,off_rebounds,rebounds,live_ball_turnovers,bad_pass_out_of_bounds_turnovers,bad_pass_turnovers,dead_ball_turnovers,lost_ball_out_of_bounds_turnovers,lost_ball_turnovers,step_out_of_bounds_turnovers,travels,turnovers,second_chance_turnovers,penalty_turnovers,fouls_drawn,fta,2pt and 1 free throw trips,two_pt_shooting_fouls_drawn,non_shooting_fouls_drawn,penalty_points_excluding_take_fouls,penalty_off_poss_excluding_take_fouls,non_shooting_penalty_non_take_fouls_drawn,assisted2s_pct,non_putbacks_assisted2s_pct,assisted3s_pct,fg3_pct,second_chance_fg3_pct,penalty_fg3_pct,non_heave_fg3_pct,fg2_pct,second_chance_fg2_pct,penalty_fg2_pct,efg_pct,second_chance_efg_pct,penalty_efg_pct,ts_pct,second_chance_ts_pct,penalty_ts_pct,fg3_a_pct,fg2_a_pct_blocked,at_rim_pct_blocked,short_mid_range_pct_blocked,usage,live_ball_turnover_pct,off_ft_rebound_pct,off_two_pt_rebound_pct,off_three_pt_rebound_pct,off_fg_rebound_pct,off_at_rim_rebound_pct,off_short_mid_range_rebound_pct,off_long_mid_range_rebound_pct,off_arc3_rebound_pct,off_corner3_rebound_pct,at_rim_frequency,at_rim_accuracy,unblocked_at_rim_accuracy,at_rim_pct_assisted,short_mid_range_frequency,short_mid_range_accuracy,unblocked_short_mid_range_accuracy,short_mid_range_pct_assisted,corner3_frequency,corner3_accuracy,unblocked_corner3_accuracy,corner3_pct_assisted,arc3_frequency,arc3_accuracy,unblocked_arc3_accuracy,arc3_pct_assisted,second_chance_at_rim_frequency,second_chance_at_rim_accuracy,second_chance_corner3_frequency,second_chance_arc3_frequency,second_chance_arc3_accuracy,second_chance_arc3_pct_assisted,penalty_at_rim_frequency,penalty_at_rim_accuracy,penalty_corner3_frequency,penalty_corner3_accuracy,penalty_arc3_frequency,penalty_arc3_accuracy,at_rim_fg3_a_frequency,non_heave_arc3_accuracy,shot_quality_avg,second_chance_shot_quality_avg,penalty_shot_quality_avg,shooting_fouls_drawn_pct,two_pt_shooting_fouls_drawn_pct,second_chance_points_pct,penalty_points_pct,avg2pt_shot_distance,avg3pt_shot_distance,penalty_off_poss_pct,is_playoffs,job_variant,window_label,request_scope,long_mid_range_fga,long_mid_range_frequency,long_mid_range_fgm,second_chance_corner3_fgm,fg3a_blocked,at_rim_assists,technical free throw trips,three_pt_shooting_fouls_drawn,fg3_a_pct_blocked,corner3_pct_blocked,arc3_pct_blocked,long_mid_range_accuracy,unblocked_long_mid_range_accuracy,long_mid_range_pct_assisted,second_chance_corner3_accuracy,second_chance_corner3_pct_assisted,three_pt_shooting_fouls_drawn_pct,self_o_reb,fouls,charge fouls,offensive fouls,loose ball fouls drawn,3_second_violations,long_mid_range_pct_blocked,self_o_reb_pct,second_chance_at_rim_pct_assisted,3pt and 1 free throw trips
wnba,wnba_shot_pace,shot_pace,possessions,get-possessions,2023,Playoffs,team,"{'OffDef': 'Offense', 'FilterComparison': 'Exactly', 'FilterEvent': 'OnFloor', 'FilterValue': 5, 'StartType': 'All', 'Season': '2023', 'SeasonType': 'Playoffs', 'TeamId': '1611661319'}",shot_pace,1611661319,4Q/OT | margin -3..3 | 300..120,get-possessions__possessions__off_def-Offense__filter_comparison-Exactly__filter_event-OnFloor__filter_value-5__start_type-All__season-2023__season_type-Playoffs__team_id-1611661319__08e06d49,get-possessions,https://api.pbpstats.com/get-possessions/wnba?OffDef=Offense&FilterComparison=Exactly&FilterEvent=OnFloor&FilterValue=5&StartType=All&Season=2023&SeasonType=Playoffs&TeamId=1611661319,200,0,202252,Alysha Clark,Alysha Clark,6626.0,440,424,103,50,424,10.0,14.0,1.0,1.0,3.0,3.0,10.0,15,3.0,10.0,1.0,1.0,4.0,4.0,12.0,1.0,2.0,1.0,2.0,20,29,7.0,22.0,13.0,74,1.0,3.0,4.0,1.0,3.0,1.0,10.0,8.0,11.0,2.0,6.0,7.0,29.0,32,8.0,18.0,3.0,2.0,12.0,4.0,4.0,6.0,6.0,12.0,4.0,2.0,5.0,1.0,30.0,6.0,5.0,1.0,12.0,12.0,4,2.0,2,5.0,1.0,2.0,1.0,1.0,9,1.0,1.0,10.0,14.0,2.0,6.0,2.0,29.0,102,2.0,0.8,0.8421052631578947,0.8571428571428571,0.3181818181818182,0.3333333333333333,0.3333333333333333,0.3181818181818182,0.6896551724137931,0.75,0.7272727272727273,0.5980392156862745,0.6428571428571429,0.6470588235294118,0.6491228070175439,0.7142857142857143,0.6904761904761905,0.43137254901960786,0.13793103448275862,0.14285714285714285,0.13333333333333333,13.807531380753137,0.4444444444444444,0.2,0.04201680672268908,0.07407407407407407,0.055,0.058823529411764705,0.01818181818181818,0.06666666666666667,0.0625,0.11764705882352941,0.27450980392156865,0.7142857142857143,0.8333333333333334,0.8,0.29411764705882354,0.6666666666666666,0.7692307692307693,0.8,0.19607843137254902,0.3,0.3,1.0,0.23529411764705882,0.3333333333333333,0.3333333333333333,0.75,0.14285714285714285,1.0,0.14285714285714285,0.2857142857142857,0.5,1.0,0.17647058823529413,1.0,0.23529411764705882,0.25,0.11764705882352941,0.5,0.7058823529411765,0.3333333333333333,0.5355382352941175,0.5470666666666667,0.5464264705882352,0.10909090909090909,0.18181818181818182,0.13513513513513514,0.3918918918918919,4.093103448275862,24.41818181818182,0.2429245283018868,True,possessions,4Q/OT | margin -3..3 | 300..120,team,,,,,,,,,,,,,,,,,,,,,,,,,,,
wnba,wnba_shot_pace,shot_pace,possessions,get-possessions,2023,Playoffs,team,"{'OffDef': 'Offense', 'FilterComparison': 'Exactly', 'FilterEvent': 'OnFloor', 'FilterValue': 5, 'StartType': 'All', 'Season': '2023', 'SeasonType': 'Playoffs', 'TeamId': '1611661319'}",shot_pace,1611661319,4Q/OT | margin -3..3 | 300..120,get-possessions__possessions__off_def-Offense__filter_comparison-Exactly__filter_event-OnFloor__filter_value-5__start_type-All__season-2023__season_type-Playoffs__team_id-1611661319__08e06d49,get-possessions,https://api.pbpstats.com/get-possessions/wnba?OffDef=Offense&FilterComparison=Exactly&FilterEvent=OnFloor&FilterValue=5&StartType=All&Season=2023&SeasonType=Playoffs&TeamId=1611661319,200,1,202641,Sydney Colson,Sydney Colson,1073.0,59,65,21,7,65,,,,,,,1.0,2,,,,,,,1.0,,,,,1,3,,1.0,,2,,,1.0,,,,,,2.0,,,,,2,,,,,1.0,,,2.0,,2.0,,,1.0,1.0,4.0,,1.0,,1.0,1.0,3,,2,,,1.0,,,3,,2.0,,,,,,,21,,1.0,1.0,,,,,,0.3333333333333333,,,0.25,,,0.25,,,0.25,,,,9.589041095890412,1.0,,0.06666666666666667,,0.034482758620689655,,,0.16666666666666666,,,,,,,0.5,0.5,0.5,1.0,,,,,0.25,,,,,,,,,,,,,,,,0.25,,0.3977375000000001,,0.39095,,,,,9.066666666666666,26.2,0.3230769230769231,True,possessions,4Q/OT | margin -3..3 | 300..120,team,1.0,0.25,,,,,,,,,,,,,,,,,,,,,,,,,
wnba,wnba_shot_pace,shot_pace,possessions,get-possessions,2023,Playoffs,team,"{'OffDef': 'Offense', 'FilterComparison': 'Exactly', 'FilterEvent': 'OnFloor', 'FilterValue': 5, 'StartType': 'All', 'Season': '2023', 'SeasonType': 'Playoffs', 'TeamId': '1611661319'}",shot_pace,1611661319,4Q/OT | margin -3..3 | 300..120,get-possessions__possessions__off_def-Offense__filter_comparison-Exactly__filter_event-OnFloor__filter_value-5__start_type-All__season-2023__season_type-Playoffs__team_id-1611661319__08e06d49,get-possessions,https://api.pbpstats.com/get-possessions/wnba?OffDef=Offense&FilterComparison=Exactly&FilterEvent=OnFloor&FilterValue=5&StartType=All&Season=2023&SeasonType=Playoffs&TeamId=1611661319,200,2,1628276,Kelsey Plum,Kelsey Plum,9947.0,737,658,107,71,658,12.0,23.0,,,3.0,5.0,15.0,37,7.0,14.0,2.0,,1.0,20.0,51.0,5.0,6.0,5.0,12.0,28,65,27.0,65.0,28.0,165,1.0,1.0,5.0,7.0,8.0,3.0,26.0,10.0,16.0,5.0,13.0,3.0,38.0,28,28.0,57.0,24.0,,51.0,20.0,12.0,26.0,8.0,34.0,4.0,4.0,9.0,4.0,76.0,2.0,2.0,,4.0,4.0,17,6.0,9,11.0,3.0,8.0,1.0,1.0,28,1.0,7.0,20.0,32.0,2.0,14.0,1.0,38.0,107,1.0,0.5,0.5,0.7037037037037037,0.4153846153846154,0.875,0.38461538461538464,0.4153846153846154,0.4307692307692308,0.2,0.625,0.5269230769230769,0.8846153846153846,0.603448275862069,0.5694444444444444,0.9285714285714286,0.6333333333333333,0.5,0.18461538461538463,0.17391304347826086,0.21621621621621623,23.306233062330623,0.6071428571428571,,0.010526315789473684,0.018018018018018018,0.013289036544850499,0.019230769230769232,,0.021739130434782608,0.011363636363636364,0.043478260869565216,0.17692307692307693,0.5217391304347826,0.631578947368421,0.3333333333333333,0.2846153846153846,0.40540540540540543,0.5172413793103449,0.6,0.1076923076923077,0.5,0.5384615384615384,1.0,0.3923076923076923,0.39215686274509803,0.4,0.6,,,0.15384615384615385,0.46153846153846156,0.8333333333333334,0.8,0.1724137931034483,0.6,0.034482758620689655,,0.41379310344827586,0.4166666666666667,0.676923076923077,0.39215686274509803,0.4996930769230768,0.45891111111111116,0.4763827586206897,0.1048951048951049,0.18181818181818182,0.15757575757575756,0.23030303030303031,6.43692307692308,25.081538461538457,0.16261398176291794,True,possessions,4Q/OT | margin -3..3 | 300..120,team,5.0,0.038461538461538464,1.0,2.0,2.0,13.0,1.0,1.0,0.03076923076923077,0.07142857142857142,0.0196078431372549,0.2,0.2,1.0,1.0,1.0,0.015151515151515152,,,,,,,,,,
wnba,wnba_shot_pace,shot_pace,possessions,get-possessions,2023,Playoffs,team,"{'OffDef': 'Offense', 'FilterComparison': 'Exactly', 'FilterEvent': 'OnFloor', 'FilterValue': 5, 'StartType': 'All', 'Season': '2023', 'SeasonType': 'Playoffs', 'TeamId': '1611661319'}",shot_pace,1611661319,4Q/OT | margin -3..3 | 300..120,get-possessions__possessions__off_def-Offense__filter_comparison-Exactly__filter_event-OnFloor__filter_value-5__start_type-All__season-2023__season_type-Playoffs__team_id-1611661319__08e06d49,get-possessions,https://api.pbpstats.com/get-possessions/wnba?OffDef=Offense&FilterComparison=Exactly&FilterEvent=OnFloor&FilterValue=5&StartType=All&Season=2023&SeasonType=Playoffs&TeamId=1611661319,200,3,1628932,A'ja Wilson,A'ja Wilson,8905.0,676,599,96,66,599,35.0,52.0,8.0,13.0,3.0,3.0,32.0,64,,,,,,1.0,2.0,,,,,81,146,1.0,2.0,49.0,214,1.0,18.0,29.0,,,11.0,47.0,9.0,14.0,,,6.0,24.0,98,64.0,3.0,,20.0,2.0,1.0,13.0,6.0,5.0,11.0,4.0,1.0,4.0,1.0,27.0,9.0,19.0,,28.0,28.0,8,2.0,4,11.0,2.0,4.0,,1.0,19,3.0,5.0,50.0,59.0,9.0,33.0,1.0,24.0,95,1.0,0.6049382716049383,0.6901408450704225,1.0,0.5,,,0.5,0.5547945205479452,0.6206896551724138,0.6428571428571429,0.5574324324324325,0.6206896551724138,0.6428571428571429,0.6184971098265896,0.6714285714285714,0.7058823529411765,0.013513513513513514,0.08904109589041095,0.11538461538461539,0.09375,28.571428571428573,0.42105263157894735,,0.10857142857142857,0.09278350515463918,0.10294117647058823,0.04,0.17647058823529413,0.05,0.10256410256410256,0.05263157894736842,0.35135135135135137,0.6730769230769231,0.7608695652173914,0.5714285714285714,0.43243243243243246,0.5,0.5517241379310345,0.53125,,,,,0.013513513513513514,0.5,0.5,1.0,0.4482758620689655,0.6153846153846154,,,,,0.21428571428571427,1.0,,,,,0.36486486486486486,0.5,0.46533141891891905,0.4606772727272728,0.46954285714285715,0.19186046511627908,0.19411764705882353,0.21962616822429906,0.11214953271028037,7.453424657534246,25.549999999999997,0.16026711185308848,True,possessions,4Q/OT | margin -3..3 | 300..120,team,30.0,0.20270270270270271,14.0,,,1.0,,,,,,0.4666666666666667,0.4827586206896552,0.8571428571428571,,,,9.0,4.0,1.0,3.0,3.0,2.0,0.03333333333333333,0.16981132075471697,0.125,
wnba,wnba_shot_pace,shot_pace,possessions,get-possessions,2023,Playoffs,team,"{'OffDef': 'Offense', 'FilterComparison': 'Exactly', 'FilterEvent': 'OnFloor', 'FilterValue': 5, 'StartType': 'All', 'Season': '2023', 'SeasonType': 'Playoffs', 'TeamId': '1611661319'}",shot_pace,1611661319,4Q/OT | margin -3..3 | 300..120,get-possessions__possessions__off_def-Offense__filter_comparison-Exactly__filter_event-OnFloor__filter_value-5__start_type-All__season-2023__season_type-Playoffs__team_id-1611661319__08e06d49,get-possessions,https://api.pbpstats.com/get-possessions/wnba?OffDef=Offense&FilterComparison=Exactly&FilterEvent=OnFloor&FilterValue=5&StartType=All&Season=2023&SeasonType=Playoffs&TeamId=1611661319,200,4,1629498,Jackie Young,Jackie Young,9302.0,696,620,102,66,620,8.0,19.0,,,1.0,1.0,15.0,35,5.0,8.0,1.0,,,17.0,45.0,,2.0,2.0,6.0,26,61,22.0,53.0,32.0,150,1.0,,2.0,,3.0,,,1.0,2.0,2.0,6.0,7.0,15.0,34,18.0,51.0,15.0,,45.0,17.0,6.0,31.0,14.0,45.0,12.0,2.0,15.0,5.0,104.0,1.0,2.0,,3.0,3.0,3,4.0,1,8.0,,2.0,1.0,,11,,2.0,27.0,35.0,5.0,15.0,3.0,13.0,101,2.0,0.6538461538461539,0.6538461538461539,0.7727272727272727,0.41509433962264153,,0.3333333333333333,0.41509433962264153,0.4262295081967213,,0.5,0.5175438596491229,,0.5,0.5859375,,0.6818181818181818,0.4649122807017544,0.09836065573770492,0.10526315789473684,0.11428571428571428,20.057720057720058,0.2727272727272727,,0.0111731843575419,0.010752688172043012,0.011029411764705883,,0.022988505747126436,,0.013333333333333334,,0.16666666666666666,0.42105263157894735,0.47058823529411764,0.5,0.30701754385964913,0.42857142857142855,0.4838709677419355,0.8666666666666667,0.07017543859649122,0.625,0.625,1.0,0.39473684210526316,0.37777777777777777,0.38636363636363635,0.7058823529411765,,,0.2,0.4,,,0.125,1.0,,,0.75,0.3333333333333333,0.631578947368421,0.37777777777777777,0.502019298245614,0.5577333333333333,0.45909374999999997,0.136,0.2112676056338028,,0.1,6.963934426229508,24.6943396226415,0.16451612903225807,True,possessions,4Q/OT | margin -3..3 | 300..120,team,7.0,0.06140350877192982,3.0,,1.0,11.0,,2.0,0.018867924528301886,,0.022222222222222223,0.42857142857142855,0.42857142857142855,,,,0.037037037037037035,,2.0,,2.0,,,,,,1.0
wnba,wnba_shot_pace,shot_pace,possessions,get-possessions,2023,Playoffs,team,"{'OffDef': 'Offense', 'FilterComparison': 'Exactly', 'FilterEvent': 'OnFloor', 'FilterValue': 5, 'StartType': 'All', 'Season': '2023', 'SeasonType': 'Playoffs', 'TeamId': '1611661319'}",shot_pace,1611661319,4Q/OT | margin -3..3 | 300..120,get-possessions__possessions__off_def-Offense__filter_comparison-Exactly__filter_event-OnFloor__filter_value-5__start_type-All__season-2023__season_type-Playoffs__team_id-1611661319__08e06d49,get-possessions,https://api.pbpstats.com/get-possessions/wnba?OffDef=Offense&FilterComparison=Exactly&FilterEvent=OnFloor&FilterValue=5&StartType=All&Season=2023&SeasonType=Playoffs&TeamId=1611661319,200,5,204297,Cayla George,Cayla George,1515.0,78,93,19,11,93,1.0,3.0,,,,,,3,1.0,3.0,1.0,,1.0,2.0,9.0,,1.0,,1.0,1,8,3.0,12.0,2.0,13,,,,1.0,2.0,,3.0,,2.0,,2.0,2.0,2.0,2,,9.0,,,9.0,2.0,,4.0,,4.0,,,1.0,,8.0,,,,,,1,1.0,1,2.0,,,,,3,,,1.0,2.0,,1.0,,2.0,19,,1.0,1.0,1.0,0.25,0.5,,0.25,0.125,,,0.275,0.75,,0.30952380952380953,0.75,0.2,0.6,,,,23.076923076923077,0.3333333333333333,,,,,,,,,,0.15,0.3333333333333333,0.3333333333333333,1.0,0.15,,,,0.15,0.3333333333333333,0.3333333333333333,1.0,0.45,0.2222222222222222,0.2222222222222222,1.0,,,0.5,0.5,,,,,0.25,,0.25,,0.75,0.2222222222222222,0.5101924999999999,0.6127499999999999,0.48664999999999997,0.047619047619047616,0.1111111111111111,0.23076923076923078,0.15384615384615385,8.1375,24.516666666666666,0.20430107526881722,True,possessions,4Q/OT | margin -3..3 | 300..120,team,2.0,0.1,,1.0,,3.0,,,,,,,,,1.0,1.0,,,1.0,,1.0,,,,,,
wnba,wnba_shot_pace,shot_pace,possessions,get-possessions,2023,Playoffs,team,"{'OffDef': 'Offense', 'FilterComparison': 'Exactly', 'FilterEvent': 'OnFloor', 'FilterValue': 5, 'StartType': 'All', 'Season': '2023', 'SeasonType': 'Playoffs', 'TeamId': '1611661319'}",shot_pace,1611661319,4Q/OT | margin -3..3 | 300..120,get-possessions__possessions__off_def-Offense__filter_comparison-Exactly__filter_event-OnFloor__filter_value-5__start_type-All__season-2023__season_type-Playoffs__team_id-1611661319__08e06d49,get-possessions,https://api.pbpstats.com/get-possessions/wnba?OffDef=Offense&FilterComparison=Exactly&FilterEvent=OnFloor&FilterValue=5&StartType=All&Season=2023&SeasonType=Playoffs&TeamId=1611661319,200,6,1631006,Kierstan Bell,Kierstan Bell,1581.0,83,101,39,13,101,1.0,2.0,,,,,1.0,3,,3.0,1.0,,2.0,,7.0,,,,2.0,3,7,,10.0,4.0,10,,1.0,1.0,,1.0,2.0,4.0,,1.0,,4.0,4.0,4.0,4,2.0,,,2.0,7.0,,,2.0,,2.0,,,,,4.0,,2.0,,2.0,2.0,2,,1,,,1.0,,,2,,2.0,2.0,4.0,,2.0,,4.0,39,,0.6666666666666666,1.0,,,,,,0.42857142857142855,1.0,,0.17647058823529413,0.5,,0.2631578947368421,0.6666666666666666,0.2857142857142857,0.5882352941176471,,,,18.42105263157895,1.0,,0.06060606060606061,,0.037037037037037035,,0.14285714285714285,,,,0.11764705882352941,0.5,0.5,1.0,0.17647058823529413,0.3333333333333333,0.3333333333333333,,0.17647058823529413,,,,0.4117647058823529,,,,,,0.5,,,,,,0.4,,0.4,,0.7058823529411765,,0.5134823529411765,0.47165,0.4546900000000001,0.10526315789473684,0.2222222222222222,0.4,0.4,7.4142857142857155,24.69,0.38613861386138615,True,possessions,4Q/OT | margin -3..3 | 300..120,team,2.0,0.11764705882352941,1.0,,,2.0,,,,,,0.5,0.5,1.0,,,,,,,,,,,,,
wnba,wnba_shot_pace,shot_pace,possessions,get-possessions,2023,Playoffs,team,"{'OffDef': 'Offense', 'FilterComparison': 'Exactly', 'FilterEvent': 'OnFloor', 'FilterValue': 5, 'StartType': 'All', 'Season': '2023', 'SeasonType': 'Playoffs', 'TeamId': '1611661319'}",shot_pace,1611661319,4Q/OT | margin -3..3 | 300..120,get-possessions__possessions__off_def-Offense__filter_comparison-Exactly__filter_event-OnFloor__filter_value-5__start_type-All__season-2023__season_type-Playoffs__team_id-1611661319__08e06d49,get-possessions,https://api.pbpstats.com/get-possessions/wnba?OffDef=Offense&FilterComparison=Exactly&FilterEvent=OnFloor&FilterValue=5&StartType=All&Season=2023&SeasonType=Playoffs&TeamId=1611661319,200,7,1628268,Alaina Coates,Alaina Coates,368.0,17,24,16,4,24,,,,,,,1.0,1,,,,,,,,,,,,1,1,,,,2,,,,,,,,,,,,,,2,,,,,,,,,,,,,,,,1.0,1.0,,2.0,2.0,1,,1,,,,,,1,1.0,1.0,,,,,,,16,,1.0,1.0,,,,,,1.0,,,1.0,,,1.0,,,,,,,7.142857142857142,1.0,,0.125,0.25,0.16666666666666666,,0.2,,0.3333333333333333,,,,,,1.0,1.0,1.0,1.0,,,,,,,,,,,,,,,,,,,,,,,0.4054,,,,,,,5.3,,0.6666666666666666,True,possessions,4Q/OT | margin -3..3 | 300..120,team,,,,,,,,,,,,,,,,,,,,,,,,,,,
wnba,wnba_shot_pace,shot_pace,possessions,get-possessions,2023,Playoffs,team,"{'OffDef': 'Offense', 'FilterComparison': 'Exactly', 'FilterEvent': 'OnFloor', 'FilterValue': 5, 'StartType': 'All', 'Season': '2023', 'SeasonType': 'Playoffs', 'TeamId': '1611661319'}",shot_pace,1611661319,4Q/OT | margin -3..3 | 300..120,get-possessions__possessions__off_def-Offense__filter_comparison-Exactly__filter_event-OnFloor__filter_value-5__start_type-All__season-2023__season_type-Playoffs__team_id-1611661319__08e06d49,get-possessions,https://api.pbpstats.com/get-possessions/wnba?OffDef=Offense&FilterComparison=Exactly&FilterEvent=OnFloor&FilterValue=5&StartType=All&Season=2023&SeasonType=Playoffs&TeamId=1611661319,200,8,204329,Kiah Stokes,Kiah Stokes,6209.0,453,407,44,37,407,2.0,3.0,,,,,5.0,8,2.0,4.0,,,,,,,,,,7,12,2.0,4.0,2.0,22,,,,,,,,2.0,2.0,,,,4.0,12,2.0,6.0,,,,,3.0,4.0,6.0,10.0,5.0,1.0,4.0,,26.0,6.0,8.0,,14.0,14.0,3,1.0,2,3.0,,1.0,,1.0,6,,2.0,3.0,2.0,,1.0,,4.0,43,,0.8571428571428571,0.8571428571428571,1.0,0.5,,,0.5,0.5833333333333334,,1.0,0.625,,1.0,0.6470588235294118,,1.0,0.25,0.25,0.3333333333333333,0.25,5.0884955752212395,0.5,,0.07017543859649122,0.09375,0.07865168539325842,0.04,0.11666666666666667,,0.061224489795918366,0.2,0.1875,0.6666666666666666,1.0,1.0,0.5,0.625,0.8333333333333334,0.8,0.25,0.5,0.5,1.0,,,,,,,,,,,,,,,,,0.4375,,0.54249375,,0.39644999999999997,0.058823529411764705,0.07692307692307693,,0.18181818181818182,5.074999999999999,23.1,0.10810810810810811,True,possessions,4Q/OT | margin -3..3 | 300..120,team,1.0,0.0625,,,,,,,,,,,,,,,,1.0,1.0,,1.0,,,,0.25,,
wnba,wnba_shot_pace,shot_pace,possessions,get-possessions,2023,Playoffs,team,"{'OffDef': 'Offense', 'FilterComparison': 'Exactly', 'FilterEvent': 'OnFloor', 'FilterValue': 5, 'StartType': 'All', 'Season': '2023', 'SeasonType': 'Playoffs', 'TeamId': '1611661319'}",shot_pace,1611661319,4Q/OT | margin -3..3 | 300..120,get-possessions__possessions__off_def-Offense__filter_comparison-Exactly__filter_event-OnFloor__filter_value-5__start_type-All__season-2023__season_type-Playoffs__team_id-1611661319__08e06d49,get-possessions,https://api.pbpstats.com/get-possessions/wnba?OffDef=Offense&FilterComparison=Exactly&FilterEvent=OnFloor&FilterValue=5&StartType=All&Season=2023&SeasonType=Playoffs&TeamId=1611661319,200,9,203833,Chelsea Gray,Chelsea Gray,8569.0,641,574,103,60,574,7.0,14.0,2.0,4.0,2.0,5.0,16.0,29,,3.0,,,,11.0,28.0,,1.0,1.0,2.0,37,79,11.0,31.0,18.0,125,1.0,3.0,8.0,,1.0,2.0,8.0,4.0,15.0,1.0,2.0,6.0,17.0,22,52.0,24.0,9.0,2.0,28.0,11.0,4.0,37.0,17.0,54.0,9.0,8.0,18.0,7.0,125.0,,3.0,,3.0,3.0,11,10.0,11,13.0,2.0,,,1.0,24,1.0,2.0,18.0,18.0,1.0,8.0,1.0,17.0,102,1.0,0.2972972972972973,0.3055555555555556,0.7272727272727273,0.3548387096774194,,0.5,0.3548387096774194,0.46835443037974683,0.375,0.26666666666666666,0.4863636363636364,0.3333333333333333,0.3235294117647059,0.5254237288135594,0.4,0.425,0.2818181818181818,0.05063291139240506,0.14285714285714285,0.034482758620689655,22.083981337480562,0.4583333333333333,,0.018292682926829267,,0.011583011583011582,0.02702702702702703,0.011494252873563218,0.025,,,0.12727272727272726,0.5,0.5833333333333334,0.2857142857142857,0.2636363636363636,0.5517241379310345,0.5714285714285714,0.25,0.02727272727272727,,,,0.2545454545454545,0.39285714285714285,0.39285714285714285,0.7272727272727273,0.4444444444444444,0.5,,0.1111111111111111,,,0.29411764705882354,0.4,,,0.11764705882352941,0.5,0.4090909090909091,0.39285714285714285,0.4524950000000003,0.598675,0.4310529411764707,0.06837606837606838,0.09302325581395349,0.064,0.136,11.521518987341775,25.948387096774194,0.1794425087108014,True,possessions,4Q/OT | margin -3..3 | 300..120,team,36.0,0.32727272727272727,14.0,,,12.0,1.0,,,,,0.3888888888888889,0.4,0.35714285714285715,,,,1.0,,,,2.0,,0.027777777777777776,0.01818181818181818,,
