league,job_id,job_family,variant,endpoint,season,season_type,scope,request_params,source,team_id,clutch_window,request_id,request_table,request_url,request_status,request_row_index,entity_id,name,short_name,seconds_played,plus_minus,off_poss,penalty_off_poss,second_chance_off_poss,total_poss,at_rim_fgm,at_rim_fga,second_chance_at_rim_fgm,second_chance_at_rim_fga,penalty_at_rim_fga,short_mid_range_fgm,short_mid_range_fga,long_mid_range_fga,corner3_fgm,corner3_fga,penalty_corner3_fgm,penalty_corner3_fga,arc3_fgm,arc3_fga,second_chance_arc3_fgm,second_chance_arc3_fga,penalty_arc3_fgm,penalty_arc3_fga,fg2m,fg2a,fg3m,fg3a,ft_points,points,second_chance_fg2_m,second_chance_fg2_a,second_chance_fg3_m,second_chance_fg3_a,second_chance_points,penalty_fg2_m,penalty_fg2_a,penalty_fg3_m,penalty_fg3_a,penalty_ft_points,penalty_points,pts_assisted2s,pts_unassisted2s,pts_assisted3s,pts_unassisted3s,non_heave_arc3_fga,non_heave_arc3_fgm,fg2a_blocked,fg3a_blocked,two_pt_assists,three_pt_assists,assists,arc3_assists,corner3_assists,at_rim_assists,long_mid_range_assists,assist_points,off_three_pt_rebounds,off_rebounds,rebounds,live_ball_turnovers,bad_pass_out_of_bounds_turnovers,bad_pass_turnovers,dead_ball_turnovers,lost_ball_turnovers,travels,turnovers,penalty_turnovers,fouls_drawn,loose ball fouls drawn,fta,2pt and 1 free throw trips,two_pt_shooting_fouls_drawn,non_shooting_fouls_drawn,penalty_points_excluding_take_fouls,penalty_off_poss_excluding_take_fouls,assisted2s_pct,non_putbacks_assisted2s_pct,assisted3s_pct,fg3_pct,second_chance_fg3_pct,penalty_fg3_pct,non_heave_fg3_pct,fg2_pct,second_chance_fg2_pct,penalty_fg2_pct,efg_pct,second_chance_efg_pct,penalty_efg_pct,ts_pct,second_chance_ts_pct,penalty_ts_pct,fg3_a_pct,fg3_a_pct_blocked,fg2_a_pct_blocked,short_mid_range_pct_blocked,arc3_pct_blocked,usage,live_ball_turnover_pct,off_three_pt_rebound_pct,off_fg_rebound_pct,off_arc3_rebound_pct,at_rim_frequency,at_rim_accuracy,unblocked_at_rim_accuracy,at_rim_pct_assisted,short_mid_range_frequency,short_mid_range_accuracy,unblocked_short_mid_range_accuracy,short_mid_range_pct_assisted,long_mid_range_frequency,corner3_frequency,corner3_accuracy,unblocked_corner3_accuracy,corner3_pct_assisted,arc3_frequency,arc3_accuracy,unblocked_arc3_accuracy,arc3_pct_assisted,second_chance_at_rim_frequency,second_chance_at_rim_accuracy,second_chance_at_rim_pct_assisted,second_chance_arc3_frequency,second_chance_arc3_accuracy,second_chance_arc3_pct_assisted,penalty_at_rim_frequency,penalty_corner3_frequency,penalty_corner3_accuracy,penalty_arc3_frequency,penalty_arc3_accuracy,at_rim_fg3_a_frequency,non_heave_arc3_accuracy,shot_quality_avg,second_chance_shot_quality_avg,penalty_shot_quality_avg,shooting_fouls_drawn_pct,two_pt_shooting_fouls_drawn_pct,second_chance_points_pct,penalty_points_pct,avg2pt_shot_distance,avg3pt_shot_distance,penalty_off_poss_pct,is_playoffs,job_variant,window_label,request_scope,penalty_at_rim_fgm,long_mid_range_fgm,second_chance_corner3_fga,opponent_points,short_mid_range_assists,off_two_pt_rebounds,self_o_reb,fouls,offensive fouls,non_shooting_penalty_non_take_fouls_drawn,at_rim_pct_blocked,off_two_pt_rebound_pct,off_short_mid_range_rebound_pct,off_corner3_rebound_pct,self_o_reb_pct,long_mid_range_accuracy,unblocked_long_mid_range_accuracy,long_mid_range_pct_assisted,second_chance_corner3_frequency,penalty_at_rim_accuracy,second_chance_ft_points,pts_putbacks,lost_ball_out_of_bounds_turnovers,second_chance_turnovers,charge fouls,off_at_rim_rebound_pct,off_long_mid_range_rebound_pct,long_mid_range_pct_blocked,3_second_violations,second_chance_corner3_fgm,technical free throw trips,second_chance_corner3_accuracy,second_chance_corner3_pct_assisted
wnba,wnba_shot_pace,shot_pace,possessions,get-possessions,2025,Playoffs,team,"{'OffDef': 'Offense', 'FilterComparison': 'Exactly', 'FilterEvent': 'OnFloor', 'FilterValue': 5, 'StartType': 'All', 'Season': '2025', 'SeasonType': 'Playoffs', 'TeamId': '1611661325'}",shot_pace,1611661325,4Q/OT | margin -3..3 | 300..120,get-possessions__possessions__off_def-Offense__filter_comparison-Exactly__filter_event-OnFloor__filter_value-5__start_type-All__season-2025__season_type-Playoffs__team_id-1611661325__00650be7,get-possessions,https://api.pbpstats.com/get-possessions/wnba?OffDef=Offense&FilterComparison=Exactly&FilterEvent=OnFloor&FilterValue=5&StartType=All&Season=2025&SeasonType=Playoffs&TeamId=1611661325,200,0,203035,Shey Peddy,Shey Peddy,3992.0,245,251,104,26,251,4,8,1.0,2.0,1,5.0,8.0,2.0,1.0,3.0,1.0,2.0,5.0,14.0,1.0,3.0,2.0,5.0,9,18,6.0,17.0,6,42,1.0,2,1.0,3.0,5.0,1,4,3.0,7.0,3.0,14,6,12,15.0,3.0,14.0,5.0,2.0,1.0,4.0,4.0,8.0,3.0,1.0,3.0,1.0,20.0,1,1,1,5.0,1.0,4.0,2.0,1.0,1.0,7.0,4.0,8,1.0,6,1.0,3,1.0,14,103,0.3333333333333333,0.3333333333333333,0.8333333333333334,0.35294117647058826,0.3333333333333333,0.42857142857142855,0.35294117647058826,0.5,0.5,0.25,0.5142857142857142,0.5,0.5,0.5526315789473685,0.5,0.5384615384615384,0.4857142857142857,0.058823529411764705,0.1111111111111111,0.25,0.07142857142857142,15.714285714285715,0.7142857142857143,0.02702702702702703,0.009009009009009009,0.03571428571428571,0.22857142857142856,0.5,0.5,0.25,0.22857142857142856,0.625,0.8333333333333334,0.4,0.05714285714285714,0.08571428571428572,0.3333333333333333,0.3333333333333333,1.0,0.4,0.35714285714285715,0.38461538461538464,0.8,0.4,0.5,1.0,0.6,0.3333333333333333,1.0,0.09090909090909091,0.18181818181818182,0.5,0.45454545454545453,0.4,0.7142857142857143,0.35714285714285715,0.47402857142857135,0.56405,0.4507227272727273,0.08108108108108109,0.15,0.11904761904761904,0.3333333333333333,5.972222222222222,25.082352941176467,0.41434262948207173,True,possessions,4Q/OT | margin -3..3 | 300..120,team,,,,,,,,,,,,,,,,,,,,,,,,,,,,,,,,,
wnba,wnba_shot_pace,shot_pace,possessions,get-possessions,2025,Playoffs,team,"{'OffDef': 'Offense', 'FilterComparison': 'Exactly', 'FilterEvent': 'OnFloor', 'FilterValue': 5, 'StartType': 'All', 'Season': '2025', 'SeasonType': 'Playoffs', 'TeamId': '1611661325'}",shot_pace,1611661325,4Q/OT | margin -3..3 | 300..120,get-possessions__possessions__off_def-Offense__filter_comparison-Exactly__filter_event-OnFloor__filter_value-5__start_type-All__season-2025__season_type-Playoffs__team_id-1611661325__00650be7,get-possessions,https://api.pbpstats.com/get-possessions/wnba?OffDef=Offense&FilterComparison=Exactly&FilterEvent=OnFloor&FilterValue=5&StartType=All&Season=2025&SeasonType=Playoffs&TeamId=1611661325,200,1,203824,Odyssey Sims,Odyssey Sims,7029.0,481,463,92,56,463,11,26,,,5,13.0,31.0,15.0,1.0,4.0,,1.0,4.0,11.0,,,,4.0,31,72,5.0,15.0,36,113,,1,,1.0,,4,7,,5.0,14.0,22,16,46,15.0,,11.0,4.0,7.0,,32.0,3.0,35.0,2.0,1.0,15.0,2.0,73.0,1,3,3,14.0,3.0,11.0,7.0,3.0,3.0,21.0,6.0,32,2.0,42,2.0,18,4.0,18,87,0.25806451612903225,0.25806451612903225,1.0,0.3333333333333333,,,0.3333333333333333,0.4305555555555556,,0.5714285714285714,0.4425287356321839,,0.3333333333333333,0.5280373831775701,,0.55,0.1724137931034483,,0.09722222222222222,0.12903225806451613,,24.015009380863038,0.6666666666666666,0.014705882352941176,0.014354066985645933,,0.2988505747126437,0.4230769230769231,0.4782608695652174,0.36363636363636365,0.3563218390804598,0.41935483870967744,0.48148148148148145,0.07692307692307693,0.1724137931034483,0.04597701149425287,0.25,0.25,1.0,0.12643678160919541,0.36363636363636365,0.36363636363636365,1.0,,,,,,,0.4166666666666667,0.08333333333333333,,0.3333333333333333,,0.47126436781609193,0.36363636363636365,0.49193333333333367,,0.5589875,0.17475728155339806,0.20454545454545456,,0.19469026548672566,7.606944444444443,24.78666666666667,0.19870410367170627,True,possessions,4Q/OT | margin -3..3 | 300..120,team,3.0,7.0,1.0,2.0,15.0,2.0,1.0,1.0,1.0,1.0,0.11538461538461539,0.014184397163120567,0.03076923076923077,0.0625,0.022727272727272728,0.4666666666666667,0.4666666666666667,0.42857142857142855,0.5,0.6,,,,,,,,,,,,,
wnba,wnba_shot_pace,shot_pace,possessions,get-possessions,2025,Playoffs,team,"{'OffDef': 'Offense', 'FilterComparison': 'Exactly', 'FilterEvent': 'OnFloor', 'FilterValue': 5, 'StartType': 'All', 'Season': '2025', 'SeasonType': 'Playoffs', 'TeamId': '1611661325'}",shot_pace,1611661325,4Q/OT | margin -3..3 | 300..120,get-possessions__possessions__off_def-Offense__filter_comparison-Exactly__filter_event-OnFloor__filter_value-5__start_type-All__season-2025__season_type-Playoffs__team_id-1611661325__00650be7,get-possessions,https://api.pbpstats.com/get-possessions/wnba?OffDef=Offense&FilterComparison=Exactly&FilterEvent=OnFloor&FilterValue=5&StartType=All&Season=2025&SeasonType=Playoffs&TeamId=1611661325,200,2,203827,Natasha Howard,Natasha Howard,5812.0,400,382,71,53,382,21,30,7.0,11.0,4,10.0,25.0,2.0,,,,,,6.0,,,,1.0,31,57,,6.0,13,75,7.0,13,,,15.0,3,8,,1.0,,6,46,16,,,6.0,,8.0,,8.0,8.0,16.0,6.0,2.0,2.0,2.0,40.0,6,18,18,9.0,1.0,5.0,8.0,4.0,2.0,17.0,2.0,14,,16,2.0,9,,6,71,0.7419354838709677,0.92,,,,,,0.543859649122807,0.5384615384615384,0.375,0.49206349206349204,0.5384615384615384,0.3333333333333333,0.5357142857142857,0.5357142857142857,0.3333333333333333,0.09523809523809523,,0.14035087719298245,0.24,,19.55056179775281,0.5294117647058824,0.10526315789473684,0.09782608695652174,0.14634146341463414,0.47619047619047616,0.7,0.75,0.6666666666666666,0.3968253968253968,0.4,0.5263157894736842,0.9,0.031746031746031744,,,,,0.09523809523809523,,,,0.8461538461538461,0.6363636363636364,,,,,0.4444444444444444,,,0.1111111111111111,,0.5714285714285714,,0.5066039682539685,0.5771,0.48266111111111104,0.12857142857142856,0.140625,0.2,0.08,4.426315789473684,24.633333333333336,0.18586387434554974,True,possessions,4Q/OT | margin -3..3 | 300..120,team,2.0,,,2.0,4.0,12.0,3.0,3.0,2.0,,0.06666666666666667,0.09448818897637795,0.09259259259259259,,0.13043478260869565,,,,,0.5,1.0,12.0,1.0,1.0,1.0,0.08333333333333333,0.12,,,,,,
wnba,wnba_shot_pace,shot_pace,possessions,get-possessions,2025,Playoffs,team,"{'OffDef': 'Offense', 'FilterComparison': 'Exactly', 'FilterEvent': 'OnFloor', 'FilterValue': 5, 'StartType': 'All', 'Season': '2025', 'SeasonType': 'Playoffs', 'TeamId': '1611661325'}",shot_pace,1611661325,4Q/OT | margin -3..3 | 300..120,get-possessions__possessions__off_def-Offense__filter_comparison-Exactly__filter_event-OnFloor__filter_value-5__start_type-All__season-2025__season_type-Playoffs__team_id-1611661325__00650be7,get-possessions,https://api.pbpstats.com/get-possessions/wnba?OffDef=Offense&FilterComparison=Exactly&FilterEvent=OnFloor&FilterValue=5&StartType=All&Season=2025&SeasonType=Playoffs&TeamId=1611661325,200,3,1629488,Brianna Turner,Brianna Turner,4233.0,268,279,107,34,279,7,10,1.0,2.0,4,1.0,1.0,1.0,,,,,,,,,,,8,12,,,3,19,1.0,2,,,2.0,4,6,,,2.0,10,14,2,,,,,,,3.0,2.0,5.0,2.0,,2.0,,12.0,3,9,9,2.0,,1.0,4.0,1.0,1.0,6.0,3.0,3,,4,,1,1.0,10,103,0.875,1.0,,,,,,0.6666666666666666,0.5,0.6666666666666666,0.6666666666666666,0.5,0.6666666666666666,0.6785714285714286,0.5,0.7142857142857143,,,,,,6.389776357827476,0.3333333333333333,0.07317073170731707,0.07627118644067797,0.09375,0.8333333333333334,0.7,0.7,0.8571428571428571,0.08333333333333333,1.0,1.0,1.0,0.08333333333333333,,,,,,,,,1.0,0.5,,,,,0.6666666666666666,,,,,0.8333333333333334,,0.5257916666666667,0.6515500000000001,0.5092166666666665,0.07692307692307693,0.07692307692307693,0.10526315789473684,0.5263157894736842,3.4333333333333336,,0.3835125448028674,True,possessions,4Q/OT | margin -3..3 | 300..120,team,3.0,,,2.0,1.0,6.0,,1.0,1.0,1.0,,0.07792207792207792,0.15151515151515152,,,,,,,0.75,,2.0,1.0,1.0,,0.047619047619047616,,,,,,,
wnba,wnba_shot_pace,shot_pace,possessions,get-possessions,2025,Playoffs,team,"{'OffDef': 'Offense', 'FilterComparison': 'Exactly', 'FilterEvent': 'OnFloor', 'FilterValue': 5, 'StartType': 'All', 'Season': '2025', 'SeasonType': 'Playoffs', 'TeamId': '1611661325'}",shot_pace,1611661325,4Q/OT | margin -3..3 | 300..120,get-possessions__possessions__off_def-Offense__filter_comparison-Exactly__filter_event-OnFloor__filter_value-5__start_type-All__season-2025__season_type-Playoffs__team_id-1611661325__00650be7,get-possessions,https://api.pbpstats.com/get-possessions/wnba?OffDef=Offense&FilterComparison=Exactly&FilterEvent=OnFloor&FilterValue=5&StartType=All&Season=2025&SeasonType=Playoffs&TeamId=1611661325,200,4,1631086,Lexie Hull,Lexie Hull,7924.0,545,519,121,70,519,4,8,1.0,3.0,4,6.0,17.0,13.0,5.0,20.0,2.0,6.0,8.0,24.0,1.0,4.0,2.0,4.0,15,38,13.0,44.0,13,82,3.0,7,1.0,8.0,10.0,4,12,4.0,10.0,5.0,25,24,6,36.0,3.0,24.0,8.0,4.0,,14.0,2.0,16.0,2.0,,12.0,1.0,34.0,6,8,8,10.0,2.0,5.0,5.0,5.0,,15.0,2.0,13,4.0,16,,5,3.0,23,116,0.8,0.8,0.9230769230769231,0.29545454545454547,0.125,0.4,0.29545454545454547,0.39473684210526316,0.42857142857142855,0.3333333333333333,0.42073170731707316,0.3,0.45454545454545453,0.45555555555555555,0.3125,0.5,0.5365853658536586,,0.10526315789473684,0.058823529411764705,,17.3841059602649,0.6666666666666666,0.07407407407407407,0.032520325203252036,0.1,0.0975609756097561,0.5,0.6666666666666666,1.0,0.2073170731707317,0.35294117647058826,0.375,0.5,0.15853658536585366,0.24390243902439024,0.25,0.25,1.0,0.2926829268292683,0.3333333333333333,0.3333333333333333,0.875,0.2,0.3333333333333333,1.0,0.26666666666666666,0.25,,0.18181818181818182,0.2727272727272727,0.3333333333333333,0.18181818181818182,0.5,0.6341463414634146,0.3333333333333333,0.48970121951219514,0.5376541666666667,0.49675454545454534,0.05747126436781609,0.11627906976744186,0.12195121951219512,0.3048780487804878,10.56842105263158,24.33863636363636,0.23314065510597304,True,possessions,4Q/OT | margin -3..3 | 300..120,team,2.0,5.0,4.0,2.0,1.0,2.0,,1.0,1.0,2.0,0.25,0.012121212121212121,,,,0.38461538461538464,0.4166666666666667,1.0,0.26666666666666666,0.5,1.0,,1.0,3.0,,,0.05263157894736842,0.07692307692307693,,,,,
wnba,wnba_shot_pace,shot_pace,possessions,get-possessions,2025,Playoffs,team,"{'OffDef': 'Offense', 'FilterComparison': 'Exactly', 'FilterEvent': 'OnFloor', 'FilterValue': 5, 'StartType': 'All', 'Season': '2025', 'SeasonType': 'Playoffs', 'TeamId': '1611661325'}",shot_pace,1611661325,4Q/OT | margin -3..3 | 300..120,get-possessions__possessions__off_def-Offense__filter_comparison-Exactly__filter_event-OnFloor__filter_value-5__start_type-All__season-2025__season_type-Playoffs__team_id-1611661325__00650be7,get-possessions,https://api.pbpstats.com/get-possessions/wnba?OffDef=Offense&FilterComparison=Exactly&FilterEvent=OnFloor&FilterValue=5&StartType=All&Season=2025&SeasonType=Playoffs&TeamId=1611661325,200,5,1641648,Aliyah Boston,Aliyah Boston,7612.0,510,491,126,71,491,26,44,5.0,9.0,13,13.0,34.0,6.0,,1.0,,,1.0,8.0,,1.0,1.0,4.0,40,84,1.0,9.0,17,100,10.0,21,,1.0,22.0,9,20,1.0,4.0,13.0,34,52,28,3.0,,8.0,1.0,8.0,,22.0,11.0,33.0,9.0,2.0,14.0,3.0,77.0,9,23,23,8.0,1.0,4.0,7.0,4.0,,15.0,4.0,31,2.0,25,1.0,4,9.0,34,121,0.65,0.7027027027027027,1.0,0.1111111111111111,,0.25,0.1111111111111111,0.47619047619047616,0.47619047619047616,0.45,0.44623655913978494,0.45454545454545453,0.4375,0.47619047619047616,0.4583333333333333,0.5,0.0967741935483871,,0.09523809523809523,0.11764705882352941,,20.654044750430295,0.5333333333333333,0.1111111111111111,0.09274193548387097,0.13333333333333333,0.4731182795698925,0.5909090909090909,0.65,0.5769230769230769,0.3655913978494624,0.38235294117647056,0.43333333333333335,0.7692307692307693,0.06451612903225806,0.010752688172043012,,,,0.08602150537634409,0.125,0.125,1.0,0.4090909090909091,0.5555555555555556,0.4,0.045454545454545456,,,0.5416666666666666,,,0.16666666666666666,0.25,0.5698924731182796,0.125,0.4927059139784946,0.4442264705882352,0.4952437499999999,0.041666666666666664,0.04597701149425287,0.22,0.34,5.039285714285713,24.700000000000003,0.25661914460285135,True,possessions,4Q/OT | margin -3..3 | 300..120,team,6.0,1.0,,,5.0,14.0,4.0,4.0,3.0,9.0,0.09090909090909091,0.08383233532934131,0.12121212121212122,0.047619047619047616,0.09302325581395349,0.16666666666666666,0.16666666666666666,1.0,,0.46153846153846156,2.0,6.0,,4.0,1.0,0.03225806451612903,0.10256410256410256,,2.0,,,,
wnba,wnba_shot_pace,shot_pace,possessions,get-possessions,2025,Playoffs,team,"{'OffDef': 'Offense', 'FilterComparison': 'Exactly', 'FilterEvent': 'OnFloor', 'FilterValue': 5, 'StartType': 'All', 'Season': '2025', 'SeasonType': 'Playoffs', 'TeamId': '1611661325'}",shot_pace,1611661325,4Q/OT | margin -3..3 | 300..120,get-possessions__possessions__off_def-Offense__filter_comparison-Exactly__filter_event-OnFloor__filter_value-5__start_type-All__season-2025__season_type-Playoffs__team_id-1611661325__00650be7,get-possessions,https://api.pbpstats.com/get-possessions/wnba?OffDef=Offense&FilterComparison=Exactly&FilterEvent=OnFloor&FilterValue=5&StartType=All&Season=2025&SeasonType=Playoffs&TeamId=1611661325,200,6,1627672,Aerial Powers,Aerial Powers,2624.0,143,166,79,27,166,2,5,1.0,2.0,2,1.0,5.0,7.0,,,,,,5.0,,,,3.0,5,17,,5.0,6,16,1.0,4,,,3.0,3,11,,3.0,2.0,8,2,8,,,5.0,,2.0,,2.0,,2.0,,,1.0,,4.0,2,2,2,3.0,,2.0,2.0,1.0,1.0,5.0,1.0,10,4.0,11,1.0,4,2.0,8,79,0.2,0.25,,,,,,0.29411764705882354,0.25,0.2727272727272727,0.22727272727272727,0.25,0.21428571428571427,0.2962962962962963,0.375,0.25,0.22727272727272727,,0.11764705882352941,0.4,,15.841584158415841,0.6,0.08,0.021505376344086023,0.09090909090909091,0.22727272727272727,0.4,0.4,,0.22727272727272727,0.2,0.3333333333333333,1.0,0.3181818181818182,,,,,0.22727272727272727,,,,0.5,0.5,,,,,0.14285714285714285,,,0.21428571428571427,,0.45454545454545453,,0.46167499999999995,0.4035,0.4238964285714285,0.16,0.2,0.1875,0.5,10.147058823529413,25.119999999999997,0.4759036144578313,True,possessions,4Q/OT | margin -3..3 | 300..120,team,,2.0,,,1.0,,,,,2.0,,,,,,0.2857142857142857,0.2857142857142857,,,,1.0,2.0,1.0,1.0,,,,,,,,,
wnba,wnba_shot_pace,shot_pace,possessions,get-possessions,2025,Playoffs,team,"{'OffDef': 'Offense', 'FilterComparison': 'Exactly', 'FilterEvent': 'OnFloor', 'FilterValue': 5, 'StartType': 'All', 'Season': '2025', 'SeasonType': 'Playoffs', 'TeamId': '1611661325'}",shot_pace,1611661325,4Q/OT | margin -3..3 | 300..120,get-possessions__possessions__off_def-Offense__filter_comparison-Exactly__filter_event-OnFloor__filter_value-5__start_type-All__season-2025__season_type-Playoffs__team_id-1611661325__00650be7,get-possessions,https://api.pbpstats.com/get-possessions/wnba?OffDef=Offense&FilterComparison=Exactly&FilterEvent=OnFloor&FilterValue=5&StartType=All&Season=2025&SeasonType=Playoffs&TeamId=1611661325,200,7,1628909,Kelsey Mitchell,Kelsey Mitchell,7793.0,527,517,149,75,517,25,42,1.0,1.0,12,6.0,21.0,26.0,1.0,3.0,,1.0,20.0,46.0,5.0,8.0,7.0,15.0,38,89,21.0,49.0,38,177,2.0,5,6.0,9.0,24.0,10,26,7.0,16.0,16.0,57,34,42,42.0,21.0,46.0,20.0,10.0,,17.0,7.0,24.0,5.0,2.0,11.0,2.0,55.0,2,4,4,11.0,4.0,5.0,7.0,6.0,1.0,18.0,3.0,30,,44,6.0,20,3.0,55,144,0.4473684210526316,0.4594594594594595,0.6666666666666666,0.42857142857142855,0.6666666666666666,0.4375,0.42857142857142855,0.42696629213483145,0.4,0.38461538461538464,0.5036231884057971,0.7857142857142857,0.4880952380952381,0.5612903225806452,0.8,0.5612244897959183,0.35507246376811596,,0.11235955056179775,0.14285714285714285,,28.500823723228994,0.6111111111111112,0.024390243902439025,0.01568627450980392,0.03225806451612903,0.30434782608695654,0.5952380952380952,0.6944444444444444,0.44,0.15217391304347827,0.2857142857142857,0.3333333333333333,0.6666666666666666,0.18840579710144928,0.021739130434782608,0.3333333333333333,0.3333333333333333,1.0,0.3333333333333333,0.43478260869565216,0.43478260869565216,0.65,0.07142857142857142,1.0,,0.5714285714285714,0.625,0.6,0.2857142857142857,0.023809523809523808,,0.35714285714285715,0.4666666666666667,0.6594202898550725,0.43478260869565216,0.5022528985507249,0.5110375,0.48289166666666666,0.13157894736842105,0.1941747572815534,0.13559322033898305,0.3220338983050847,8.061797752808987,24.828571428571426,0.28820116054158607,True,possessions,4Q/OT | margin -3..3 | 300..120,team,7.0,7.0,1.0,2.0,4.0,2.0,2.0,,,2.0,0.14285714285714285,0.011560693641618497,,,0.029411764705882353,0.2692307692307692,0.28,0.2857142857142857,0.07142857142857142,0.5833333333333334,2.0,2.0,2.0,1.0,,,0.05128205128205128,0.038461538461538464,,1.0,4.0,1.0,1.0
wnba,wnba_shot_pace,shot_pace,possessions,get-possessions,2025,Playoffs,team,"{'OffDef': 'Offense', 'FilterComparison': 'Exactly', 'FilterEvent': 'OnFloor', 'FilterValue': 5, 'StartType': 'All', 'Season': '2025', 'SeasonType': 'Playoffs', 'TeamId': '1611661325'}",shot_pace,1611661325,4Q/OT | margin -3..3 | 300..120,get-possessions__possessions__off_def-Offense__filter_comparison-Exactly__filter_event-OnFloor__filter_value-5__start_type-All__season-2025__season_type-Playoffs__team_id-1611661325__00650be7,get-possessions,https://api.pbpstats.com/get-possessions/wnba?OffDef=Offense&FilterComparison=Exactly&FilterEvent=OnFloor&FilterValue=5&StartType=All&Season=2025&SeasonType=Playoffs&TeamId=1611661325,200,8,1642815,Makayla Timpson,Makayla Timpson,1583.0,95,102,49,15,102,6,9,2.0,5.0,5,,,,,,,,,,,,,,6,9,,,6,18,2.0,5,,,4.0,3,5,,,2.0,8,8,4,,,,,1.0,,,,,,,,,,1,8,8,2.0,1.0,,1.0,2.0,,3.0,1.0,5,,8,2.0,5,,8,49,0.6666666666666666,0.8,,,,,,0.6666666666666666,0.4,0.6,0.6666666666666666,0.4,0.6,0.75,0.4,0.6666666666666666,,,0.1111111111111111,,,12.295081967213115,0.6666666666666666,0.0625,0.1702127659574468,0.0625,1.0,0.6666666666666666,0.75,0.6666666666666666,,,,,,,,,,,,,,1.0,0.4,0.5,,,,1.0,,,,,1.0,,0.6429777777777778,0.60495,0.62696,0.4166666666666667,0.4166666666666667,0.2222222222222222,0.4444444444444444,1.7222222222222223,,0.4803921568627451,True,possessions,4Q/OT | margin -3..3 | 300..120,team,3.0,,,,,7.0,1.0,,,,0.1111111111111111,0.22580645161290322,0.2222222222222222,,0.5,,,,,0.6,,2.0,,1.0,,0.125,0.5,,,,,,
wnba,wnba_shot_pace,shot_pace,possessions,get-possessions,2025,Playoffs,team,"{'OffDef': 'Offense', 'FilterComparison': 'Exactly', 'FilterEvent': 'OnFloor', 'FilterValue': 5, 'StartType': 'All', 'Season': '2025', 'SeasonType': 'Playoffs', 'TeamId': '1611661325'}",shot_pace,1611661325,4Q/OT | margin -3..3 | 300..120,get-possessions__possessions__off_def-Offense__filter_comparison-Exactly__filter_event-OnFloor__filter_value-5__start_type-All__season-2025__season_type-Playoffs__team_id-1611661325__00650be7,get-possessions,https://api.pbpstats.com/get-possessions/wnba?OffDef=Offense&FilterComparison=Exactly&FilterEvent=OnFloor&FilterValue=5&StartType=All&Season=2025&SeasonType=Playoffs&TeamId=1611661325,200,9,1642788,Bree Hall,Bree Hall,238.0,16,15,12,3,15,2,2,2.0,2.0,2,,,,,,,,,1.0,,,,1.0,2,2,,1.0,2,6,2.0,2,,,4.0,2,2,,1.0,2.0,6,2,2,,,1.0,,,,,,,,,,,,1,1,1,,,,,,,,,2,1.0,4,,1,1.0,6,12,0.5,1.0,,,,,,1.0,1.0,1.0,0.6666666666666666,1.0,0.6666666666666666,0.6,1.0,0.6,0.3333333333333333,,,,,27.77777777777778,,0.5,0.25,0.5,0.6666666666666666,1.0,1.0,0.5,,,,,,,,,,0.3333333333333333,,,,1.0,1.0,0.5,,,,0.6666666666666666,,,0.3333333333333333,,1.0,,0.5568333333333334,0.6821,0.5568333333333334,0.25,0.3333333333333333,0.6666666666666666,1.0,2.0,24.1,0.8,True,possessions,4Q/OT | margin -3..3 | 300..120,team,2.0,,,,,,1.0,,,1.0,,,,,1.0,,,,,1.0,,2.0,,,,,,,,,,,
