league,job_id,job_family,variant,endpoint,season,season_type,scope,request_params,source,team_id,clutch_window,request_id,request_table,request_url,request_status,request_row_index,entity_id,name,short_name,seconds_played,plus_minus,off_poss,penalty_off_poss,second_chance_off_poss,total_poss,at_rim_fgm,at_rim_fga,second_chance_at_rim_fga,penalty_at_rim_fga,short_mid_range_fgm,short_mid_range_fga,long_mid_range_fgm,long_mid_range_fga,corner3_fgm,corner3_fga,arc3_fgm,arc3_fga,second_chance_arc3_fgm,second_chance_arc3_fga,penalty_arc3_fgm,penalty_arc3_fga,fg2m,fg2a,fg3m,fg3a,ft_points,points,second_chance_fg2_m,second_chance_fg2_a,second_chance_fg3_m,second_chance_fg3_a,second_chance_ft_points,second_chance_points,penalty_fg2_m,penalty_fg2_a,penalty_fg3_m,penalty_fg3_a,penalty_ft_points,penalty_points,pts_assisted2s,pts_unassisted2s,pts_assisted3s,pts_unassisted3s,non_heave_arc3_fga,non_heave_arc3_fgm,fg2a_blocked,two_pt_assists,three_pt_assists,assists,arc3_assists,corner3_assists,at_rim_assists,short_mid_range_assists,long_mid_range_assists,assist_points,off_two_pt_rebounds,off_rebounds,rebounds,self_o_reb,live_ball_turnovers,bad_pass_out_of_bounds_turnovers,bad_pass_turnovers,dead_ball_turnovers,lost_ball_turnovers,step_out_of_bounds_turnovers,turnovers,fouls,offensive fouls,fouls_drawn,loose ball fouls drawn,fta,3pt and 1 free throw trips,two_pt_shooting_fouls_drawn,three_pt_shooting_fouls_drawn,non_shooting_fouls_drawn,penalty_points_excluding_take_fouls,penalty_off_poss_excluding_take_fouls,non_shooting_penalty_non_take_fouls_drawn,assisted2s_pct,non_putbacks_assisted2s_pct,assisted3s_pct,fg3_pct,second_chance_fg3_pct,penalty_fg3_pct,non_heave_fg3_pct,fg2_pct,second_chance_fg2_pct,penalty_fg2_pct,efg_pct,second_chance_efg_pct,penalty_efg_pct,ts_pct,second_chance_ts_pct,penalty_ts_pct,fg3_a_pct,fg2_a_pct_blocked,at_rim_pct_blocked,short_mid_range_pct_blocked,usage,live_ball_turnover_pct,off_two_pt_rebound_pct,off_fg_rebound_pct,off_at_rim_rebound_pct,off_short_mid_range_rebound_pct,self_o_reb_pct,at_rim_frequency,at_rim_accuracy,unblocked_at_rim_accuracy,at_rim_pct_assisted,short_mid_range_frequency,short_mid_range_accuracy,unblocked_short_mid_range_accuracy,short_mid_range_pct_assisted,long_mid_range_frequency,long_mid_range_accuracy,unblocked_long_mid_range_accuracy,long_mid_range_pct_assisted,corner3_frequency,corner3_accuracy,unblocked_corner3_accuracy,corner3_pct_assisted,arc3_frequency,arc3_accuracy,unblocked_arc3_accuracy,arc3_pct_assisted,second_chance_at_rim_frequency,second_chance_arc3_frequency,second_chance_arc3_accuracy,second_chance_arc3_pct_assisted,penalty_at_rim_frequency,penalty_arc3_frequency,penalty_arc3_accuracy,at_rim_fg3_a_frequency,non_heave_arc3_accuracy,shot_quality_avg,second_chance_shot_quality_avg,penalty_shot_quality_avg,shooting_fouls_drawn_pct,two_pt_shooting_fouls_drawn_pct,three_pt_shooting_fouls_drawn_pct,second_chance_points_pct,penalty_points_pct,avg2pt_shot_distance,avg3pt_shot_distance,penalty_off_poss_pct,is_playoffs,job_variant,window_label,request_scope,second_chance_corner3_fgm,second_chance_corner3_fga,penalty_corner3_fgm,penalty_corner3_fga,off_three_pt_rebounds,lost_ball_out_of_bounds_turnovers,second_chance_turnovers,penalty_turnovers,off_three_pt_rebound_pct,off_long_mid_range_rebound_pct,off_arc3_rebound_pct,second_chance_corner3_frequency,second_chance_corner3_accuracy,second_chance_corner3_pct_assisted,penalty_corner3_frequency,penalty_corner3_accuracy,second_chance_at_rim_fgm,penalty_at_rim_fgm,pts_putbacks,travels,2pt and 1 free throw trips,long_mid_range_pct_blocked,second_chance_at_rim_accuracy,second_chance_at_rim_pct_assisted,penalty_at_rim_accuracy,charge fouls,off_corner3_rebound_pct,technical free throw trips,fg3a_blocked,loose ball fouls,fg3_a_pct_blocked,arc3_pct_blocked,ft_off_rebounds,3_second_violations,off_ft_rebound_pct
wnba,wnba_shot_pace,shot_pace,possessions,get-possessions,2023,Playoffs,team,"{'OffDef': 'Offense', 'FilterComparison': 'Exactly', 'FilterEvent': 'OnFloor', 'FilterValue': 5, 'StartType': 'All', 'Season': '2023', 'SeasonType': 'Playoffs', 'TeamId': '1611661323'}",shot_pace,1611661323,4Q/OT | margin -3..3 | 300..120,get-possessions__possessions__off_def-Offense__filter_comparison-Exactly__filter_event-OnFloor__filter_value-5__start_type-All__season-2023__season_type-Playoffs__team_id-1611661323__3a2ea2e0,get-possessions,https://api.pbpstats.com/get-possessions/wnba?OffDef=Offense&FilterComparison=Exactly&FilterEvent=OnFloor&FilterValue=5&StartType=All&Season=2023&SeasonType=Playoffs&TeamId=1611661323,200,0,201886,DeWanna Bonner,DeWanna Bonner,7963.0,543,486,58,56,486,11.0,20.0,2.0,3.0,5.0,18.0,7.0,19.0,3.0,5.0,16.0,46.0,1.0,4.0,1.0,7.0,23.0,57.0,19.0,51.0,24.0,127.0,1.0,8.0,1.0,4.0,4.0,9.0,1.0,7.0,1.0,7.0,3.0,8.0,34.0,12.0,51.0,6.0,46.0,16.0,5.0,16.0,8,24,4.0,4.0,9.0,4.0,3.0,56,4.0,4.0,4.0,3.0,7.0,2.0,5.0,4.0,2.0,1.0,11,1.0,1.0,23.0,1.0,29.0,1.0,9.0,3.0,2.0,8.0,58,2.0,0.7391304347826086,0.7391304347826086,0.8947368421052632,0.37254901960784315,0.25,0.14285714285714285,0.37254901960784315,0.40350877192982454,0.125,0.14285714285714285,0.47685185185185186,0.20833333333333334,0.17857142857142858,0.5247933884297521,0.32142857142857145,0.25,0.4722222222222222,0.08771929824561403,0.15,0.1111111111111111,24.0,0.6363636363636364,0.028368794326241134,0.017857142857142856,0.02,0.05172413793103448,0.05172413793103448,0.18518518518518517,0.55,0.6470588235294118,0.8181818181818182,0.16666666666666666,0.2777777777777778,0.3125,0.8,0.17592592592592593,0.3684210526315789,0.3684210526315789,0.5714285714285714,0.046296296296296294,0.6,0.6,1.0,0.42592592592592593,0.34782608695652173,0.34782608695652173,0.875,0.16666666666666666,0.3333333333333333,0.25,1.0,0.21428571428571427,0.5,0.14285714285714285,0.6574074074074074,0.34782608695652173,0.4492462962962965,0.46875,0.41717142857142864,0.10084033613445378,0.13636363636363635,0.05660377358490566,0.07086614173228346,0.06299212598425197,9.028070175438597,26.13529411764706,0.11934156378600823,True,possessions,4Q/OT | margin -3..3 | 300..120,team,,,,,,,,,,,,,,,,,,,,,,,,,,,,,,,,,,,
wnba,wnba_shot_pace,shot_pace,possessions,get-possessions,2023,Playoffs,team,"{'OffDef': 'Offense', 'FilterComparison': 'Exactly', 'FilterEvent': 'OnFloor', 'FilterValue': 5, 'StartType': 'All', 'Season': '2023', 'SeasonType': 'Playoffs', 'TeamId': '1611661323'}",shot_pace,1611661323,4Q/OT | margin -3..3 | 300..120,get-possessions__possessions__off_def-Offense__filter_comparison-Exactly__filter_event-OnFloor__filter_value-5__start_type-All__season-2023__season_type-Playoffs__team_id-1611661323__3a2ea2e0,get-possessions,https://api.pbpstats.com/get-possessions/wnba?OffDef=Offense&FilterComparison=Exactly&FilterEvent=OnFloor&FilterValue=5&StartType=All&Season=2023&SeasonType=Playoffs&TeamId=1611661323,200,1,203026,Tiffany Hayes,Tiffany Hayes,5748.0,385,347,25,39,347,14.0,21.0,,,6.0,12.0,4.0,10.0,3.0,5.0,12.0,26.0,2.0,4.0,,1.0,24.0,43.0,15.0,31.0,7.0,100.0,,2.0,3.0,5.0,2.0,11.0,,1.0,1.0,3.0,3.0,6.0,28.0,20.0,45.0,,26.0,12.0,3.0,6.0,5,11,2.0,3.0,4.0,1.0,1.0,27,8.0,9.0,9.0,3.0,5.0,,4.0,2.0,1.0,,7,,,8.0,1.0,8.0,,2.0,,2.0,6.0,25,2.0,0.5833333333333334,0.5833333333333334,1.0,0.4838709677419355,0.6,0.3333333333333333,0.4838709677419355,0.5581395348837209,,,0.6283783783783784,0.6428571428571429,0.375,0.6410256410256411,0.6875,0.5,0.4189189189189189,0.06976744186046512,0.09523809523809523,0.08333333333333333,21.73913043478261,0.7142857142857143,0.07766990291262135,0.05389221556886228,0.05128205128205128,0.13157894736842105,0.0967741935483871,0.28378378378378377,0.6666666666666666,0.7368421052631579,0.5714285714285714,0.16216216216216217,0.5,0.5454545454545454,0.6666666666666666,0.13513513513513514,0.4,0.4,0.5,0.06756756756756757,0.6,0.6,1.0,0.35135135135135137,0.46153846153846156,0.46153846153846156,1.0,,0.5714285714285714,0.5,1.0,,0.25,,0.7027027027027027,0.46153846153846156,0.5029972972972973,0.4190749999999999,0.5124000000000001,0.02631578947368421,0.044444444444444446,,0.11,0.06,6.427906976744185,24.66451612903226,0.07204610951008646,True,possessions,4Q/OT | margin -3..3 | 300..120,team,1.0,1.0,1.0,2.0,1.0,2.0,1.0,1.0,0.015625,0.038461538461538464,0.018867924528301886,0.14285714285714285,1.0,1.0,0.5,0.5,,,,,,,,,,,,,,,,,,,
wnba,wnba_shot_pace,shot_pace,possessions,get-possessions,2023,Playoffs,team,"{'OffDef': 'Offense', 'FilterComparison': 'Exactly', 'FilterEvent': 'OnFloor', 'FilterValue': 5, 'StartType': 'All', 'Season': '2023', 'SeasonType': 'Playoffs', 'TeamId': '1611661323'}",shot_pace,1611661323,4Q/OT | margin -3..3 | 300..120,get-possessions__possessions__off_def-Offense__filter_comparison-Exactly__filter_event-OnFloor__filter_value-5__start_type-All__season-2023__season_type-Playoffs__team_id-1611661323__3a2ea2e0,get-possessions,https://api.pbpstats.com/get-possessions/wnba?OffDef=Offense&FilterComparison=Exactly&FilterEvent=OnFloor&FilterValue=5&StartType=All&Season=2023&SeasonType=Playoffs&TeamId=1611661323,200,2,203826,Alyssa Thomas,Alyssa Thomas,8350.0,558,512,62,59,512,32.0,55.0,11.0,6.0,16.0,42.0,7.0,11.0,,,,,,,,,55.0,108.0,,,17.0,127.0,6.0,11.0,,,1.0,13.0,4.0,11.0,,,2.0,10.0,66.0,44.0,,,,,11.0,41.0,31,72,25.0,6.0,30.0,7.0,4.0,175,13.0,14.0,14.0,2.0,9.0,5.0,4.0,10.0,5.0,,19,1.0,1.0,29.0,2.0,27.0,,15.0,,,10.0,62,,0.6,0.6470588235294118,,,,,,0.5092592592592593,0.5454545454545454,0.36363636363636365,0.5092592592592593,0.5454545454545454,0.36363636363636365,0.5291666666666667,0.5416666666666666,0.4166666666666667,,0.10185185185185185,0.10909090909090909,0.07142857142857142,24.006908462867013,0.47368421052631576,0.08333333333333333,0.05785123966942149,0.125,0.08064516129032258,0.04878048780487805,0.5092592592592593,0.5818181818181818,0.6530612244897959,0.5625,0.3888888888888889,0.38095238095238093,0.41025641025641024,0.5,0.10185185185185185,0.6363636363636364,0.7777777777777778,1.0,,,,,,,,,1.0,,,,0.5454545454545454,,,0.5092592592592593,,0.4925907407407409,0.5937818181818181,0.4800636363636363,0.125,0.125,,0.10236220472440945,0.07874015748031496,6.016666666666668,,0.12109375,True,possessions,4Q/OT | margin -3..3 | 300..120,team,,,,,1.0,2.0,1.0,2.0,0.011627906976744186,0.02631578947368421,0.013888888888888888,,,,,,6.0,3.0,8.0,1.0,3.0,0.18181818181818182,0.5454545454545454,0.16666666666666666,0.5,,,,,,,,,,
wnba,wnba_shot_pace,shot_pace,possessions,get-possessions,2023,Playoffs,team,"{'OffDef': 'Offense', 'FilterComparison': 'Exactly', 'FilterEvent': 'OnFloor', 'FilterValue': 5, 'StartType': 'All', 'Season': '2023', 'SeasonType': 'Playoffs', 'TeamId': '1611661323'}",shot_pace,1611661323,4Q/OT | margin -3..3 | 300..120,get-possessions__possessions__off_def-Offense__filter_comparison-Exactly__filter_event-OnFloor__filter_value-5__start_type-All__season-2023__season_type-Playoffs__team_id-1611661323__3a2ea2e0,get-possessions,https://api.pbpstats.com/get-possessions/wnba?OffDef=Offense&FilterComparison=Exactly&FilterEvent=OnFloor&FilterValue=5&StartType=All&Season=2023&SeasonType=Playoffs&TeamId=1611661323,200,3,204296,Rebecca Allen,Rebecca Allen,5607.0,397,350,48,37,350,6.0,6.0,,1.0,,3.0,6.0,12.0,3.0,9.0,8.0,17.0,2.0,3.0,1.0,2.0,12.0,21.0,11.0,26.0,1.0,58.0,,,2.0,4.0,,6.0,2.0,3.0,1.0,4.0,1.0,8.0,16.0,8.0,30.0,3.0,17.0,8.0,,8.0,2,10,,2.0,3.0,2.0,3.0,22,4.0,9.0,9.0,1.0,3.0,,3.0,3.0,,,6,2.0,1.0,3.0,,1.0,,1.0,,,8.0,48,,0.6666666666666666,0.6666666666666666,0.9090909090909091,0.4230769230769231,0.5,0.25,0.4230769230769231,0.5714285714285714,,0.6666666666666666,0.6063829787234043,0.75,0.5,0.6170212765957447,0.75,0.5714285714285714,0.5531914893617021,,,,13.554987212276215,0.5,0.041666666666666664,0.057692307692307696,,0.025,0.041666666666666664,0.1276595744680851,1.0,1.0,0.8333333333333334,0.06382978723404255,,,,0.2553191489361702,0.5,0.5,0.5,0.19148936170212766,0.3333333333333333,0.3333333333333333,1.0,0.3617021276595745,0.47058823529411764,0.47058823529411764,0.875,,0.75,0.6666666666666666,1.0,0.14285714285714285,0.2857142857142857,0.5,0.6808510638297872,0.47058823529411764,0.49042872340425536,0.63435,0.4784571428571428,0.02127659574468085,0.047619047619047616,,0.10344827586206896,0.13793103448275862,11.704761904761906,24.296153846153842,0.13714285714285715,True,possessions,4Q/OT | margin -3..3 | 300..120,team,,1.0,,2.0,5.0,1.0,1.0,1.0,0.08333333333333333,0.13636363636363635,0.08163265306122448,0.25,,,0.2857142857142857,,,1.0,,,1.0,,,,1.0,1.0,0.09090909090909091,,,,,,,,
wnba,wnba_shot_pace,shot_pace,possessions,get-possessions,2023,Playoffs,team,"{'OffDef': 'Offense', 'FilterComparison': 'Exactly', 'FilterEvent': 'OnFloor', 'FilterValue': 5, 'StartType': 'All', 'Season': '2023', 'SeasonType': 'Playoffs', 'TeamId': '1611661323'}",shot_pace,1611661323,4Q/OT | margin -3..3 | 300..120,get-possessions__possessions__off_def-Offense__filter_comparison-Exactly__filter_event-OnFloor__filter_value-5__start_type-All__season-2023__season_type-Playoffs__team_id-1611661323__3a2ea2e0,get-possessions,https://api.pbpstats.com/get-possessions/wnba?OffDef=Offense&FilterComparison=Exactly&FilterEvent=OnFloor&FilterValue=5&StartType=All&Season=2023&SeasonType=Playoffs&TeamId=1611661323,200,4,1630112,Tyasha Harris,Tyasha Harris,4426.0,298,279,46,34,279,1.0,5.0,2.0,1.0,5.0,11.0,4.0,10.0,3.0,6.0,8.0,16.0,1.0,2.0,2.0,2.0,10.0,26.0,11.0,22.0,4.0,57.0,1.0,2.0,1.0,2.0,,5.0,1.0,3.0,2.0,2.0,,8.0,10.0,10.0,27.0,6.0,16.0,8.0,1.0,10.0,7,17,6.0,1.0,5.0,2.0,3.0,41,1.0,1.0,1.0,1.0,4.0,2.0,4.0,2.0,,,6,,,3.0,,5.0,,2.0,,,8.0,46,,0.5,0.5,0.8181818181818182,0.5,0.5,1.0,0.5,0.38461538461538464,0.5,0.3333333333333333,0.5520833333333334,0.625,0.8,0.56,0.625,0.8,0.4583333333333333,0.038461538461538464,0.2,,17.77777777777778,0.6666666666666666,0.010752688172043012,0.007462686567164179,,0.02564102564102564,0.038461538461538464,0.10416666666666667,0.2,0.25,1.0,0.22916666666666666,0.45454545454545453,0.45454545454545453,0.2,0.20833333333333334,0.4,0.4,0.75,0.125,0.5,0.5,1.0,0.3333333333333333,0.5,0.5,0.75,0.5,0.5,0.5,1.0,0.2,0.4,1.0,0.5625,0.5,0.4695416666666668,0.6320333333333333,0.40785,0.04,0.07142857142857142,,0.08771929824561403,0.14035087719298245,11.199999999999998,24.472727272727273,0.16487455197132617,True,possessions,4Q/OT | margin -3..3 | 300..120,team,,,,,,,,1.0,,,,,,,,,1.0,,,,,,0.5,1.0,,,,1.0,,,,,,,
wnba,wnba_shot_pace,shot_pace,possessions,get-possessions,2023,Playoffs,team,"{'OffDef': 'Offense', 'FilterComparison': 'Exactly', 'FilterEvent': 'OnFloor', 'FilterValue': 5, 'StartType': 'All', 'Season': '2023', 'SeasonType': 'Playoffs', 'TeamId': '1611661323'}",shot_pace,1611661323,4Q/OT | margin -3..3 | 300..120,get-possessions__possessions__off_def-Offense__filter_comparison-Exactly__filter_event-OnFloor__filter_value-5__start_type-All__season-2023__season_type-Playoffs__team_id-1611661323__3a2ea2e0,get-possessions,https://api.pbpstats.com/get-possessions/wnba?OffDef=Offense&FilterComparison=Exactly&FilterEvent=OnFloor&FilterValue=5&StartType=All&Season=2023&SeasonType=Playoffs&TeamId=1611661323,200,5,1630096,DiJonai Carrington,DiJonai Carrington,2426.0,150,155,36,18,155,9.0,16.0,4.0,3.0,3.0,7.0,,1.0,,,1.0,4.0,,1.0,,1.0,12.0,24.0,1.0,4.0,3.0,30.0,2.0,4.0,,1.0,,4.0,2.0,3.0,,1.0,1.0,5.0,12.0,12.0,3.0,,4.0,1.0,3.0,2.0,1,3,1.0,,1.0,1.0,,7,4.0,5.0,5.0,,4.0,1.0,2.0,4.0,2.0,,8,2.0,,4.0,,5.0,,3.0,,,5.0,36,,0.5,0.5,1.0,0.25,,,0.25,0.5,0.5,0.6666666666666666,0.48214285714285715,0.4,0.5,0.5,0.4,0.5,0.14285714285714285,0.125,0.125,0.14285714285714285,21.468926553672315,0.5,0.06666666666666667,0.06329113924050633,0.045454545454545456,0.11538461538461539,,0.5714285714285714,0.5625,0.6428571428571429,0.5555555555555556,0.25,0.42857142857142855,0.5,0.3333333333333333,0.03571428571428571,,,,,,,,0.14285714285714285,0.25,0.3333333333333333,1.0,0.8,0.2,,,0.75,0.25,,0.7142857142857143,0.25,0.5465089285714285,0.5864799999999999,0.5723499999999999,0.1,0.11538461538461539,,0.13333333333333333,0.16666666666666666,4.250000000000001,26.35,0.23225806451612904,True,possessions,4Q/OT | margin -3..3 | 300..120,team,,,,,1.0,1.0,1.0,1.0,0.05263157894736842,,0.06666666666666667,,,,,,2.0,2.0,,,1.0,,0.5,0.5,0.6666666666666666,1.0,,,1.0,1.0,0.25,0.25,,,
wnba,wnba_shot_pace,shot_pace,possessions,get-possessions,2023,Playoffs,team,"{'OffDef': 'Offense', 'FilterComparison': 'Exactly', 'FilterEvent': 'OnFloor', 'FilterValue': 5, 'StartType': 'All', 'Season': '2023', 'SeasonType': 'Playoffs', 'TeamId': '1611661323'}",shot_pace,1611661323,4Q/OT | margin -3..3 | 300..120,get-possessions__possessions__off_def-Offense__filter_comparison-Exactly__filter_event-OnFloor__filter_value-5__start_type-All__season-2023__season_type-Playoffs__team_id-1611661323__3a2ea2e0,get-possessions,https://api.pbpstats.com/get-possessions/wnba?OffDef=Offense&FilterComparison=Exactly&FilterEvent=OnFloor&FilterValue=5&StartType=All&Season=2023&SeasonType=Playoffs&TeamId=1611661323,200,6,1631135,Olivia Nelson-Ododa,Olivia Nelson-Ododa,3251.0,195,197,25,26,197,13.0,17.0,7.0,3.0,1.0,4.0,,,,,,,,,,,14.0,21.0,,,2.0,30.0,5.0,8.0,,,,10.0,4.0,4.0,,,,8.0,20.0,8.0,,,,,2.0,2.0,2,4,2.0,,,,2.0,10,5.0,10.0,10.0,,,1.0,,3.0,,,3,1.0,1.0,3.0,1.0,2.0,,1.0,,,8.0,25,,0.7142857142857143,1.0,,,,,,0.6666666666666666,0.625,1.0,0.6666666666666666,0.625,1.0,0.6818181818181818,0.625,1.0,,0.09523809523809523,0.058823529411764705,0.25,11.210762331838565,,0.078125,0.09375,0.05263157894736842,0.16,,0.8095238095238095,0.7647058823529411,0.8125,0.6923076923076923,0.19047619047619047,0.25,0.3333333333333333,1.0,,,,,,,,,,,,,0.875,,,,0.75,,,0.8095238095238095,,0.566852380952381,0.6368833333333334,0.6435,0.045454545454545456,0.045454545454545456,,0.3333333333333333,0.26666666666666666,3.052380952380952,,0.12690355329949238,True,possessions,4Q/OT | margin -3..3 | 300..120,team,,,,,4.0,,1.0,,0.125,,0.14285714285714285,,,,,,5.0,3.0,8.0,,,,0.7142857142857143,0.2,1.0,,,,,,,,1.0,1.0,0.5
wnba,wnba_shot_pace,shot_pace,possessions,get-possessions,2023,Playoffs,team,"{'OffDef': 'Offense', 'FilterComparison': 'Exactly', 'FilterEvent': 'OnFloor', 'FilterValue': 5, 'StartType': 'All', 'Season': '2023', 'SeasonType': 'Playoffs', 'TeamId': '1611661323'}",shot_pace,1611661323,4Q/OT | margin -3..3 | 300..120,get-possessions__possessions__off_def-Offense__filter_comparison-Exactly__filter_event-OnFloor__filter_value-5__start_type-All__season-2023__season_type-Playoffs__team_id-1611661323__3a2ea2e0,get-possessions,https://api.pbpstats.com/get-possessions/wnba?OffDef=Offense&FilterComparison=Exactly&FilterEvent=OnFloor&FilterValue=5&StartType=All&Season=2023&SeasonType=Playoffs&TeamId=1611661323,200,7,1629567,Natisha Hiedeman,Natisha Hiedeman,4977.0,336,298,26,34,298,4.0,9.0,,,3.0,8.0,,6.0,4.0,5.0,2.0,14.0,,2.0,,1.0,7.0,23.0,6.0,19.0,6.0,38.0,,,1.0,3.0,,3.0,1.0,5.0,,1.0,1.0,3.0,10.0,4.0,18.0,,14.0,2.0,5.0,13.0,3,16,3.0,,5.0,5.0,3.0,35,,1.0,1.0,,2.0,,1.0,1.0,1.0,,3,1.0,1.0,4.0,,8.0,,4.0,,,3.0,26,,0.7142857142857143,0.7142857142857143,1.0,0.3157894736842105,0.3333333333333333,,0.3157894736842105,0.30434782608695654,,0.2,0.38095238095238093,0.5,0.16666666666666666,0.41304347826086957,0.5,0.21428571428571427,0.4523809523809524,0.21739130434782608,0.4444444444444444,0.125,14.540059347181009,0.6666666666666666,,0.007462686567164179,,,,0.21428571428571427,0.4444444444444444,0.8,0.5,0.19047619047619047,0.375,0.42857142857142855,1.0,0.14285714285714285,,,,0.11904761904761904,0.8,0.8,1.0,0.3333333333333333,0.14285714285714285,0.14285714285714285,1.0,,0.6666666666666666,,,,0.16666666666666666,,0.6666666666666666,0.14285714285714285,0.5054904761904759,0.6327,0.37189999999999995,0.08695652173913043,0.14814814814814814,,0.07894736842105263,0.07894736842105263,7.769565217391302,24.52631578947368,0.087248322147651,True,possessions,4Q/OT | margin -3..3 | 300..120,team,1.0,1.0,,,1.0,,,,0.018518518518518517,,0.020833333333333332,0.3333333333333333,1.0,1.0,,,,,,,,,,,,,,,,,,,,,
wnba,wnba_shot_pace,shot_pace,possessions,get-possessions,2023,Playoffs,team,"{'OffDef': 'Offense', 'FilterComparison': 'Exactly', 'FilterEvent': 'OnFloor', 'FilterValue': 5, 'StartType': 'All', 'Season': '2023', 'SeasonType': 'Playoffs', 'TeamId': '1611661323'}",shot_pace,1611661323,4Q/OT | margin -3..3 | 300..120,get-possessions__possessions__off_def-Offense__filter_comparison-Exactly__filter_event-OnFloor__filter_value-5__start_type-All__season-2023__season_type-Playoffs__team_id-1611661323__3a2ea2e0,get-possessions,https://api.pbpstats.com/get-possessions/wnba?OffDef=Offense&FilterComparison=Exactly&FilterEvent=OnFloor&FilterValue=5&StartType=All&Season=2023&SeasonType=Playoffs&TeamId=1611661323,200,8,1641665,Leigha Brown,Leigha Brown,167.0,13,11,4,2,11,,,,,,,,,,,,,,,,,,,,,,,,,,,,,,,,,,,,,,,,,,,1,1,1.0,,,,,3,,,,,1.0,,,,1.0,,1,,,,,,,,,,,4,,,,,,,,,,,,,,,,,,,,,,8.333333333333334,1.0,,,,,,,,,,,,,,,,,,,,,,,,,,,,,,,,,,,,,,,,,,,,,0.36363636363636365,True,possessions,4Q/OT | margin -3..3 | 300..120,team,,,,,,,,,,,,,,,,,,,,,,,,,,,,,,,,,,,
