league,job_id,job_family,variant,endpoint,season,season_type,scope,request_params,source,team_id,clutch_window,request_id,request_table,request_url,request_status,request_row_index,entity_id,name,short_name,seconds_played,plus_minus,off_poss,penalty_off_poss,second_chance_off_poss,total_poss,at_rim_fgm,at_rim_fga,second_chance_at_rim_fgm,second_chance_at_rim_fga,penalty_at_rim_fgm,penalty_at_rim_fga,short_mid_range_fgm,short_mid_range_fga,long_mid_range_fgm,long_mid_range_fga,corner3_fgm,corner3_fga,second_chance_corner3_fgm,second_chance_corner3_fga,penalty_corner3_fgm,penalty_corner3_fga,arc3_fgm,arc3_fga,second_chance_arc3_fgm,second_chance_arc3_fga,penalty_arc3_fgm,penalty_arc3_fga,fg2m,fg2a,fg3m,fg3a,ft_points,points,opponent_points,second_chance_fg2_m,second_chance_fg2_a,second_chance_fg3_m,second_chance_fg3_a,second_chance_ft_points,second_chance_points,penalty_fg2_m,penalty_fg2_a,penalty_fg3_m,penalty_fg3_a,penalty_ft_points,penalty_points,pts_assisted2s,pts_unassisted2s,pts_assisted3s,pts_unassisted3s,non_heave_arc3_fga,non_heave_arc3_fgm,fg2a_blocked,fg3a_blocked,two_pt_assists,three_pt_assists,assists,arc3_assists,corner3_assists,at_rim_assists,short_mid_range_assists,long_mid_range_assists,assist_points,off_three_pt_rebounds,off_two_pt_rebounds,off_rebounds,rebounds,self_o_reb,live_ball_turnovers,bad_pass_out_of_bounds_turnovers,bad_pass_turnovers,dead_ball_turnovers,lost_ball_turnovers,step_out_of_bounds_turnovers,travels,turnovers,second_chance_turnovers,penalty_turnovers,fouls,offensive fouls,fouls_drawn,loose ball fouls drawn,fta,technical free throw trips,two_pt_shooting_fouls_drawn,three_pt_shooting_fouls_drawn,non_shooting_fouls_drawn,penalty_points_excluding_take_fouls,penalty_off_poss_excluding_take_fouls,non_shooting_penalty_non_take_fouls_drawn,assisted2s_pct,non_putbacks_assisted2s_pct,assisted3s_pct,fg3_pct,second_chance_fg3_pct,penalty_fg3_pct,non_heave_fg3_pct,fg2_pct,second_chance_fg2_pct,penalty_fg2_pct,efg_pct,second_chance_efg_pct,penalty_efg_pct,ts_pct,second_chance_ts_pct,penalty_ts_pct,fg3_a_pct,fg3_a_pct_blocked,fg2_a_pct_blocked,at_rim_pct_blocked,short_mid_range_pct_blocked,long_mid_range_pct_blocked,corner3_pct_blocked,arc3_pct_blocked,usage,live_ball_turnover_pct,off_two_pt_rebound_pct,off_three_pt_rebound_pct,off_fg_rebound_pct,off_at_rim_rebound_pct,off_short_mid_range_rebound_pct,off_long_mid_range_rebound_pct,off_arc3_rebound_pct,off_corner3_rebound_pct,self_o_reb_pct,at_rim_frequency,at_rim_accuracy,unblocked_at_rim_accuracy,at_rim_pct_assisted,short_mid_range_frequency,short_mid_range_accuracy,unblocked_short_mid_range_accuracy,short_mid_range_pct_assisted,long_mid_range_frequency,long_mid_range_accuracy,unblocked_long_mid_range_accuracy,long_mid_range_pct_assisted,corner3_frequency,corner3_accuracy,unblocked_corner3_accuracy,corner3_pct_assisted,arc3_frequency,arc3_accuracy,unblocked_arc3_accuracy,arc3_pct_assisted,second_chance_at_rim_frequency,second_chance_at_rim_accuracy,second_chance_at_rim_pct_assisted,second_chance_corner3_frequency,second_chance_corner3_accuracy,second_chance_corner3_pct_assisted,second_chance_arc3_frequency,second_chance_arc3_accuracy,second_chance_arc3_pct_assisted,penalty_at_rim_frequency,penalty_at_rim_accuracy,penalty_corner3_frequency,penalty_corner3_accuracy,penalty_arc3_frequency,penalty_arc3_accuracy,at_rim_fg3_a_frequency,non_heave_arc3_accuracy,shot_quality_avg,second_chance_shot_quality_avg,penalty_shot_quality_avg,shooting_fouls_drawn_pct,two_pt_shooting_fouls_drawn_pct,three_pt_shooting_fouls_drawn_pct,second_chance_points_pct,penalty_points_pct,avg2pt_shot_distance,avg3pt_shot_distance,penalty_off_poss_pct,is_playoffs,job_variant,window_label,request_scope,ft_off_rebounds,lost_ball_out_of_bounds_turnovers,charge fouls,transition take fouls drawn,2pt and 1 free throw trips,off_ft_rebound_pct,pts_putbacks,3_second_violations,heave_attempts
wnba,wnba_shot_pace,shot_pace,possessions,get-possessions,2025,Regular Season,team,"{'OffDef': 'Offense', 'FilterComparison': 'Exactly', 'FilterEvent': 'OnFloor', 'FilterValue': 5, 'StartType': 'All', 'Season': '2025', 'SeasonType': 'Regular Season', 'TeamId': '1611661329'}",shot_pace,1611661329,4Q/OT | margin -3..3 | 300..120,get-possessions__possessions__off_def-Offense__filter_comparison-Exactly__filter_event-OnFloor__filter_value-5__start_type-All__season-2025__season_type-Regular_Season__team_id-1611661329__989cdba6,get-possessions,https://api.pbpstats.com/get-possessions/wnba?OffDef=Offense&FilterComparison=Exactly&FilterEvent=OnFloor&FilterValue=5&StartType=All&Season=2025&SeasonType=Regular+Season&TeamId=1611661329,200,0,1627671,Rachel Banham,Rachel Banham,33182.0,2007,2076,357,288,2076,9.0,19.0,1.0,3.0,3.0,7.0,17.0,36,17,42,11.0,29.0,2.0,6.0,1.0,6.0,75.0,210.0,8.0,20.0,15.0,37.0,43,97,86.0,239.0,50.0,394,2.0,3.0,8.0,10.0,26.0,3.0,39.0,14.0,26,16.0,43.0,21.0,97.0,44.0,42.0,198.0,60.0,210.0,75.0,4.0,6.0,89.0,30.0,119.0,22.0,8.0,56.0,25.0,8.0,268.0,3.0,3.0,6.0,6.0,4.0,56.0,9.0,44.0,15,12.0,1.0,2.0,71,6.0,15.0,3.0,3.0,36.0,1.0,56.0,10.0,15.0,1.0,7.0,97.0,356,6.0,0.5116279069767442,0.5116279069767442,0.7674418604651163,0.3598326359832636,0.38461538461538464,0.37209302325581395,0.3598326359832636,0.44329896907216493,0.375,0.5384615384615384,0.5119047619047619,0.5294117647058824,0.5507246376811594,0.5348189415041783,0.5428571428571428,0.5949367088607594,0.7113095238095238,0.02510460251046025,0.041237113402061855,0.05263157894736842,0.05555555555555555,0.023809523809523808,0.034482758620689655,0.023809523809523808,17.77869871529217,0.7887323943661971,0.004672897196261682,0.008333333333333333,0.005988023952095809,0.003952569169960474,0.0036101083032490976,0.008928571428571428,0.006779661016949152,0.015384615384615385,0.020942408376963352,0.05654761904761905,0.47368421052631576,0.5,0.6666666666666666,0.10714285714285714,0.4722222222222222,0.5,0.4117647058823529,0.125,0.40476190476190477,0.4146341463414634,0.5294117647058824,0.08630952380952381,0.3793103448275862,0.39285714285714285,0.8181818181818182,0.625,0.35714285714285715,0.36585365853658536,0.76,0.08823529411764706,0.3333333333333333,1.0,0.17647058823529413,0.3333333333333333,1.0,0.5882352941176471,0.4,0.875,0.10144927536231885,0.42857142857142855,0.08695652173913043,0.16666666666666666,0.5362318840579711,0.40540540540540543,0.7678571428571429,0.35714285714285715,0.48018978658536554,0.5252851851851852,0.44563059701492547,0.045454545454545456,0.13392857142857142,0.004166666666666667,0.09898477157360407,0.24619289340101522,11.52783505154639,25.12100840336134,0.17196531791907516,False,possessions,4Q/OT | margin -3..3 | 300..120,team,,,,,,,,,
wnba,wnba_shot_pace,shot_pace,possessions,get-possessions,2025,Regular Season,team,"{'OffDef': 'Offense', 'FilterComparison': 'Exactly', 'FilterEvent': 'OnFloor', 'FilterValue': 5, 'StartType': 'All', 'Season': '2025', 'SeasonType': 'Regular Season', 'TeamId': '1611661329'}",shot_pace,1611661329,4Q/OT | margin -3..3 | 300..120,get-possessions__possessions__off_def-Offense__filter_comparison-Exactly__filter_event-OnFloor__filter_value-5__start_type-All__season-2025__season_type-Regular_Season__team_id-1611661329__989cdba6,get-possessions,https://api.pbpstats.com/get-possessions/wnba?OffDef=Offense&FilterComparison=Exactly&FilterEvent=OnFloor&FilterValue=5&StartType=All&Season=2025&SeasonType=Regular+Season&TeamId=1611661329,200,1,1628915,Kia Nurse,Kia Nurse,29496.0,1814,1879,469,267,1879,20.0,40.0,1.0,1.0,3.0,8.0,13.0,36,9,33,12.0,38.0,,5.0,3.0,10.0,49.0,144.0,5.0,23.0,17.0,34.0,42,109,61.0,182.0,49.0,316,1.0,4.0,10.0,5.0,28.0,3.0,26.0,6.0,17,20.0,44.0,24.0,96.0,72.0,12.0,174.0,9.0,144.0,49.0,15.0,2.0,32.0,23.0,55.0,18.0,5.0,13.0,13.0,6.0,133.0,6.0,11.0,18.0,18.0,2.0,33.0,4.0,25.0,22,8.0,2.0,2.0,55,7.0,19.0,8.0,6.0,63.0,3.0,62.0,,21.0,,11.0,96.0,468,10.0,0.8571428571428571,0.8571428571428571,0.9508196721311475,0.33516483516483514,0.17857142857142858,0.45454545454545453,0.33516483516483514,0.3853211009174312,0.4,0.35294117647058826,0.4587628865979381,0.3026315789473684,0.5901639344262295,0.4906832298136646,0.325,0.6233766233766234,0.6254295532646048,0.01098901098901099,0.13761467889908258,0.25,0.1388888888888889,,,0.013888888888888888,17.09090909090909,0.6,0.019572953736654804,0.018072289156626505,0.01901565995525727,0.02252252252252252,0.01680672268907563,0.0196078431372549,0.02197802197802198,,0.011834319526627219,0.13745704467353953,0.5,0.6666666666666666,0.95,0.12371134020618557,0.3611111111111111,0.41935483870967744,0.8461538461538461,0.1134020618556701,0.2727272727272727,0.2727272727272727,0.6666666666666666,0.13058419243986255,0.3157894736842105,0.3157894736842105,1.0,0.4948453608247423,0.3402777777777778,0.34507042253521125,0.9387755102040817,0.02631578947368421,1.0,1.0,0.13157894736842105,,,0.6052631578947368,0.21739130434782608,0.8,0.13114754098360656,0.375,0.16393442622950818,0.3,0.5573770491803278,0.5,0.7628865979381443,0.3402777777777778,0.5037595070422535,0.47708275862068966,0.4942016666666666,0.06752411575562701,0.16279069767441862,,0.08227848101265822,0.3037974683544304,8.71009174311927,24.656353591160226,0.24960085151676423,False,possessions,4Q/OT | margin -3..3 | 300..120,team,1.0,4.0,2.0,1.0,1.0,0.020833333333333332,,,
wnba,wnba_shot_pace,shot_pace,possessions,get-possessions,2025,Regular Season,team,"{'OffDef': 'Offense', 'FilterComparison': 'Exactly', 'FilterEvent': 'OnFloor', 'FilterValue': 5, 'StartType': 'All', 'Season': '2025', 'SeasonType': 'Regular Season', 'TeamId': '1611661329'}",shot_pace,1611661329,4Q/OT | margin -3..3 | 300..120,get-possessions__possessions__off_def-Offense__filter_comparison-Exactly__filter_event-OnFloor__filter_value-5__start_type-All__season-2025__season_type-Regular_Season__team_id-1611661329__989cdba6,get-possessions,https://api.pbpstats.com/get-possessions/wnba?OffDef=Offense&FilterComparison=Exactly&FilterEvent=OnFloor&FilterValue=5&StartType=All&Season=2025&SeasonType=Regular+Season&TeamId=1611661329,200,2,1630446,Michaela Onyenwere,Michaela Onyenwere,22161.0,1362,1388,289,197,1388,40.0,68.0,3.0,5.0,3.0,9.0,22.0,65,3,10,9.0,25.0,1.0,4.0,,3.0,15.0,43.0,3.0,8.0,2.0,6.0,65,143,24.0,68.0,43.0,245,1.0,6.0,14.0,4.0,12.0,3.0,27.0,8.0,22,2.0,9.0,15.0,37.0,80.0,50.0,72.0,,43.0,15.0,21.0,1.0,28.0,20.0,48.0,19.0,1.0,16.0,9.0,3.0,116.0,4.0,7.0,17.0,17.0,2.0,26.0,10.0,11.0,30,15.0,1.0,4.0,56,5.0,10.0,11.0,9.0,35.0,2.0,51.0,,23.0,,5.0,37.0,287,5.0,0.6153846153846154,0.6451612903225806,1.0,0.35294117647058826,0.3333333333333333,0.2222222222222222,0.35294117647058826,0.45454545454545453,0.42857142857142855,0.36363636363636365,0.4786729857819905,0.46153846153846156,0.3548387096774194,0.5235042735042735,0.48214285714285715,0.47435897435897434,0.3222748815165877,0.014705882352941176,0.14685314685314685,0.11764705882352941,0.18461538461538463,0.1,0.04,,17.91229153798641,0.4642857142857143,0.015909090909090907,0.017937219730941704,0.016591251885369532,0.005917159763313609,0.01485148514851485,0.043478260869565216,0.016216216216216217,0.02631578947368421,0.02040816326530612,0.3222748815165877,0.5882352941176471,0.6666666666666666,0.6,0.3080568720379147,0.3384615384615385,0.41509433962264153,0.6818181818181818,0.04739336492890995,0.3,0.3333333333333333,0.3333333333333333,0.11848341232227488,0.36,0.375,1.0,0.2037914691943128,0.3488372093023256,0.3488372093023256,1.0,0.19230769230769232,0.6,0.3333333333333333,0.15384615384615385,0.25,1.0,0.3076923076923077,0.375,1.0,0.2903225806451613,0.3333333333333333,0.0967741935483871,,0.1935483870967742,0.3333333333333333,0.6445497630331753,0.3488372093023256,0.5125225961538461,0.5204652173913044,0.5021516129032259,0.10043668122270742,0.14285714285714285,,0.11020408163265306,0.1510204081632653,5.416783216783215,24.124999999999996,0.20821325648414984,False,possessions,4Q/OT | margin -3..3 | 300..120,team,6.0,2.0,2.0,,5.0,0.1276595744680851,6.0,,
wnba,wnba_shot_pace,shot_pace,possessions,get-possessions,2025,Regular Season,team,"{'OffDef': 'Offense', 'FilterComparison': 'Exactly', 'FilterEvent': 'OnFloor', 'FilterValue': 5, 'StartType': 'All', 'Season': '2025', 'SeasonType': 'Regular Season', 'TeamId': '1611661329'}",shot_pace,1611661329,4Q/OT | margin -3..3 | 300..120,get-possessions__possessions__off_def-Offense__filter_comparison-Exactly__filter_event-OnFloor__filter_value-5__start_type-All__season-2025__season_type-Regular_Season__team_id-1611661329__989cdba6,get-possessions,https://api.pbpstats.com/get-possessions/wnba?OffDef=Offense&FilterComparison=Exactly&FilterEvent=OnFloor&FilterValue=5&StartType=All&Season=2025&SeasonType=Regular+Season&TeamId=1611661329,200,3,1642289,Kamilla Cardoso,Kamilla Cardoso,33866.0,2042,2111,362,322,2111,162.0,278.0,51.0,83.0,23.0,38.0,52.0,125,5,13,1.0,1.0,,,,,,1.0,,1.0,,,219,416,1.0,2.0,94.0,535,,59.0,102.0,,1.0,23.0,141.0,35.0,67,,,15.0,85.0,318.0,120.0,3.0,,1.0,,41.0,,77.0,21.0,98.0,17.0,4.0,47.0,19.0,11.0,217.0,30.0,83.0,117.0,117.0,32.0,43.0,17.0,33.0,54,10.0,,10.0,97,6.0,11.0,17.0,15.0,114.0,7.0,131.0,,70.0,,3.0,85.0,360,3.0,0.726027397260274,0.9085714285714286,1.0,0.5,,,0.5,0.5264423076923077,0.5784313725490197,0.5223880597014925,0.527511961722488,0.5728155339805825,0.5223880597014925,0.560796645702306,0.5826446280991735,0.551948051948052,0.004784688995215311,,0.0985576923076923,0.10431654676258993,0.096,,,,22.923322683706072,0.44329896907216493,0.1199421965317919,0.08595988538681948,0.10854947166186359,0.1288135593220339,0.13120567375886524,0.06956521739130435,0.07420494699646643,0.13636363636363635,0.20382165605095542,0.6650717703349283,0.5827338129496403,0.6506024096385542,0.7037037037037037,0.29904306220095694,0.416,0.46017699115044247,0.7692307692307693,0.03110047846889952,0.38461538461538464,0.38461538461538464,1.0,0.0023923444976076554,1.0,1.0,1.0,0.0023923444976076554,,,,0.8058252427184466,0.6144578313253012,0.21568627450980393,,,,0.009708737864077669,,,0.5671641791044776,0.6052631578947368,,,,,0.6698564593301436,,0.5536176108374387,0.5768156626506025,0.5220532258064516,0.14767932489451477,0.1483050847457627,,0.2635514018691589,0.1588785046728972,3.504326923076924,23.799999999999997,0.17148270961629558,False,possessions,4Q/OT | margin -3..3 | 300..120,team,4.0,7.0,2.0,,14.0,0.06896551724137931,88.0,2.0,
wnba,wnba_shot_pace,shot_pace,possessions,get-possessions,2025,Regular Season,team,"{'OffDef': 'Offense', 'FilterComparison': 'Exactly', 'FilterEvent': 'OnFloor', 'FilterValue': 5, 'StartType': 'All', 'Season': '2025', 'SeasonType': 'Regular Season', 'TeamId': '1611661329'}",shot_pace,1611661329,4Q/OT | margin -3..3 | 300..120,get-possessions__possessions__off_def-Offense__filter_comparison-Exactly__filter_event-OnFloor__filter_value-5__start_type-All__season-2025__season_type-Regular_Season__team_id-1611661329__989cdba6,get-possessions,https://api.pbpstats.com/get-possessions/wnba?OffDef=Offense&FilterComparison=Exactly&FilterEvent=OnFloor&FilterValue=5&StartType=All&Season=2025&SeasonType=Regular+Season&TeamId=1611661329,200,4,1642818,Maddy Westbeld,Maddy Westbeld,10946.0,622,659,168,81,659,3.0,14.0,,1.0,1.0,2.0,15.0,36,3,12,3.0,8.0,1.0,1.0,1.0,1.0,14.0,35.0,1.0,3.0,4.0,8.0,21,62,17.0,43.0,14.0,107,,3.0,10.0,2.0,4.0,2.0,14.0,7.0,19,5.0,9.0,7.0,36.0,28.0,14.0,42.0,9.0,35.0,14.0,5.0,,13.0,10.0,23.0,10.0,,10.0,3.0,,56.0,8.0,12.0,21.0,21.0,,8.0,3.0,4.0,7,4.0,,1.0,15,3.0,4.0,3.0,3.0,13.0,,16.0,,7.0,,1.0,36.0,168,1.0,0.6666666666666666,0.7,0.8235294117647058,0.3953488372093023,0.5,0.5555555555555556,0.3953488372093023,0.3387096774193548,0.3,0.3684210526315789,0.44285714285714284,0.42857142857142855,0.5178571428571429,0.47345132743362833,0.4666666666666667,0.5625,0.4095238095238095,,0.08064516129032258,0.21428571428571427,0.05555555555555555,,,,17.066666666666666,0.5333333333333333,0.06217616580310881,0.061068702290076333,0.06172839506172839,0.013888888888888888,0.0821917808219178,0.10416666666666667,0.06862745098039216,0.034482758620689655,,0.13333333333333333,0.21428571428571427,0.2727272727272727,1.0,0.34285714285714286,0.4166666666666667,0.4411764705882353,0.6,0.11428571428571428,0.25,0.25,0.6666666666666666,0.0761904761904762,0.375,0.375,0.6666666666666666,0.3333333333333333,0.4,0.4,0.8571428571428571,0.07142857142857142,,,0.07142857142857142,1.0,,0.21428571428571427,0.3333333333333333,,0.07142857142857142,0.5,0.03571428571428571,1.0,0.2857142857142857,0.5,0.5428571428571428,0.4,0.46598761904761893,0.4640125,0.41269821428571424,0.0625,0.10144927536231885,,0.1308411214953271,0.3364485981308411,9.145161290322578,24.59767441860465,0.2549317147192716,False,possessions,4Q/OT | margin -3..3 | 300..120,team,1.0,,,,,0.09090909090909091,2.0,,
wnba,wnba_shot_pace,shot_pace,possessions,get-possessions,2025,Regular Season,team,"{'OffDef': 'Offense', 'FilterComparison': 'Exactly', 'FilterEvent': 'OnFloor', 'FilterValue': 5, 'StartType': 'All', 'Season': '2025', 'SeasonType': 'Regular Season', 'TeamId': '1611661329'}",shot_pace,1611661329,4Q/OT | margin -3..3 | 300..120,get-possessions__possessions__off_def-Offense__filter_comparison-Exactly__filter_event-OnFloor__filter_value-5__start_type-All__season-2025__season_type-Regular_Season__team_id-1611661329__989cdba6,get-possessions,https://api.pbpstats.com/get-possessions/wnba?OffDef=Offense&FilterComparison=Exactly&FilterEvent=OnFloor&FilterValue=5&StartType=All&Season=2025&SeasonType=Regular+Season&TeamId=1611661329,200,5,1642244,Sevgi Uzun,Sevgi Uzun,10512.0,639,620,164,93,620,9.0,13.0,1.0,1.0,2.0,2.0,10.0,33,5,13,1.0,6.0,,1.0,,1.0,3.0,16.0,1.0,4.0,,3.0,24,59,4.0,22.0,7.0,67,,3.0,4.0,1.0,5.0,,9.0,3.0,12,,4.0,3.0,9.0,18.0,30.0,12.0,,16.0,3.0,6.0,,37.0,12.0,49.0,10.0,2.0,24.0,10.0,3.0,110.0,,1.0,1.0,1.0,,27.0,2.0,19.0,6,8.0,1.0,1.0,33,1.0,9.0,,,17.0,1.0,10.0,,3.0,,2.0,9.0,164,2.0,0.375,0.375,1.0,0.18181818181818182,0.2,,0.18181818181818182,0.4067796610169492,0.75,0.25,0.37037037037037035,0.5,0.1875,0.38953488372093026,0.5,0.25,0.2716049382716049,,0.1016949152542373,0.15384615384615385,0.09090909090909091,0.07692307692307693,,,16.19047619047619,0.8181818181818182,0.00546448087431694,,0.0034482758620689655,,,0.034482758620689655,,,,0.16049382716049382,0.6923076923076923,0.8181818181818182,0.3333333333333333,0.4074074074074074,0.30303030303030304,0.3333333333333333,0.4,0.16049382716049382,0.38461538461538464,0.4166666666666667,0.4,0.07407407407407407,0.16666666666666666,0.16666666666666666,1.0,0.19753086419753085,0.1875,0.1875,1.0,0.1111111111111111,1.0,,0.1111111111111111,,,0.4444444444444444,0.25,1.0,0.125,1.0,0.0625,,0.1875,,0.43209876543209874,0.1875,0.4450499999999998,0.48591249999999997,0.39877812499999993,0.03571428571428571,0.04838709677419355,,0.13432835820895522,0.13432835820895522,8.915254237288137,24.777272727272727,0.2645161290322581,False,possessions,4Q/OT | margin -3..3 | 300..120,team,,1.0,,,,,,,
wnba,wnba_shot_pace,shot_pace,possessions,get-possessions,2025,Regular Season,team,"{'OffDef': 'Offense', 'FilterComparison': 'Exactly', 'FilterEvent': 'OnFloor', 'FilterValue': 5, 'StartType': 'All', 'Season': '2025', 'SeasonType': 'Regular Season', 'TeamId': '1611661329'}",shot_pace,1611661329,4Q/OT | margin -3..3 | 300..120,get-possessions__possessions__off_def-Offense__filter_comparison-Exactly__filter_event-OnFloor__filter_value-5__start_type-All__season-2025__season_type-Regular_Season__team_id-1611661329__989cdba6,get-possessions,https://api.pbpstats.com/get-possessions/wnba?OffDef=Offense&FilterComparison=Exactly&FilterEvent=OnFloor&FilterValue=5&StartType=All&Season=2025&SeasonType=Regular+Season&TeamId=1611661329,200,6,204296,Rebecca Allen,Rebecca Allen,25257.0,1538,1597,355,220,1597,19.0,34.0,3.0,4.0,3.0,5.0,8.0,33,13,41,10.0,26.0,3.0,6.0,2.0,4.0,32.0,106.0,1.0,11.0,4.0,15.0,40,108,42.0,132.0,19.0,225,,6.0,12.0,4.0,17.0,3.0,27.0,9.0,20,6.0,19.0,11.0,47.0,56.0,24.0,117.0,9.0,106.0,32.0,5.0,1.0,41.0,16.0,57.0,11.0,5.0,24.0,13.0,4.0,130.0,7.0,9.0,16.0,16.0,6.0,28.0,2.0,21.0,11,7.0,2.0,3.0,39,4.0,13.0,,,28.0,3.0,31.0,,7.0,4.0,3.0,47.0,354,3.0,0.7,0.7,0.9285714285714286,0.3181818181818182,0.23529411764705882,0.3157894736842105,0.3181818181818182,0.37037037037037035,0.5,0.45,0.42916666666666664,0.41379310344827586,0.46153846153846156,0.44466403162055335,0.43548387096774194,0.5108695652173914,0.55,0.007575757575757576,0.046296296296296294,0.11764705882352941,0.030303030303030304,,,0.009433962264150943,15.74973031283711,0.717948717948718,0.018367346938775512,0.026217228464419477,0.021136063408190225,,0.015,0.05660377358490566,0.026905829596412557,0.022727272727272728,0.04081632653061224,0.14166666666666666,0.5588235294117647,0.6333333333333333,0.5789473684210527,0.1375,0.24242424242424243,0.25,0.75,0.17083333333333334,0.3170731707317073,0.3170731707317073,0.8461538461538461,0.10833333333333334,0.38461538461538464,0.38461538461538464,1.0,0.44166666666666665,0.3018867924528302,0.3047619047619048,0.90625,0.13793103448275862,0.75,0.6666666666666666,0.20689655172413793,0.5,1.0,0.3793103448275862,0.09090909090909091,1.0,0.1282051282051282,0.6,0.10256410256410256,0.5,0.38461538461538464,0.26666666666666666,0.6916666666666667,0.3018867924528302,0.4930378151260503,0.4765636363636363,0.457586842105263,0.044,0.06140350877192982,0.029411764705882353,0.12,0.2088888888888889,10.530555555555553,24.547727272727283,0.22229179711959926,False,possessions,4Q/OT | margin -3..3 | 300..120,team,,3.0,,,1.0,,,,
wnba,wnba_shot_pace,shot_pace,possessions,get-possessions,2025,Regular Season,team,"{'OffDef': 'Offense', 'FilterComparison': 'Exactly', 'FilterEvent': 'OnFloor', 'FilterValue': 5, 'StartType': 'All', 'Season': '2025', 'SeasonType': 'Regular Season', 'TeamId': '1611661329'}",shot_pace,1611661329,4Q/OT | margin -3..3 | 300..120,get-possessions__possessions__off_def-Offense__filter_comparison-Exactly__filter_event-OnFloor__filter_value-5__start_type-All__season-2025__season_type-Regular_Season__team_id-1611661329__989cdba6,get-possessions,https://api.pbpstats.com/get-possessions/wnba?OffDef=Offense&FilterComparison=Exactly&FilterEvent=OnFloor&FilterValue=5&StartType=All&Season=2025&SeasonType=Regular+Season&TeamId=1611661329,200,7,204322,Elizabeth Williams,Elizabeth Williams,27579.0,1693,1728,421,245,1728,98.0,161.0,18.0,34.0,22.0,32.0,50.0,143,9,21,,,,,,,,,,,,,157,325,,,49.0,363,1.0,28.0,60.0,,,12.0,68.0,34.0,66,,,16.0,84.0,240.0,74.0,,,,,39.0,,44.0,34.0,78.0,32.0,2.0,25.0,12.0,7.0,190.0,19.0,56.0,79.0,79.0,10.0,34.0,7.0,23.0,22,11.0,,5.0,56,10.0,9.0,7.0,5.0,75.0,9.0,79.0,,37.0,,6.0,84.0,421,6.0,0.7643312101910829,0.8275862068965517,,,,,,0.48307692307692307,0.4666666666666667,0.5151515151515151,0.48307692307692307,0.4666666666666667,0.5151515151515151,0.5013812154696132,0.5,0.525,,,0.12,0.13043478260869565,0.11188811188811189,0.09523809523809523,,,20.76502732240437,0.6071428571428571,0.1038961038961039,0.07063197026022305,0.09282178217821782,0.1276595744680851,0.0992063492063492,0.0707070707070707,0.05726872246696035,0.14285714285714285,0.078125,0.49538461538461537,0.6086956521739131,0.7,0.7551020408163265,0.44,0.34965034965034963,0.3937007874015748,0.74,0.06461538461538462,0.42857142857142855,0.47368421052631576,1.0,,,,,,,,,0.5666666666666667,0.5294117647058824,0.2222222222222222,,,,,,,0.48484848484848486,0.6875,,,,,0.49538461538461537,,0.49989037267080744,0.5329127272727273,0.48245606060606067,0.10393258426966293,0.10393258426966293,,0.18732782369146006,0.23140495867768596,5.26153846153846,,0.24363425925925927,False,possessions,4Q/OT | margin -3..3 | 300..120,team,4.0,3.0,2.0,,6.0,0.08163265306122448,24.0,,
wnba,wnba_shot_pace,shot_pace,possessions,get-possessions,2025,Regular Season,team,"{'OffDef': 'Offense', 'FilterComparison': 'Exactly', 'FilterEvent': 'OnFloor', 'FilterValue': 5, 'StartType': 'All', 'Season': '2025', 'SeasonType': 'Regular Season', 'TeamId': '1611661329'}",shot_pace,1611661329,4Q/OT | margin -3..3 | 300..120,get-possessions__possessions__off_def-Offense__filter_comparison-Exactly__filter_event-OnFloor__filter_value-5__start_type-All__season-2025__season_type-Regular_Season__team_id-1611661329__989cdba6,get-possessions,https://api.pbpstats.com/get-possessions/wnba?OffDef=Offense&FilterComparison=Exactly&FilterEvent=OnFloor&FilterValue=5&StartType=All&Season=2025&SeasonType=Regular+Season&TeamId=1611661329,200,8,1628878,Ariel Atkins,Ariel Atkins,29773.0,1928,1866,296,285,1866,22.0,44.0,5.0,9.0,4.0,7.0,55.0,112,42,90,7.0,15.0,1.0,3.0,2.0,3.0,36.0,103.0,2.0,10.0,6.0,19.0,119,246,43.0,118.0,79.0,446,2.0,12.0,25.0,3.0,13.0,8.0,41.0,25.0,45,8.0,22.0,22.0,96.0,98.0,140.0,111.0,18.0,102.0,36.0,16.0,1.0,93.0,29.0,122.0,21.0,8.0,67.0,22.0,4.0,273.0,6.0,17.0,23.0,23.0,5.0,59.0,12.0,50.0,24,9.0,,2.0,83,5.0,14.0,8.0,8.0,93.0,5.0,92.0,1.0,35.0,3.0,9.0,96.0,295,9.0,0.4117647058823529,0.4336283185840708,0.8604651162790697,0.3644067796610169,0.23076923076923078,0.36363636363636365,0.36752136752136755,0.483739837398374,0.48,0.5555555555555556,0.5041208791208791,0.4342105263157895,0.5522388059701493,0.5521091811414393,0.4880952380952381,0.6153846153846154,0.3241758241758242,0.00847457627118644,0.06504065040650407,0.11363636363636363,0.08928571428571429,0.011111111111111112,,0.009708737864077669,22.000905387052967,0.7108433734939759,0.02891156462585034,0.01910828025477707,0.025498891352549888,0.0371900826446281,0.03305785123966942,,0.007782101167315175,0.07017543859649122,0.0273224043715847,0.12087912087912088,0.5,0.5641025641025641,0.45454545454545453,0.3076923076923077,0.49107142857142855,0.5392156862745098,0.36363636363636365,0.24725274725274726,0.4666666666666667,0.47191011235955055,0.4523809523809524,0.04120879120879121,0.4666666666666667,0.4666666666666667,0.8571428571428571,0.28296703296703296,0.34951456310679613,0.35294117647058826,0.8611111111111112,0.23684210526315788,0.5555555555555556,,0.07894736842105263,0.3333333333333333,,0.2631578947368421,0.2,1.0,0.1044776119402985,0.5714285714285714,0.04477611940298507,0.6666666666666666,0.2835820895522388,0.3157894736842105,0.44505494505494503,0.35294117647058826,0.4522704941860464,0.4762395833333333,0.42645079365079347,0.09644670050761421,0.1282051282051282,0.024793388429752067,0.09192825112107623,0.21524663677130046,10.997154471544711,25.59826086956522,0.15862808145766344,False,possessions,4Q/OT | margin -3..3 | 300..120,team,,1.0,,,8.0,,12.0,,1.0
wnba,wnba_shot_pace,shot_pace,possessions,get-possessions,2025,Regular Season,team,"{'OffDef': 'Offense', 'FilterComparison': 'Exactly', 'FilterEvent': 'OnFloor', 'FilterValue': 5, 'StartType': 'All', 'Season': '2025', 'SeasonType': 'Regular Season', 'TeamId': '1611661329'}",shot_pace,1611661329,4Q/OT | margin -3..3 | 300..120,get-possessions__possessions__off_def-Offense__filter_comparison-Exactly__filter_event-OnFloor__filter_value-5__start_type-All__season-2025__season_type-Regular_Season__team_id-1611661329__989cdba6,get-possessions,https://api.pbpstats.com/get-possessions/wnba?OffDef=Offense&FilterComparison=Exactly&FilterEvent=OnFloor&FilterValue=5&StartType=All&Season=2025&SeasonType=Regular+Season&TeamId=1611661329,200,9,1642291,Angel Reese,Angel Reese,29095.0,1887,1856,343,284,1856,114.0,225.0,26.0,60.0,20.0,36.0,30.0,74,5,13,,3.0,,,,1.0,4.0,19.0,,2.0,,3.0,149,312,4.0,22.0,130.0,440,2.0,28.0,66.0,,2.0,30.0,86.0,25.0,50,,4.0,35.0,85.0,182.0,116.0,6.0,6.0,19.0,4.0,60.0,,82.0,29.0,111.0,20.0,9.0,47.0,18.0,17.0,251.0,27.0,93.0,123.0,123.0,30.0,70.0,12.0,44.0,48,26.0,3.0,9.0,118,19.0,21.0,19.0,17.0,140.0,13.0,172.0,,85.0,,13.0,82.0,341,11.0,0.610738255033557,0.7109375,0.5,0.18181818181818182,,,0.18181818181818182,0.4775641025641026,0.42424242424242425,0.5,0.46407185628742514,0.4117647058823529,0.46296296296296297,0.541871921182266,0.5180722891566265,0.5821917808219178,0.0658682634730539,,0.19230769230769232,0.20444444444444446,0.1891891891891892,,,,23.818181818181817,0.5932203389830508,0.1611785095320624,0.08881578947368421,0.1362088535754824,0.1910569105691057,0.14347826086956522,0.12871287128712872,0.08433734939759036,0.10909090909090909,0.2542372881355932,0.6736526946107785,0.5066666666666667,0.6368715083798883,0.6403508771929824,0.2215568862275449,0.40540540540540543,0.5,0.5,0.038922155688622756,0.38461538461538464,0.38461538461538464,0.6,0.008982035928143712,,,,0.05688622754491018,0.21052631578947367,0.21052631578947367,0.5,0.8823529411764706,0.43333333333333335,0.19230769230769232,,,,0.029411764705882353,,,0.6666666666666666,0.5555555555555556,0.018518518518518517,,0.05555555555555555,,0.7395209580838323,0.21052631578947367,0.5587669278996861,0.6061818181818184,0.5365773584905662,0.21628498727735368,0.22911051212938005,,0.19545454545454546,0.19318181818181818,3.45,24.422727272727276,0.18480603448275862,False,possessions,4Q/OT | margin -3..3 | 300..120,team,3.0,3.0,2.0,,26.0,0.05263157894736842,42.0,2.0,
wnba,wnba_shot_pace,shot_pace,possessions,get-possessions,2025,Regular Season,team,"{'OffDef': 'Offense', 'FilterComparison': 'Exactly', 'FilterEvent': 'OnFloor', 'FilterValue': 5, 'StartType': 'All', 'Season': '2025', 'SeasonType': 'Regular Season', 'TeamId': '1611661329'}",shot_pace,1611661329,4Q/OT | margin -3..3 | 300..120,get-possessions__possessions__off_def-Offense__filter_comparison-Exactly__filter_event-OnFloor__filter_value-5__start_type-All__season-2025__season_type-Regular_Season__team_id-1611661329__989cdba6,get-possessions,https://api.pbpstats.com/get-possessions/wnba?OffDef=Offense&FilterComparison=Exactly&FilterEvent=OnFloor&FilterValue=5&StartType=All&Season=2025&SeasonType=Regular+Season&TeamId=1611661329,200,10,1642817,Hailey Van Lith,Hailey Van Lith,11146.0,654,681,175,99,681,14.0,29.0,,,6.0,10.0,13.0,33,5,16,,4.0,,,,1.0,5.0,26.0,1.0,7.0,1.0,6.0,32,78,5.0,30.0,23.0,102,1.0,3.0,7.0,1.0,7.0,4.0,13.0,11.0,22,1.0,7.0,6.0,31.0,28.0,36.0,15.0,,26.0,5.0,7.0,2.0,28.0,17.0,45.0,13.0,4.0,11.0,12.0,5.0,107.0,1.0,3.0,4.0,4.0,1.0,23.0,5.0,20.0,13,3.0,2.0,2.0,36,3.0,9.0,1.0,1.0,29.0,,31.0,,12.0,1.0,3.0,31.0,175,3.0,0.4375,0.4375,1.0,0.16666666666666666,0.14285714285714285,0.14285714285714285,0.16666666666666666,0.41025641025641024,0.42857142857142855,0.5,0.36574074074074076,0.32142857142857145,0.43103448275862066,0.4180327868852459,0.38235294117647056,0.4696969696969697,0.2777777777777778,0.06666666666666667,0.08974358974358974,0.13793103448275862,0.09090909090909091,,,0.07692307692307693,19.924337957124845,0.6388888888888888,0.014150943396226415,0.009174311926605505,0.012461059190031152,,0.02197802197802198,0.023809523809523808,,0.05555555555555555,0.01694915254237288,0.26851851851851855,0.4827586206896552,0.56,0.5714285714285714,0.3055555555555556,0.3939393939393939,0.43333333333333335,0.3076923076923077,0.14814814814814814,0.3125,0.3125,0.4,0.037037037037037035,,,,0.24074074074074073,0.19230769230769232,0.20833333333333334,1.0,,,,,,,0.5,0.14285714285714285,1.0,0.3448275862068966,0.6,0.034482758620689655,,0.20689655172413793,0.16666666666666666,0.5462962962962963,0.19230769230769232,0.46199345794392505,0.44827272727272727,0.46967758620689665,0.1092436974789916,0.13636363636363635,0.03225806451612903,0.12745098039215685,0.30392156862745096,8.639743589743588,24.36,0.25697503671071953,False,possessions,4Q/OT | margin -3..3 | 300..120,team,,2.0,,,2.0,,,,
wnba,wnba_shot_pace,shot_pace,possessions,get-possessions,2025,Regular Season,team,"{'OffDef': 'Offense', 'FilterComparison': 'Exactly', 'FilterEvent': 'OnFloor', 'FilterValue': 5, 'StartType': 'All', 'Season': '2025', 'SeasonType': 'Regular Season', 'TeamId': '1611661329'}",shot_pace,1611661329,4Q/OT | margin -3..3 | 300..120,get-possessions__possessions__off_def-Offense__filter_comparison-Exactly__filter_event-OnFloor__filter_value-5__start_type-All__season-2025__season_type-Regular_Season__team_id-1611661329__989cdba6,get-possessions,https://api.pbpstats.com/get-possessions/wnba?OffDef=Offense&FilterComparison=Exactly&FilterEvent=OnFloor&FilterValue=5&StartType=All&Season=2025&SeasonType=Regular+Season&TeamId=1611661329,200,11,1642301,Marquesha Davis,Marquesha Davis,656.0,32,42,13,6,42,,1.0,,,,,,1,1,3,,,,,,,,1.0,,1.0,,,1,5,,1.0,,2,,1.0,1.0,,1.0,,2.0,1.0,1,,,,2.0,2.0,,,,1.0,,1.0,1.0,,,,,,,,,,1.0,1.0,2.0,2.0,,2.0,,1.0,1,1.0,,,3,,,,,,,,,,,,2.0,13,,1.0,1.0,,,,,,0.2,1.0,1.0,0.16666666666666666,0.5,1.0,0.16666666666666666,0.5,1.0,0.16666666666666666,1.0,0.2,,1.0,,,1.0,18.75,0.6666666666666666,0.08333333333333333,0.14285714285714285,0.10526315789473684,,0.5,,0.2,,,0.16666666666666666,,,,0.16666666666666666,,,,0.5,0.3333333333333333,0.3333333333333333,1.0,,,,,0.16666666666666666,,,,,,,,,,0.5,,,,,,,,,0.3333333333333333,,0.42597500000000005,0.41835,0.3799,,,,1.0,1.0,12.600000000000001,24.8,0.30952380952380953,False,possessions,4Q/OT | margin -3..3 | 300..120,team,,,,,,,,,
wnba,wnba_shot_pace,shot_pace,possessions,get-possessions,2025,Regular Season,team,"{'OffDef': 'Offense', 'FilterComparison': 'Exactly', 'FilterEvent': 'OnFloor', 'FilterValue': 5, 'StartType': 'All', 'Season': '2025', 'SeasonType': 'Regular Season', 'TeamId': '1611661329'}",shot_pace,1611661329,4Q/OT | margin -3..3 | 300..120,get-possessions__possessions__off_def-Offense__filter_comparison-Exactly__filter_event-OnFloor__filter_value-5__start_type-All__season-2025__season_type-Regular_Season__team_id-1611661329__989cdba6,get-possessions,https://api.pbpstats.com/get-possessions/wnba?OffDef=Offense&FilterComparison=Exactly&FilterEvent=OnFloor&FilterValue=5&StartType=All&Season=2025&SeasonType=Regular+Season&TeamId=1611661329,200,12,1627669,Moriah Jefferson,Moriah Jefferson,1120.0,50,66,7,8,66,,,,,,,1.0,2,1,3,1.0,2.0,,,,,,1.0,,,,,2,5,1.0,3.0,,7,,,,,,,,,1,,,,,,4.0,3.0,,1.0,,,,6.0,3.0,9.0,3.0,,1.0,4.0,1.0,21.0,,,,,,,1.0,,2,,,,2,,,,,,,,,,,,,7,,,,1.0,0.3333333333333333,,,0.3333333333333333,0.4,,,0.4375,,,0.4375,,,0.375,,,,,,,,13.333333333333334,,,,,,,,,,,,,,,0.25,0.5,0.5,,0.375,0.3333333333333333,0.3333333333333333,,0.25,0.5,0.5,1.0,0.125,,,,,,,,,,,,,,,,,,,0.375,,0.48256875000000005,,0.2612,,,,,,13.540000000000001,23.8,0.10606060606060606,False,possessions,4Q/OT | margin -3..3 | 300..120,team,,1.0,,,,,,,
wnba,wnba_shot_pace,shot_pace,possessions,get-possessions,2025,Regular Season,team,"{'OffDef': 'Offense', 'FilterComparison': 'Exactly', 'FilterEvent': 'OnFloor', 'FilterValue': 5, 'StartType': 'All', 'Season': '2025', 'SeasonType': 'Regular Season', 'TeamId': '1611661329'}",shot_pace,1611661329,4Q/OT | margin -3..3 | 300..120,get-possessions__possessions__off_def-Offense__filter_comparison-Exactly__filter_event-OnFloor__filter_value-5__start_type-All__season-2025__season_type-Regular_Season__team_id-1611661329__989cdba6,get-possessions,https://api.pbpstats.com/get-possessions/wnba?OffDef=Offense&FilterComparison=Exactly&FilterEvent=OnFloor&FilterValue=5&StartType=All&Season=2025&SeasonType=Regular+Season&TeamId=1611661329,200,13,202664,Courtney Vandersloot,Courtney Vandersloot,5851.0,382,396,61,70,396,10.0,17.0,2.0,2.0,2.0,3.0,8.0,17,6,9,1.0,3.0,,,,1.0,4.0,20.0,1.0,2.0,1.0,7.0,24,43,5.0,23.0,11.0,74,,2.0,3.0,1.0,2.0,3.0,10.0,3.0,5,1.0,8.0,3.0,12.0,20.0,28.0,15.0,,20.0,4.0,8.0,,25.0,12.0,37.0,8.0,4.0,11.0,11.0,3.0,86.0,,2.0,2.0,2.0,1.0,9.0,2.0,5.0,8,4.0,1.0,1.0,17,1.0,2.0,,,14.0,,12.0,,5.0,,2.0,12.0,61,2.0,0.4166666666666667,0.4166666666666667,1.0,0.21739130434782608,0.5,0.125,0.21739130434782608,0.5581395348837209,0.6666666666666666,0.6,0.4772727272727273,0.7,0.34615384615384615,0.5211267605633803,0.7142857142857143,0.4,0.3484848484848485,,0.18604651162790697,0.17647058823529413,0.29411764705882354,,,,18.069815195071868,0.5294117647058824,0.015625,,0.00975609756097561,0.030303030303030304,,,,,0.034482758620689655,0.25757575757575757,0.5882352941176471,0.7142857142857143,0.5,0.25757575757575757,0.47058823529411764,0.6666666666666666,0.375,0.13636363636363635,0.6666666666666666,0.6666666666666666,0.3333333333333333,0.045454545454545456,0.3333333333333333,0.3333333333333333,1.0,0.30303030303030304,0.2,0.2,1.0,0.4,1.0,0.5,,,,0.4,0.5,1.0,0.23076923076923078,0.6666666666666666,0.07692307692307693,,0.5384615384615384,0.14285714285714285,0.6060606060606061,0.2,0.4800810606060606,0.46775,0.4527653846153846,0.07246376811594203,0.10869565217391304,,0.13513513513513514,0.16216216216216217,7.386046511627907,25.039130434782614,0.15404040404040403,False,possessions,4Q/OT | margin -3..3 | 300..120,team,,3.0,,,2.0,,,,
