league,job_id,job_family,variant,endpoint,season,season_type,scope,request_params,source,team_id,clutch_window,request_id,request_table,request_url,request_status,request_row_index,entity_id,name,short_name,seconds_played,plus_minus,off_poss,penalty_off_poss,second_chance_off_poss,total_poss,at_rim_fgm,at_rim_fga,second_chance_at_rim_fgm,second_chance_at_rim_fga,penalty_at_rim_fgm,penalty_at_rim_fga,short_mid_range_fgm,short_mid_range_fga,long_mid_range_fga,corner3_fgm,corner3_fga,second_chance_corner3_fgm,second_chance_corner3_fga,penalty_corner3_fga,arc3_fgm,arc3_fga,second_chance_arc3_fgm,second_chance_arc3_fga,penalty_arc3_fgm,penalty_arc3_fga,fg2m,fg2a,fg3m,fg3a,ft_points,points,opponent_points,second_chance_fg2_m,second_chance_fg2_a,second_chance_fg3_m,second_chance_fg3_a,second_chance_ft_points,second_chance_points,penalty_fg2_m,penalty_fg2_a,penalty_fg3_m,penalty_fg3_a,penalty_ft_points,penalty_points,pts_assisted2s,pts_unassisted2s,pts_assisted3s,pts_unassisted3s,pts_putbacks,non_heave_arc3_fga,non_heave_arc3_fgm,fg2a_blocked,two_pt_assists,three_pt_assists,assists,arc3_assists,at_rim_assists,short_mid_range_assists,long_mid_range_assists,assist_points,off_three_pt_rebounds,off_two_pt_rebounds,ft_off_rebounds,off_rebounds,rebounds,live_ball_turnovers,bad_pass_out_of_bounds_turnovers,bad_pass_turnovers,dead_ball_turnovers,lost_ball_out_of_bounds_turnovers,lost_ball_turnovers,travels,turnovers,second_chance_turnovers,penalty_turnovers,fouls,charge fouls,offensive fouls,fouls_drawn,loose ball fouls drawn,fta,2pt and 1 free throw trips,two_pt_shooting_fouls_drawn,non_shooting_fouls_drawn,penalty_points_excluding_take_fouls,penalty_off_poss_excluding_take_fouls,non_shooting_penalty_non_take_fouls_drawn,assisted2s_pct,non_putbacks_assisted2s_pct,assisted3s_pct,fg3_pct,second_chance_fg3_pct,penalty_fg3_pct,non_heave_fg3_pct,fg2_pct,second_chance_fg2_pct,penalty_fg2_pct,efg_pct,second_chance_efg_pct,penalty_efg_pct,ts_pct,second_chance_ts_pct,penalty_ts_pct,fg3_a_pct,fg2_a_pct_blocked,at_rim_pct_blocked,short_mid_range_pct_blocked,usage,live_ball_turnover_pct,off_ft_rebound_pct,off_two_pt_rebound_pct,off_three_pt_rebound_pct,off_fg_rebound_pct,off_at_rim_rebound_pct,off_short_mid_range_rebound_pct,off_long_mid_range_rebound_pct,off_arc3_rebound_pct,off_corner3_rebound_pct,at_rim_frequency,at_rim_accuracy,unblocked_at_rim_accuracy,at_rim_pct_assisted,short_mid_range_frequency,short_mid_range_accuracy,unblocked_short_mid_range_accuracy,short_mid_range_pct_assisted,long_mid_range_frequency,corner3_frequency,corner3_accuracy,unblocked_corner3_accuracy,corner3_pct_assisted,arc3_frequency,arc3_accuracy,unblocked_arc3_accuracy,arc3_pct_assisted,second_chance_at_rim_frequency,second_chance_at_rim_accuracy,second_chance_at_rim_pct_assisted,second_chance_corner3_frequency,second_chance_corner3_accuracy,second_chance_corner3_pct_assisted,second_chance_arc3_frequency,second_chance_arc3_accuracy,second_chance_arc3_pct_assisted,penalty_at_rim_frequency,penalty_at_rim_accuracy,penalty_corner3_frequency,penalty_arc3_frequency,penalty_arc3_accuracy,at_rim_fg3_a_frequency,non_heave_arc3_accuracy,shot_quality_avg,second_chance_shot_quality_avg,penalty_shot_quality_avg,shooting_fouls_drawn_pct,two_pt_shooting_fouls_drawn_pct,second_chance_points_pct,penalty_points_pct,avg2pt_shot_distance,avg3pt_shot_distance,penalty_off_poss_pct,is_playoffs,job_variant,window_label,request_scope,penalty_corner3_fgm,corner3_assists,self_o_reb,step_out_of_bounds_turnovers,three_pt_shooting_fouls_drawn,self_o_reb_pct,penalty_corner3_accuracy,three_pt_shooting_fouls_drawn_pct,long_mid_range_fgm,long_mid_range_pct_blocked,long_mid_range_accuracy,unblocked_long_mid_range_accuracy,long_mid_range_pct_assisted,fg3a_blocked,transition take fouls drawn,3_second_violations,fg3_a_pct_blocked,arc3_pct_blocked,heave_attempts,technical free throw trips,corner3_pct_blocked
wnba,wnba_shot_pace,shot_pace,possessions,get-possessions,2025,Regular Season,team,"{'OffDef': 'Offense', 'Season': '2025', 'SeasonType': 'Regular Season', 'TeamId': '1611661320'}",shot_pace,1611661320,4Q/OT | margin -3..3 | 300..120,get-possessions__possessions__off_def-Offense__season-2025__season_type-Regular_Season__team_id-1611661320__b6b37fbe,get-possessions,https://api.pbpstats.com/get-possessions/wnba?OffDef=Offense&Season=2025&SeasonType=Regular+Season&TeamId=1611661320,200,0,1628242,Emma Cannon,Emma Cannon,6159.0,427,421,170,51,421,14.0,16,4.0,5.0,5.0,5.0,4.0,7.0,4.0,4.0,8.0,1.0,1.0,2.0,10.0,28.0,2.0,2.0,4.0,11.0,18.0,27,14.0,36.0,15.0,93.0,1.0,4.0,5.0,3.0,3.0,7.0,24.0,6.0,8.0,4.0,13.0,8.0,32.0,32.0,4.0,39.0,3.0,4.0,28.0,10.0,3.0,7.0,1.0,8.0,1.0,5.0,1.0,1.0,17.0,6.0,4.0,1.0,11.0,11.0,5.0,1.0,3.0,11.0,1.0,2.0,2.0,16,2.0,5.0,7.0,1.0,6.0,16.0,5.0,23.0,1.0,8.0,4.0,32.0,170,4.0,0.8888888888888888,1.0,0.9285714285714286,0.3888888888888889,1.0,0.3076923076923077,0.3888888888888889,0.6666666666666666,0.8,0.75,0.6190476190476191,1.0625,0.5714285714285714,0.6283783783783784,1.0,0.5714285714285714,0.5714285714285714,0.1111111111111111,0.0625,0.2857142857142857,18.94736842105263,0.3125,0.08333333333333333,0.0449438202247191,0.075,0.05917159763313609,0.03225806451612903,0.05,0.05555555555555555,0.078125,0.0625,0.25396825396825395,0.875,0.9333333333333333,0.8571428571428571,0.1111111111111111,0.5714285714285714,0.8,1.0,0.06349206349206349,0.12698412698412698,0.5,0.5,1.0,0.4444444444444444,0.35714285714285715,0.35714285714285715,0.9,0.625,0.8,0.5,0.125,1.0,1.0,0.25,1.0,1.0,0.23809523809523808,1.0,0.09523809523809523,0.5238095238095238,0.36363636363636365,0.8253968253968254,0.35714285714285715,0.5180103174603177,0.61488,0.47667857142857145,0.11428571428571428,0.23529411764705882,0.25806451612903225,0.34408602150537637,5.462962962962963,24.494444444444447,0.40380047505938244,False,possessions,4Q/OT | margin -3..3 | 300..120,team,,,,,,,,,,,,,,,,,,,,,
wnba,wnba_shot_pace,shot_pace,possessions,get-possessions,2025,Regular Season,team,"{'OffDef': 'Offense', 'Season': '2025', 'SeasonType': 'Regular Season', 'TeamId': '1611661320'}",shot_pace,1611661320,4Q/OT | margin -3..3 | 300..120,get-possessions__possessions__off_def-Offense__season-2025__season_type-Regular_Season__team_id-1611661320__b6b37fbe,get-possessions,https://api.pbpstats.com/get-possessions/wnba?OffDef=Offense&Season=2025&SeasonType=Regular+Season&TeamId=1611661320,200,1,1630996,Rae Burrell,Rae Burrell,15165.0,1147,1059,288,125,1059,42.0,69,3.0,6.0,12.0,16.0,13.0,40.0,2.0,6.0,20.0,1.0,3.0,8.0,16.0,47.0,1.0,3.0,3.0,13.0,55.0,111,22.0,67.0,35.0,211.0,2.0,6.0,11.0,2.0,6.0,4.0,22.0,16.0,31.0,6.0,21.0,12.0,62.0,74.0,36.0,60.0,6.0,4.0,47.0,16.0,16.0,26.0,8.0,34.0,7.0,17.0,8.0,1.0,76.0,8.0,10.0,,18.0,18.0,16.0,4.0,9.0,9.0,1.0,7.0,1.0,25,3.0,4.0,1.0,,1.0,39.0,,47.0,8.0,24.0,2.0,62.0,287,2.0,0.6727272727272727,0.6981132075471698,0.9090909090909091,0.3283582089552239,0.3333333333333333,0.2857142857142857,0.3283582089552239,0.4954954954954955,0.5454545454545454,0.5161290322580645,0.4943820224719101,0.5294117647058824,0.4807692307692308,0.5355329949238579,0.55,0.5344827586206896,0.37640449438202245,0.14414414414414414,0.10144927536231885,0.225,18.407960199004975,0.64,,0.038910505836575876,0.03636363636363636,0.03773584905660377,0.018867924528301886,0.03875968992248062,0.13636363636363635,0.029585798816568046,0.058823529411764705,0.38764044943820225,0.6086956521739131,0.6774193548387096,0.6428571428571429,0.2247191011235955,0.325,0.41935483870967744,0.7692307692307693,0.011235955056179775,0.11235955056179775,0.3,0.3,1.0,0.2640449438202247,0.3404255319148936,0.3404255319148936,0.875,0.35294117647058826,0.5,0.6666666666666666,0.17647058823529413,0.3333333333333333,1.0,0.17647058823529413,0.3333333333333333,1.0,0.3076923076923077,0.75,0.15384615384615385,0.25,0.23076923076923078,0.7640449438202247,0.3404255319148936,0.5305803370786517,0.46781428571428574,0.5069923076923076,0.1282051282051282,0.1889763779527559,0.10426540284360189,0.2938388625592417,4.424324324324324,24.42388059701492,0.2719546742209632,False,possessions,4Q/OT | margin -3..3 | 300..120,team,3.0,1.0,3.0,1.0,1.0,0.036585365853658534,0.375,0.014705882352941176,,,,,,,,,,,,,
wnba,wnba_shot_pace,shot_pace,possessions,get-possessions,2025,Regular Season,team,"{'OffDef': 'Offense', 'Season': '2025', 'SeasonType': 'Regular Season', 'TeamId': '1611661320'}",shot_pace,1611661320,4Q/OT | margin -3..3 | 300..120,get-possessions__possessions__off_def-Offense__season-2025__season_type-Regular_Season__team_id-1611661320__b6b37fbe,get-possessions,https://api.pbpstats.com/get-possessions/wnba?OffDef=Offense&Season=2025&SeasonType=Regular+Season&TeamId=1611661320,200,2,1642210,Julie Vanloo,Julie Vanloo,7668.0,532,529,108,60,529,2.0,5,,,2.0,3.0,,1.0,3.0,3.0,5.0,1.0,1.0,1.0,14.0,48.0,,1.0,2.0,6.0,2.0,9,17.0,53.0,3.0,58.0,,,1.0,1.0,2.0,,3.0,2.0,4.0,3.0,7.0,1.0,14.0,,4.0,48.0,3.0,,48.0,14.0,,16.0,15.0,31.0,11.0,11.0,5.0,,77.0,2.0,,,2.0,2.0,14.0,7.0,13.0,12.0,,1.0,2.0,26,3.0,6.0,2.0,,2.0,7.0,,4.0,,,1.0,14.0,108,1.0,,,0.9411764705882353,0.32075471698113206,0.5,0.42857142857142855,0.32075471698113206,0.2222222222222222,,0.5,0.4435483870967742,0.5,0.5909090909090909,0.4603174603174603,0.5,0.5833333333333334,0.8548387096774194,,,,15.008431703204048,0.5384615384615384,,,0.017094017094017096,0.00819672131147541,,,,0.010526315789473684,0.045454545454545456,0.08064516129032258,0.4,0.4,,0.016129032258064516,,,,0.04838709677419355,0.08064516129032258,0.6,0.6,1.0,0.7741935483870968,0.2916666666666667,0.2916666666666667,0.9285714285714286,,,,0.3333333333333333,1.0,1.0,0.3333333333333333,,,0.2727272727272727,0.6666666666666666,0.09090909090909091,0.5454545454545454,0.3333333333333333,0.9354838709677419,0.2916666666666667,0.524332258064516,0.45704999999999996,0.535009090909091,,,0.05172413793103448,0.2413793103448276,8.07777777777778,25.03962264150943,0.20415879017013233,False,possessions,4Q/OT | margin -3..3 | 300..120,team,1.0,4.0,,,,,1.0,,,,,,,,,,,,,,
wnba,wnba_shot_pace,shot_pace,possessions,get-possessions,2025,Regular Season,team,"{'OffDef': 'Offense', 'Season': '2025', 'SeasonType': 'Regular Season', 'TeamId': '1611661320'}",shot_pace,1611661320,4Q/OT | margin -3..3 | 300..120,get-possessions__possessions__off_def-Offense__season-2025__season_type-Regular_Season__team_id-1611661320__b6b37fbe,get-possessions,https://api.pbpstats.com/get-possessions/wnba?OffDef=Offense&Season=2025&SeasonType=Regular+Season&TeamId=1611661320,200,3,1642782,Sarah Ashlee Barker,Sarah Ashlee Barker,14126.0,939,957,260,106,957,13.0,26,2.0,4.0,2.0,5.0,2.0,14.0,3.0,9.0,28.0,2.0,7.0,8.0,9.0,33.0,1.0,3.0,2.0,6.0,17.0,43,18.0,61.0,17.0,105.0,1.0,2.0,5.0,3.0,10.0,,13.0,2.0,5.0,3.0,14.0,4.0,17.0,20.0,14.0,54.0,,2.0,33.0,9.0,6.0,22.0,9.0,31.0,6.0,14.0,7.0,1.0,71.0,9.0,1.0,,10.0,10.0,25.0,9.0,17.0,12.0,2.0,8.0,,37,4.0,7.0,,,,20.0,3.0,24.0,,9.0,3.0,17.0,260,3.0,0.5882352941176471,0.625,1.0,0.29508196721311475,0.3,0.21428571428571427,0.29508196721311475,0.3953488372093023,0.4,0.4,0.4230769230769231,0.43333333333333335,0.34210526315789475,0.4525862068965517,0.43333333333333335,0.38636363636363635,0.5865384615384616,0.13953488372093023,0.11538461538461539,0.14285714285714285,14.010989010989011,0.6756756756756757,,0.003968253968253968,0.04568527918781726,0.022271714922048998,0.010101010101010102,,,0.04929577464788732,0.03636363636363636,0.25,0.5,0.5652173913043478,0.5384615384615384,0.1346153846153846,0.14285714285714285,0.16666666666666666,0.5,0.028846153846153848,0.2692307692307692,0.32142857142857145,0.32142857142857145,1.0,0.3173076923076923,0.2727272727272727,0.2727272727272727,1.0,0.26666666666666666,0.5,0.5,0.4666666666666667,0.2857142857142857,1.0,0.2,0.3333333333333333,1.0,0.2631578947368421,0.4,0.42105263157894735,0.3157894736842105,0.3333333333333333,0.8365384615384616,0.2727272727272727,0.5325379807692309,0.5740083333333333,0.5462921052631579,0.07964601769911504,0.17307692307692307,0.12380952380952381,0.1619047619047619,4.739534883720929,24.011475409836063,0.2716823406478579,False,possessions,4Q/OT | margin -3..3 | 300..120,team,1.0,3.0,,1.0,,,0.125,,2.0,0.3333333333333333,0.6666666666666666,1.0,1.0,,,,,,,,
wnba,wnba_shot_pace,shot_pace,possessions,get-possessions,2025,Regular Season,team,"{'OffDef': 'Offense', 'Season': '2025', 'SeasonType': 'Regular Season', 'TeamId': '1611661320'}",shot_pace,1611661320,4Q/OT | margin -3..3 | 300..120,get-possessions__possessions__off_def-Offense__season-2025__season_type-Regular_Season__team_id-1611661320__b6b37fbe,get-possessions,https://api.pbpstats.com/get-possessions/wnba?OffDef=Offense&Season=2025&SeasonType=Regular+Season&TeamId=1611661320,200,4,1642790,Sania Feagin,Sania Feagin,2214.0,158,157,86,15,157,9.0,12,1.0,1.0,5.0,7.0,1.0,12.0,,,,,,,,4.0,,1.0,,2.0,10.0,24,,4.0,,20.0,,1.0,3.0,,1.0,,2.0,6.0,14.0,,2.0,,12.0,16.0,4.0,,,2.0,4.0,,5.0,3.0,1.0,4.0,,3.0,,,9.0,,3.0,,3.0,3.0,5.0,,2.0,2.0,,3.0,,7,,4.0,2.0,1.0,1.0,1.0,,2.0,,,1.0,12.0,86,1.0,0.8,0.8888888888888888,,,,,,0.4166666666666667,0.3333333333333333,0.42857142857142855,0.35714285714285715,0.25,0.375,0.3448275862068966,0.25,0.35294117647058826,0.14285714285714285,0.20833333333333334,0.08333333333333333,0.3333333333333333,20.689655172413794,0.7142857142857143,,0.08571428571428572,,0.04411764705882353,0.09090909090909091,0.05263157894736842,0.2,,,0.42857142857142855,0.75,0.8181818181818182,0.7777777777777778,0.42857142857142855,0.08333333333333333,0.125,1.0,,,,,,0.14285714285714285,,,,0.25,1.0,,,,,0.25,,,0.4375,0.7142857142857143,,0.125,,0.5714285714285714,,0.5160267857142856,0.4670875,0.52506875,,,0.1,0.6,3.9374999999999987,24.825,0.5477707006369427,False,possessions,4Q/OT | margin -3..3 | 300..120,team,,1.0,,,,,,,,,,,,,,,,,,,
wnba,wnba_shot_pace,shot_pace,possessions,get-possessions,2025,Regular Season,team,"{'OffDef': 'Offense', 'Season': '2025', 'SeasonType': 'Regular Season', 'TeamId': '1611661320'}",shot_pace,1611661320,4Q/OT | margin -3..3 | 300..120,get-possessions__possessions__off_def-Offense__season-2025__season_type-Regular_Season__team_id-1611661320__b6b37fbe,get-possessions,https://api.pbpstats.com/get-possessions/wnba?OffDef=Offense&Season=2025&SeasonType=Regular+Season&TeamId=1611661320,200,5,204324,Dearica Hamby,Dearica Hamby,40093.0,2979,2717,526,300,2717,253.0,355,42.0,70.0,52.0,73.0,54.0,151.0,1.0,1.0,8.0,,1.0,5.0,14.0,43.0,,2.0,3.0,9.0,308.0,507,15.0,51.0,148.0,809.0,4.0,47.0,86.0,,3.0,12.0,106.0,61.0,93.0,4.0,14.0,45.0,179.0,464.0,152.0,42.0,3.0,64.0,43.0,14.0,73.0,89.0,54.0,143.0,41.0,63.0,21.0,5.0,340.0,50.0,56.0,5.0,111.0,111.0,65.0,15.0,41.0,50.0,13.0,24.0,7.0,115,11.0,19.0,14.0,3.0,11.0,194.0,6.0,234.0,42.0,125.0,13.0,177.0,521,12.0,0.7532467532467533,0.8405797101449275,0.9333333333333333,0.29411764705882354,,0.2857142857142857,0.29411764705882354,0.6074950690335306,0.5465116279069767,0.6559139784946236,0.5922939068100358,0.5280898876404494,0.6261682242990654,0.6185015290519877,0.5353535353535354,0.662962962962963,0.0913978494623656,0.14398422090729784,0.11549295774647887,0.2119205298013245,25.008130081300813,0.5652173913043478,0.05952380952380952,0.08484848484848485,0.0970873786407767,0.0902127659574468,0.09420289855072464,0.08284023668639054,0.043478260869565216,0.09343434343434344,0.1092436974789916,0.6362007168458781,0.7126760563380282,0.8057324840764332,0.7628458498023716,0.27060931899641577,0.3576158940397351,0.453781512605042,0.7037037037037037,0.0017921146953405018,0.014336917562724014,0.125,0.125,1.0,0.07706093189964158,0.32558139534883723,0.3333333333333333,0.9285714285714286,0.7865168539325843,0.6,0.21428571428571427,0.011235955056179775,,,0.02247191011235955,,,0.6822429906542056,0.7123287671232876,0.04672897196261682,0.08411214953271028,0.3333333333333333,0.7275985663082437,0.32558139534883723,0.5543387992831539,0.5646817307692308,0.5544602803738315,0.19500780031201248,0.211864406779661,0.13102595797280595,0.22126081582200247,3.2347140039447746,24.703921568627454,0.1935958778064041,False,possessions,4Q/OT | margin -3..3 | 300..120,team,1.0,13.0,12.0,,,0.07547169811320754,0.2,,1.0,,1.0,1.0,1.0,1.0,1.0,1.0,0.0196078431372549,0.023255813953488372,,,
wnba,wnba_shot_pace,shot_pace,possessions,get-possessions,2025,Regular Season,team,"{'OffDef': 'Offense', 'Season': '2025', 'SeasonType': 'Regular Season', 'TeamId': '1611661320'}",shot_pace,1611661320,4Q/OT | margin -3..3 | 300..120,get-possessions__possessions__off_def-Offense__season-2025__season_type-Regular_Season__team_id-1611661320__b6b37fbe,get-possessions,https://api.pbpstats.com/get-possessions/wnba?OffDef=Offense&Season=2025&SeasonType=Regular+Season&TeamId=1611661320,200,6,1628276,Kelsey Plum,Kelsey Plum,44144.0,3241,3000,669,334,3000,85.0,138,6.0,14.0,21.0,36.0,66.0,170.0,31.0,21.0,42.0,1.0,2.0,11.0,78.0,236.0,8.0,20.0,21.0,65.0,162.0,339,99.0,278.0,215.0,836.0,5.0,12.0,30.0,9.0,22.0,16.0,67.0,39.0,91.0,24.0,76.0,90.0,240.0,82.0,242.0,189.0,108.0,,235.0,78.0,29.0,158.0,89.0,247.0,52.0,125.0,32.0,1.0,583.0,2.0,7.0,1.0,10.0,10.0,79.0,19.0,52.0,52.0,10.0,27.0,5.0,131,8.0,25.0,16.0,2.0,14.0,195.0,,241.0,12.0,84.0,33.0,239.0,663,24.0,0.25308641975308643,0.25308641975308643,0.6363636363636364,0.35611510791366907,0.4090909090909091,0.3157894736842105,0.3574007220216607,0.4778761061946903,0.4,0.42857142857142855,0.5032414910858996,0.49038461538461536,0.4491017964071856,0.5687757909215956,0.5409836065573771,0.5542452830188679,0.4505672609400324,0.0855457227138643,0.07246376811594203,0.11176470588235295,25.147754137115836,0.6030534351145038,0.010752688172043012,0.009873060648801129,0.0033003300330033004,0.006844106463878327,0.007194244604316547,0.013440860215053764,,0.0021929824561403508,0.006666666666666667,0.22366288492706646,0.6159420289855072,0.6640625,0.23529411764705882,0.2755267423014587,0.38823529411764707,0.4370860927152318,0.2727272727272727,0.050243111831442464,0.06807131280388978,0.5,0.525,0.7619047619047619,0.3824959481361426,0.3305084745762712,0.33191489361702126,0.6025641025641025,0.2692307692307692,0.42857142857142855,0.16666666666666666,0.038461538461538464,0.5,,0.38461538461538464,0.4,0.625,0.2155688622754491,0.5833333333333334,0.0658682634730539,0.38922155688622756,0.3230769230769231,0.6742301458670988,0.33191489361702126,0.4938650162337661,0.510082894736842,0.47480692771084326,0.1282420749279539,0.20437956204379562,0.08014354066985646,0.28708133971291866,6.084660766961653,25.046402877697822,0.223,False,possessions,4Q/OT | margin -3..3 | 300..120,team,3.0,37.0,5.0,1.0,5.0,0.01607717041800643,0.2727272727272727,0.0176678445229682,11.0,,0.3548387096774194,0.3548387096774194,0.2727272727272727,3.0,1.0,,0.01079136690647482,0.00423728813559322,1.0,11.0,0.047619047619047616
wnba,wnba_shot_pace,shot_pace,possessions,get-possessions,2025,Regular Season,team,"{'OffDef': 'Offense', 'Season': '2025', 'SeasonType': 'Regular Season', 'TeamId': '1611661320'}",shot_pace,1611661320,4Q/OT | margin -3..3 | 300..120,get-possessions__possessions__off_def-Offense__season-2025__season_type-Regular_Season__team_id-1611661320__b6b37fbe,get-possessions,https://api.pbpstats.com/get-possessions/wnba?OffDef=Offense&Season=2025&SeasonType=Regular+Season&TeamId=1611661320,200,7,1628922,Azurá Stevens,Azurá Stevens,36502.0,2658,2458,472,265,2458,97.0,147,22.0,41.0,13.0,18.0,25.0,67.0,17.0,20.0,52.0,3.0,6.0,16.0,52.0,140.0,2.0,9.0,2.0,14.0,129.0,231,72.0,192.0,79.0,553.0,2.0,29.0,51.0,5.0,15.0,10.0,83.0,19.0,31.0,6.0,30.0,29.0,85.0,172.0,86.0,213.0,3.0,42.0,140.0,52.0,24.0,69.0,24.0,93.0,19.0,52.0,17.0,,210.0,22.0,49.0,2.0,73.0,73.0,34.0,11.0,26.0,30.0,2.0,8.0,3.0,64,5.0,4.0,5.0,1.0,4.0,77.0,6.0,100.0,12.0,45.0,11.0,80.0,466,8.0,0.6666666666666666,0.7962962962962963,0.9861111111111112,0.375,0.3333333333333333,0.2,0.375,0.5584415584415584,0.5686274509803921,0.6129032258064516,0.5602836879432624,0.553030303030303,0.45901639344262296,0.5920770877944326,0.5684931506849316,0.551948051948052,0.45390070921985815,0.1038961038961039,0.12244897959183673,0.08955223880597014,19.10759265922994,0.53125,0.025974025974025976,0.08333333333333333,0.044,0.06525735294117647,0.12244897959183673,0.05555555555555555,0.05405405405405406,0.03723404255319149,0.06451612903225806,0.3475177304964539,0.6598639455782312,0.751937984496124,0.6597938144329897,0.15839243498817968,0.373134328358209,0.4098360655737705,0.68,0.04018912529550828,0.12293144208037825,0.38461538461538464,0.38461538461538464,1.0,0.3309692671394799,0.37142857142857144,0.37142857142857144,0.9807692307692307,0.6212121212121212,0.5365853658536586,0.09090909090909091,0.09090909090909091,0.5,1.0,0.13636363636363635,0.2222222222222222,1.0,0.29508196721311475,0.7222222222222222,0.26229508196721313,0.22950819672131148,0.14285714285714285,0.8014184397163121,0.37142857142857144,0.5402685579196218,0.5957699999999999,0.5143885245901638,0.09868421052631579,0.17045454545454544,0.15009041591320071,0.15370705244122965,4.554978354978356,24.48229166666668,0.1920260374288039,False,possessions,4Q/OT | margin -3..3 | 300..120,team,4.0,5.0,15.0,6.0,,0.07653061224489796,0.25,,7.0,,0.4117647058823529,0.4117647058823529,0.7142857142857143,,,,,,,,
wnba,wnba_shot_pace,shot_pace,possessions,get-possessions,2025,Regular Season,team,"{'OffDef': 'Offense', 'Season': '2025', 'SeasonType': 'Regular Season', 'TeamId': '1611661320'}",shot_pace,1611661320,4Q/OT | margin -3..3 | 300..120,get-possessions__possessions__off_def-Offense__season-2025__season_type-Regular_Season__team_id-1611661320__b6b37fbe,get-possessions,https://api.pbpstats.com/get-possessions/wnba?OffDef=Offense&Season=2025&SeasonType=Regular+Season&TeamId=1611661320,200,8,1642293,Alissa Pili,Alissa Pili,427.0,31,33,12,2,33,3.0,5,1.0,1.0,,,,,,,,,,,,1.0,,,,,3.0,5,,1.0,10.0,16.0,,1.0,1.0,,,,2.0,,,,,4.0,4.0,6.0,,,,,1.0,,,,,,,,,,,,,,,,,1.0,,1.0,,,,1,,,,,,6.0,,11.0,1.0,6.0,,4.0,12,,1.0,1.0,,,,,,0.6,1.0,,0.5,1.0,,0.7272727272727273,1.0,1.0,0.16666666666666666,,,,34.285714285714285,,,,,,,,,,,0.8333333333333334,0.6,0.6,1.0,,,,,,,,,,0.16666666666666666,,,,1.0,1.0,1.0,,,,,,,,,,,,1.0,,0.6201333333333333,0.7453,,0.5454545454545454,0.6,0.125,0.25,2.6,23.1,0.36363636363636365,False,possessions,4Q/OT | margin -3..3 | 300..120,team,,,,,,,,,,,,,,,,,,,,,
wnba,wnba_shot_pace,shot_pace,possessions,get-possessions,2025,Regular Season,team,"{'OffDef': 'Offense', 'Season': '2025', 'SeasonType': 'Regular Season', 'TeamId': '1611661320'}",shot_pace,1611661320,4Q/OT | margin -3..3 | 300..120,get-possessions__possessions__off_def-Offense__season-2025__season_type-Regular_Season__team_id-1611661320__b6b37fbe,get-possessions,https://api.pbpstats.com/get-possessions/wnba?OffDef=Offense&Season=2025&SeasonType=Regular+Season&TeamId=1611661320,200,9,1642287,Cameron Brink,Cameron Brink,7103.0,484,498,126,61,498,20.0,27,8.0,10.0,4.0,7.0,5.0,17.0,4.0,4.0,16.0,1.0,3.0,2.0,6.0,17.0,,2.0,3.0,4.0,25.0,48,10.0,33.0,16.0,96.0,,9.0,13.0,1.0,5.0,4.0,25.0,5.0,10.0,4.0,6.0,4.0,26.0,30.0,20.0,30.0,,14.0,16.0,6.0,7.0,4.0,5.0,9.0,4.0,3.0,1.0,,23.0,11.0,14.0,1.0,26.0,26.0,13.0,1.0,6.0,12.0,2.0,7.0,1.0,25,2.0,6.0,8.0,,8.0,23.0,2.0,21.0,3.0,9.0,3.0,26.0,126,3.0,0.6,0.8333333333333334,1.0,0.30303030303030304,0.2,0.6666666666666666,0.3125,0.5208333333333334,0.6923076923076923,0.5,0.49382716049382713,0.5833333333333334,0.6875,0.5333333333333333,0.5952380952380952,0.6842105263157895,0.4074074074074074,0.14583333333333334,0.1111111111111111,0.23529411764705882,20.426287744227356,0.52,0.1,0.1206896551724138,0.09243697478991597,0.10638297872340426,0.0975609756097561,0.13333333333333333,0.13333333333333333,0.09411764705882353,0.08823529411764706,0.3333333333333333,0.7407407407407407,0.8333333333333334,0.6,0.20987654320987653,0.29411764705882354,0.38461538461538464,0.6,0.04938271604938271,0.19753086419753085,0.25,0.25,1.0,0.20987654320987653,0.35294117647058826,0.35294117647058826,1.0,0.5555555555555556,0.8,0.25,0.16666666666666666,0.3333333333333333,1.0,0.1111111111111111,,,0.4375,0.5714285714285714,0.125,0.25,0.75,0.7407407407407407,0.375,0.523378125,0.5850000000000001,0.5231,0.10344827586206896,0.16666666666666666,0.2604166666666667,0.2708333333333333,5.293749999999999,24.536363636363635,0.25301204819277107,False,possessions,4Q/OT | margin -3..3 | 300..120,team,1.0,1.0,3.0,,,0.07894736842105263,0.5,,,,,,,,1.0,,,,1.0,,
wnba,wnba_shot_pace,shot_pace,possessions,get-possessions,2025,Regular Season,team,"{'OffDef': 'Offense', 'Season': '2025', 'SeasonType': 'Regular Season', 'TeamId': '1611661320'}",shot_pace,1611661320,4Q/OT | margin -3..3 | 300..120,get-possessions__possessions__off_def-Offense__season-2025__season_type-Regular_Season__team_id-1611661320__b6b37fbe,get-possessions,https://api.pbpstats.com/get-possessions/wnba?OffDef=Offense&Season=2025&SeasonType=Regular+Season&TeamId=1611661320,200,10,1627700,Julie Allemand,Julie Allemand,28349.0,2139,1931,430,208,1931,37.0,48,2.0,2.0,11.0,14.0,4.0,7.0,3.0,4.0,21.0,1.0,1.0,5.0,24.0,80.0,4.0,8.0,5.0,18.0,42.0,58,28.0,101.0,15.0,183.0,2.0,5.0,5.0,5.0,9.0,1.0,26.0,12.0,17.0,6.0,23.0,8.0,50.0,34.0,50.0,75.0,9.0,4.0,79.0,24.0,1.0,100.0,70.0,170.0,56.0,79.0,17.0,4.0,410.0,8.0,4.0,1.0,13.0,13.0,41.0,6.0,32.0,12.0,3.0,9.0,1.0,53,3.0,11.0,,,,17.0,,19.0,3.0,6.0,5.0,50.0,426,5.0,0.40476190476190477,0.425,0.8928571428571429,0.27722772277227725,0.5555555555555556,0.2608695652173913,0.28,0.7241379310344828,1.0,0.7058823529411765,0.5283018867924528,0.8928571428571429,0.525,0.5479041916167665,0.9285714285714286,0.5555555555555556,0.6352201257861635,0.017241379310344827,0.020833333333333332,,10.124252185918085,0.7735849056603774,0.018867924528301886,0.009174311926605505,0.019656019656019656,0.014234875444839857,0.010471204188481676,0.009302325581395349,,0.025889967637540454,,0.3018867924528302,0.7708333333333334,0.7872340425531915,0.3783783783783784,0.0440251572327044,0.5714285714285714,0.5714285714285714,0.5,0.018867924528301886,0.1320754716981132,0.19047619047619047,0.19047619047619047,1.0,0.5031446540880503,0.3,0.3,0.875,0.14285714285714285,1.0,1.0,0.07142857142857142,1.0,1.0,0.5714285714285714,0.5,1.0,0.35,0.7857142857142857,0.125,0.45,0.2777777777777778,0.9371069182389937,0.3037974683544304,0.5432633757961786,0.51816875,0.5455092105263158,0.037037037037037035,0.09836065573770492,0.14207650273224043,0.273224043715847,3.7862068965517257,25.18019801980198,0.2226825479026411,False,possessions,4Q/OT | margin -3..3 | 300..120,team,1.0,14.0,,1.0,,,0.2,,1.0,,0.3333333333333333,0.3333333333333333,1.0,,,,,,1.0,,
wnba,wnba_shot_pace,shot_pace,possessions,get-possessions,2025,Regular Season,team,"{'OffDef': 'Offense', 'Season': '2025', 'SeasonType': 'Regular Season', 'TeamId': '1611661320'}",shot_pace,1611661320,4Q/OT | margin -3..3 | 300..120,get-possessions__possessions__off_def-Offense__season-2025__season_type-Regular_Season__team_id-1611661320__b6b37fbe,get-possessions,https://api.pbpstats.com/get-possessions/wnba?OffDef=Offense&Season=2025&SeasonType=Regular+Season&TeamId=1611661320,200,11,1642288,Rickea Jackson,Rickea Jackson,34263.0,2482,2326,550,256,2326,87.0,134,17.0,26.0,22.0,36.0,39.0,125.0,37.0,18.0,52.0,,2.0,11.0,47.0,135.0,1.0,5.0,9.0,28.0,140.0,296,65.0,187.0,83.0,558.0,4.0,25.0,46.0,1.0,7.0,11.0,64.0,35.0,79.0,12.0,39.0,23.0,129.0,176.0,104.0,159.0,36.0,20.0,135.0,47.0,21.0,43.0,21.0,64.0,15.0,36.0,6.0,1.0,149.0,12.0,23.0,3.0,38.0,38.0,51.0,8.0,27.0,27.0,7.0,24.0,6.0,78,5.0,16.0,4.0,1.0,3.0,69.0,2.0,98.0,11.0,42.0,8.0,129.0,546,7.0,0.6285714285714286,0.676923076923077,0.8153846153846154,0.34759358288770054,0.14285714285714285,0.3076923076923077,0.34759358288770054,0.47297297297297297,0.5434782608695652,0.4430379746835443,0.4917184265010352,0.5,0.4491525423728814,0.5286259541984732,0.5423728813559322,0.50390625,0.38716356107660455,0.07094594594594594,0.07462686567164178,0.088,22.843025465602434,0.6538461538461539,0.046153846153846156,0.04136690647482014,0.02553191489361702,0.0341130604288499,0.05405405405405406,0.03571428571428571,0.018518518518518517,0.027624309392265192,0.018518518518518517,0.2774327122153209,0.6492537313432836,0.7016129032258065,0.6896551724137931,0.2587991718426501,0.312,0.34210526315789475,0.5641025641025641,0.07660455486542443,0.10766045548654245,0.34615384615384615,0.34615384615384615,1.0,0.2795031055900621,0.34814814814814815,0.35074626865671643,0.7446808510638298,0.49056603773584906,0.6538461538461539,0.4117647058823529,0.03773584905660377,,,0.09433962264150944,0.2,,0.3050847457627119,0.6111111111111112,0.09322033898305085,0.23728813559322035,0.32142857142857145,0.6645962732919255,0.34814814814814815,0.5087298136645965,0.5143472972972974,0.48293008474576293,0.08349514563106795,0.12844036697247707,0.11469534050179211,0.23118279569892472,6.402027027027024,24.304812834224595,0.236457437661221,False,possessions,4Q/OT | margin -3..3 | 300..120,team,3.0,6.0,13.0,,2.0,0.05179282868525897,0.2727272727272727,0.005319148936170213,14.0,,0.3783783783783784,0.3783783783783784,0.42857142857142855,1.0,,,0.0053475935828877,0.007407407407407408,,4.0,
wnba,wnba_shot_pace,shot_pace,possessions,get-possessions,2025,Regular Season,team,"{'OffDef': 'Offense', 'Season': '2025', 'SeasonType': 'Regular Season', 'TeamId': '1611661320'}",shot_pace,1611661320,4Q/OT | margin -3..3 | 300..120,get-possessions__possessions__off_def-Offense__season-2025__season_type-Regular_Season__team_id-1611661320__b6b37fbe,get-possessions,https://api.pbpstats.com/get-possessions/wnba?OffDef=Offense&Season=2025&SeasonType=Regular+Season&TeamId=1611661320,200,12,1628920,Mercedes Russell,Mercedes Russell,5112.0,285,327,102,38,327,5.0,10,,2.0,1.0,1.0,7.0,15.0,2.0,,,,,,,,,,,,12.0,27,,,10.0,34.0,,2.0,5.0,,,2.0,6.0,2.0,3.0,,,6.0,10.0,22.0,2.0,,,2.0,,,3.0,7.0,5.0,12.0,5.0,5.0,1.0,1.0,29.0,1.0,9.0,,10.0,10.0,3.0,2.0,2.0,4.0,,1.0,,7,,1.0,2.0,,2.0,7.0,,14.0,,4.0,3.0,10.0,101,3.0,0.9166666666666666,1.0,,,,,,0.4444444444444444,0.4,0.6666666666666666,0.4444444444444444,0.4,0.6666666666666666,0.5,0.5,0.8333333333333334,,0.1111111111111111,0.1,0.13333333333333333,11.141304347826086,0.42857142857142855,,0.10112359550561797,0.01282051282051282,0.059880239520958084,0.12,0.1,0.07142857142857142,,0.043478260869565216,0.37037037037037035,0.5,0.5555555555555556,1.0,0.5555555555555556,0.4666666666666667,0.5384615384615384,0.8571428571428571,0.07407407407407407,,,,,,,,,0.4,,,,,,,,,0.3333333333333333,1.0,,,,0.37037037037037035,,0.4642481481481482,0.49765999999999994,0.4934,0.12903225806451613,0.12903225806451613,0.17647058823529413,0.29411764705882354,6.029629629629631,,0.3119266055045872,False,possessions,4Q/OT | margin -3..3 | 300..120,team,,,3.0,,,0.25,,,,,,,,,,,,,,,
wnba,wnba_shot_pace,shot_pace,possessions,get-possessions,2025,Regular Season,team,"{'OffDef': 'Offense', 'Season': '2025', 'SeasonType': 'Regular Season', 'TeamId': '1611661320'}",shot_pace,1611661320,4Q/OT | margin -3..3 | 300..120,get-possessions__possessions__off_def-Offense__season-2025__season_type-Regular_Season__team_id-1611661320__b6b37fbe,get-possessions,https://api.pbpstats.com/get-possessions/wnba?OffDef=Offense&Season=2025&SeasonType=Regular+Season&TeamId=1611661320,200,13,203824,Odyssey Sims,Odyssey Sims,10223.0,725,691,144,74,691,13.0,22,1.0,2.0,1.0,2.0,15.0,36.0,4.0,2.0,13.0,,,4.0,10.0,21.0,,1.0,,,28.0,62,12.0,34.0,26.0,118.0,1.0,2.0,8.0,,1.0,,4.0,2.0,6.0,,4.0,8.0,12.0,22.0,34.0,36.0,,,21.0,10.0,7.0,29.0,13.0,42.0,8.0,15.0,13.0,1.0,97.0,2.0,4.0,,6.0,6.0,9.0,3.0,7.0,8.0,3.0,2.0,,17,1.0,3.0,1.0,,1.0,29.0,,34.0,6.0,20.0,1.0,12.0,143,,0.39285714285714285,0.39285714285714285,1.0,0.35294117647058826,,,0.35294117647058826,0.45161290322580644,0.25,0.3333333333333333,0.4791666666666667,0.2222222222222222,0.2,0.5315315315315315,0.2222222222222222,0.42857142857142855,0.3541666666666667,0.11290322580645161,0.13636363636363635,0.1111111111111111,16.40826873385013,0.5294117647058824,,0.022988505747126436,0.015151515151515152,0.0196078431372549,0.0196078431372549,0.028846153846153848,,0.01098901098901099,0.024390243902439025,0.22916666666666666,0.5909090909090909,0.6842105263157895,0.5384615384615384,0.375,0.4166666666666667,0.46875,0.26666666666666666,0.041666666666666664,0.13541666666666666,0.15384615384615385,0.15384615384615385,1.0,0.21875,0.47619047619047616,0.47619047619047616,1.0,0.2222222222222222,0.5,1.0,,,,0.1111111111111111,,,0.2,0.5,0.4,,,0.5833333333333334,0.47619047619047616,0.49369791666666624,0.44477142857142865,0.4965400000000001,0.18181818181818182,0.2631578947368421,0.03389830508474576,0.1016949152542373,6.309677419354839,24.126470588235296,0.20839363241678727,False,possessions,4Q/OT | margin -3..3 | 300..120,team,,5.0,,,,,,,,,,,,,1.0,,,,,,
wnba,wnba_shot_pace,shot_pace,possessions,get-possessions,2025,Regular Season,team,"{'OffDef': 'Offense', 'Season': '2025', 'SeasonType': 'Regular Season', 'TeamId': '1611661320'}",shot_pace,1611661320,4Q/OT | margin -3..3 | 300..120,get-possessions__possessions__off_def-Offense__season-2025__season_type-Regular_Season__team_id-1611661320__b6b37fbe,get-possessions,https://api.pbpstats.com/get-possessions/wnba?OffDef=Offense&Season=2025&SeasonType=Regular+Season&TeamId=1611661320,200,14,203035,Shey Peddy,Shey Peddy,4141.0,293,274,69,32,274,3.0,5,,,1.0,2.0,1.0,4.0,2.0,3.0,7.0,,1.0,3.0,2.0,6.0,1.0,2.0,,,5.0,11,5.0,13.0,5.0,30.0,1.0,,,1.0,3.0,2.0,5.0,2.0,3.0,1.0,3.0,2.0,9.0,4.0,6.0,15.0,,,6.0,2.0,2.0,11.0,5.0,16.0,4.0,7.0,1.0,3.0,37.0,4.0,2.0,,6.0,6.0,4.0,,4.0,,,,,4,,1.0,,,,8.0,1.0,6.0,2.0,3.0,1.0,9.0,67,1.0,0.4,0.4,1.0,0.38461538461538464,0.3333333333333333,0.3333333333333333,0.38461538461538464,0.45454545454545453,,0.6666666666666666,0.5208333333333334,0.5,0.5833333333333334,0.5769230769230769,0.625,0.6428571428571429,0.5416666666666666,0.18181818181818182,0.2,0.25,9.493670886075948,1.0,,0.031746031746031744,0.07407407407407407,0.05128205128205128,0.030303030303030304,,0.16666666666666666,0.06818181818181818,0.1,0.20833333333333334,0.6,0.75,0.3333333333333333,0.16666666666666666,0.25,0.3333333333333333,,0.08333333333333333,0.2916666666666667,0.42857142857142855,0.42857142857142855,1.0,0.25,0.3333333333333333,0.3333333333333333,1.0,,,,0.3333333333333333,,,0.6666666666666666,0.5,1.0,0.3333333333333333,0.5,0.5,,,0.75,0.3333333333333333,0.5074708333333333,0.5467500000000001,0.4585666666666666,0.12,0.25,0.16666666666666666,0.3,6.045454545454544,24.23076923076923,0.2518248175182482,False,possessions,4Q/OT | margin -3..3 | 300..120,team,1.0,1.0,1.0,,,0.09090909090909091,0.3333333333333333,,1.0,,0.5,0.5,1.0,,,,,,,,
wnba,wnba_shot_pace,shot_pace,possessions,get-possessions,2025,Regular Season,team,"{'OffDef': 'Offense', 'Season': '2025', 'SeasonType': 'Regular Season', 'TeamId': '1611661320'}",shot_pace,1611661320,4Q/OT | margin -3..3 | 300..120,get-possessions__possessions__off_def-Offense__season-2025__season_type-Regular_Season__team_id-1611661320__b6b37fbe,get-possessions,https://api.pbpstats.com/get-possessions/wnba?OffDef=Offense&Season=2025&SeasonType=Regular+Season&TeamId=1611661320,200,15,1642820,Liatu King,Liatu King,3523.0,265,241,75,32,241,7.0,7,2.0,2.0,2.0,2.0,4.0,10.0,1.0,,3.0,,,1.0,1.0,3.0,,,,,11.0,18,1.0,6.0,11.0,36.0,2.0,2.0,4.0,,,,4.0,2.0,4.0,,1.0,2.0,6.0,18.0,4.0,3.0,,2.0,3.0,1.0,3.0,1.0,3.0,4.0,2.0,1.0,,,11.0,2.0,8.0,,10.0,10.0,7.0,1.0,4.0,4.0,,3.0,2.0,11,1.0,4.0,1.0,,1.0,8.0,,15.0,1.0,7.0,,6.0,75,,0.8181818181818182,0.9,1.0,0.16666666666666666,,,0.16666666666666666,0.6111111111111112,0.5,0.5,0.5208333333333334,0.5,0.4,0.6,0.5,0.5,0.25,0.16666666666666666,,0.3,15.018315018315018,0.6363636363636364,,0.16666666666666666,0.0625,0.125,0.2777777777777778,0.11538461538461539,,0.04,0.14285714285714285,0.2916666666666667,1.0,1.0,0.7142857142857143,0.4166666666666667,0.4,0.5714285714285714,1.0,0.041666666666666664,0.125,,,,0.125,0.3333333333333333,0.3333333333333333,1.0,0.5,1.0,0.5,,,,,,,0.4,1.0,0.2,,,0.5416666666666666,0.3333333333333333,0.45520000000000005,0.5375,0.48421000000000003,0.23333333333333334,0.2916666666666667,0.1111111111111111,0.16666666666666666,5.216666666666665,24.400000000000002,0.3112033195020747,False,possessions,4Q/OT | margin -3..3 | 300..120,team,,1.0,,,,,,,,,,,,,,,,,,,
wnba,wnba_shot_pace,shot_pace,possessions,get-possessions,2025,Regular Season,team,"{'OffDef': 'Offense', 'Season': '2025', 'SeasonType': 'Regular Season', 'TeamId': '1611661320'}",shot_pace,1611661320,4Q/OT | margin -3..3 | 300..120,get-possessions__possessions__off_def-Offense__season-2025__season_type-Regular_Season__team_id-1611661320__b6b37fbe,get-possessions,https://api.pbpstats.com/get-possessions/wnba?OffDef=Offense&Season=2025&SeasonType=Regular+Season&TeamId=1611661320,200,16,1641658,Grace Berger,Grace Berger,543.0,20,36,13,6,36,,1,,,,1.0,,,1.0,,,,,,,2.0,,,,1.0,,2,,2.0,,,,,,,,,,,2.0,,1.0,,,,,,,,1.0,,1.0,1.0,,1.0,,,1.0,,2.0,,1.0,,1.0,1.0,2.0,1.0,2.0,1.0,,,,3,,1.0,,,,,,,,,,,13,,,,,,,,,,,,,,,,,,0.5,0.5,1.0,,15.909090909090908,0.6666666666666666,,0.07692307692307693,,0.047619047619047616,,0.25,,,,0.25,,,,,,,,0.25,,,,,0.5,,,,,,,,,,,,,0.3333333333333333,,,0.3333333333333333,,0.75,,0.5006666666666667,,0.49105,,,,,8.2,38.95,0.3611111111111111,False,possessions,4Q/OT | margin -3..3 | 300..120,team,,,,,,,,,,,,,,,,,,,1.0,,
