league,job_id,job_family,variant,endpoint,season,season_type,scope,request_params,source,team_id,clutch_window,request_id,request_table,request_url,request_status,request_row_index,entity_id,name,short_name,seconds_played,plus_minus,off_poss,penalty_off_poss,second_chance_off_poss,total_poss,at_rim_fgm,at_rim_fga,second_chance_at_rim_fgm,second_chance_at_rim_fga,penalty_at_rim_fgm,penalty_at_rim_fga,short_mid_range_fgm,short_mid_range_fga,long_mid_range_fgm,long_mid_range_fga,corner3_fgm,corner3_fga,penalty_corner3_fgm,penalty_corner3_fga,arc3_fgm,arc3_fga,second_chance_arc3_fgm,second_chance_arc3_fga,penalty_arc3_fgm,penalty_arc3_fga,fg2m,fg2a,fg3m,fg3a,ft_points,points,second_chance_fg2_m,second_chance_fg2_a,second_chance_fg3_m,second_chance_fg3_a,second_chance_ft_points,second_chance_points,penalty_fg2_m,penalty_fg2_a,penalty_fg3_m,penalty_fg3_a,penalty_ft_points,penalty_points,pts_assisted2s,pts_unassisted2s,pts_assisted3s,pts_putbacks,non_heave_arc3_fga,non_heave_arc3_fgm,fg2a_blocked,two_pt_assists,three_pt_assists,assists,arc3_assists,corner3_assists,at_rim_assists,short_mid_range_assists,assist_points,off_three_pt_rebounds,off_two_pt_rebounds,ft_off_rebounds,off_rebounds,rebounds,self_o_reb,live_ball_turnovers,bad_pass_out_of_bounds_turnovers,bad_pass_turnovers,dead_ball_turnovers,lost_ball_out_of_bounds_turnovers,lost_ball_turnovers,travels,turnovers,second_chance_turnovers,penalty_turnovers,fouls,offensive fouls,fouls_drawn,loose ball fouls drawn,fta,2pt and 1 free throw trips,two_pt_shooting_fouls_drawn,non_shooting_fouls_drawn,penalty_points_excluding_take_fouls,penalty_off_poss_excluding_take_fouls,non_shooting_penalty_non_take_fouls_drawn,assisted2s_pct,non_putbacks_assisted2s_pct,assisted3s_pct,fg3_pct,second_chance_fg3_pct,penalty_fg3_pct,non_heave_fg3_pct,fg2_pct,second_chance_fg2_pct,penalty_fg2_pct,efg_pct,second_chance_efg_pct,penalty_efg_pct,ts_pct,second_chance_ts_pct,penalty_ts_pct,fg3_a_pct,fg2_a_pct_blocked,at_rim_pct_blocked,short_mid_range_pct_blocked,usage,live_ball_turnover_pct,off_ft_rebound_pct,off_two_pt_rebound_pct,off_three_pt_rebound_pct,off_fg_rebound_pct,off_at_rim_rebound_pct,off_short_mid_range_rebound_pct,off_long_mid_range_rebound_pct,off_arc3_rebound_pct,off_corner3_rebound_pct,self_o_reb_pct,at_rim_frequency,at_rim_accuracy,unblocked_at_rim_accuracy,at_rim_pct_assisted,short_mid_range_frequency,short_mid_range_accuracy,unblocked_short_mid_range_accuracy,short_mid_range_pct_assisted,long_mid_range_frequency,long_mid_range_accuracy,unblocked_long_mid_range_accuracy,long_mid_range_pct_assisted,corner3_frequency,corner3_accuracy,unblocked_corner3_accuracy,corner3_pct_assisted,arc3_frequency,arc3_accuracy,unblocked_arc3_accuracy,arc3_pct_assisted,second_chance_at_rim_frequency,second_chance_at_rim_accuracy,second_chance_at_rim_pct_assisted,second_chance_arc3_frequency,second_chance_arc3_accuracy,second_chance_arc3_pct_assisted,penalty_at_rim_frequency,penalty_at_rim_accuracy,penalty_corner3_frequency,penalty_corner3_accuracy,penalty_arc3_frequency,penalty_arc3_accuracy,at_rim_fg3_a_frequency,non_heave_arc3_accuracy,shot_quality_avg,second_chance_shot_quality_avg,penalty_shot_quality_avg,shooting_fouls_drawn_pct,two_pt_shooting_fouls_drawn_pct,second_chance_points_pct,penalty_points_pct,avg2pt_shot_distance,avg3pt_shot_distance,penalty_off_poss_pct,is_playoffs,job_variant,window_label,request_scope,heave_attempts,long_mid_range_assists,step_out_of_bounds_turnovers,def_poss,second_chance_corner3_fgm,second_chance_corner3_fga,pts_unassisted3s,charge fouls,long_mid_range_pct_blocked,second_chance_corner3_frequency,second_chance_corner3_accuracy,second_chance_corner3_pct_assisted,fg3a_blocked,fg3_a_pct_blocked,corner3_pct_blocked,opponent_points,three_pt_shooting_fouls_drawn,three_pt_shooting_fouls_drawn_pct,3_second_violations,transition take fouls drawn,3pt and 1 free throw trips,technical free throw trips,arc3_pct_blocked
wnba,wnba_shot_pace,shot_pace,possessions,get-possessions,2025,Regular Season,team,"{'OffDef': 'Offense', 'Season': '2025', 'SeasonType': 'Regular Season', 'TeamId': '1611661325'}",shot_pace,1611661325,4Q/OT | margin -3..3 | 300..120,get-possessions__possessions__off_def-Offense__season-2025__season_type-Regular_Season__team_id-1611661325__f98075ce,get-possessions,https://api.pbpstats.com/get-possessions/wnba?OffDef=Offense&Season=2025&SeasonType=Regular+Season&TeamId=1611661325,200,0,203024,Damiris Dantas,Damiris Dantas,13541.099999999999,882,875,293,122.0,875,18.0,24.0,8.0,8.0,3.0,6.0,17.0,49,3.0,12.0,2.0,9.0,1.0,3.0,23.0,86.0,2.0,7.0,3.0,25.0,38.0,85,25.0,95.0,23.0,174.0,9.0,17.0,2.0,7.0,8.0,32.0,8.0,24.0,4.0,28.0,12.0,40.0,52.0,24.0,75.0,14.0,86.0,23.0,10,12.0,13.0,25.0,11.0,2.0,10.0,2.0,63.0,18.0,9.0,1.0,28.0,28.0,1.0,16.0,2.0,12.0,13.0,1.0,4.0,2.0,29.0,3.0,9.0,7.0,7.0,28.0,4.0,26.0,2.0,12.0,2.0,40.0,293,2.0,0.6842105263157895,0.8387096774193549,1.0,0.2631578947368421,0.2857142857142857,0.14285714285714285,0.2631578947368421,0.4470588235294118,0.5294117647058824,0.3333333333333333,0.41944444444444445,0.5,0.2692307692307692,0.453125,0.5714285714285714,0.3389830508474576,0.5277777777777778,0.11764705882352941,0.08333333333333333,0.16326530612244897,21.794871794871792,0.5517241379310345,0.038461538461538464,0.0410958904109589,0.08695652173913043,0.06338028169014084,0.04878048780487805,0.041237113402061855,0.025,0.07228915662650602,0.14634146341463414,0.009615384615384616,0.13333333333333333,0.75,0.8181818181818182,0.5555555555555556,0.2722222222222222,0.3469387755102041,0.4146341463414634,0.7647058823529411,0.06666666666666667,0.25,0.25,1.0,0.05,0.2222222222222222,0.2222222222222222,1.0,0.4777777777777778,0.26744186046511625,0.26744186046511625,1.0,0.3333333333333333,1.0,0.25,0.2916666666666667,0.2857142857142857,1.0,0.11538461538461539,0.5,0.057692307692307696,0.3333333333333333,0.4807692307692308,0.12,0.6611111111111111,0.26744186046511625,0.47757138888888884,0.4436821428571429,0.4629259615384615,0.06315789473684211,0.12631578947368421,0.1839080459770115,0.22988505747126436,8.041176470588237,24.780000000000005,0.33485714285714285,False,possessions,4Q/OT | margin -3..3 | 300..120,team,,,,,,,,,,,,,,,,,,,,,,,
wnba,wnba_shot_pace,shot_pace,possessions,get-possessions,2025,Regular Season,team,"{'OffDef': 'Offense', 'Season': '2025', 'SeasonType': 'Regular Season', 'TeamId': '1611661325'}",shot_pace,1611661325,4Q/OT | margin -3..3 | 300..120,get-possessions__possessions__off_def-Offense__season-2025__season_type-Regular_Season__team_id-1611661325__f98075ce,get-possessions,https://api.pbpstats.com/get-possessions/wnba?OffDef=Offense&Season=2025&SeasonType=Regular+Season&TeamId=1611661325,200,1,203035,Shey Peddy,Shey Peddy,3906.0,268,242,83,31.0,242,1.0,1.0,,,,,4.0,7,1.0,1.0,6.0,9.0,,,5.0,13.0,1.0,1.0,3.0,5.0,6.0,9,11.0,22.0,2.0,47.0,1.0,1.0,1.0,1.0,,5.0,2.0,4.0,3.0,5.0,,13.0,4.0,8.0,33.0,,12.0,5.0,1,8.0,7.0,15.0,5.0,2.0,4.0,3.0,37.0,1.0,,,1.0,1.0,,3.0,3.0,3.0,6.0,,,1.0,9.0,,5.0,,,2.0,,3.0,1.0,2.0,,13.0,83,,0.3333333333333333,0.3333333333333333,1.0,0.5,1.0,0.6,0.5238095238095238,0.6666666666666666,1.0,0.5,0.7258064516129032,1.25,0.7222222222222222,0.734375,1.25,0.7222222222222222,0.7096774193548387,0.1111111111111111,,0.14285714285714285,14.642857142857144,0.3333333333333333,,,0.020833333333333332,0.008403361344537815,,,,0.02857142857142857,,,0.03225806451612903,1.0,1.0,,0.22580645161290322,0.5714285714285714,0.6666666666666666,0.5,0.03225806451612903,1.0,1.0,,0.2903225806451613,0.6666666666666666,0.6666666666666666,1.0,0.41935483870967744,0.38461538461538464,0.38461538461538464,1.0,,,,0.5,1.0,1.0,,,,,0.5555555555555556,0.6,0.7419354838709677,0.4166666666666667,0.48353,0.48002500000000003,0.45235625,0.0625,0.2,0.10638297872340426,0.2765957446808511,7.133333333333332,25.61363636363636,0.34297520661157027,False,possessions,4Q/OT | margin -3..3 | 300..120,team,1.0,1.0,1.0,,,,,,,,,,,,,,,,,,,,
wnba,wnba_shot_pace,shot_pace,possessions,get-possessions,2025,Regular Season,team,"{'OffDef': 'Offense', 'Season': '2025', 'SeasonType': 'Regular Season', 'TeamId': '1611661325'}",shot_pace,1611661325,4Q/OT | margin -3..3 | 300..120,get-possessions__possessions__off_def-Offense__season-2025__season_type-Regular_Season__team_id-1611661325__f98075ce,get-possessions,https://api.pbpstats.com/get-possessions/wnba?OffDef=Offense&Season=2025&SeasonType=Regular+Season&TeamId=1611661325,200,2,203824,Odyssey Sims,Odyssey Sims,9256.0,668,614,134,77.0,615,18.0,30.0,,1.0,5.0,7.0,20.0,48,2.0,11.0,2.0,6.0,,1.0,7.0,24.0,1.0,1.0,,1.0,40.0,89,9.0,30.0,17.0,124.0,3.0,8.0,2.0,4.0,,12.0,9.0,20.0,,2.0,12.0,30.0,34.0,46.0,24.0,2.0,24.0,7.0,10,35.0,13.0,48.0,9.0,4.0,14.0,12.0,109.0,1.0,3.0,,4.0,4.0,1.0,9.0,3.0,7.0,7.0,1.0,2.0,,16.0,,3.0,2.0,1.0,24.0,1.0,21.0,1.0,6.0,5.0,28.0,133,4.0,0.425,0.4358974358974359,0.8888888888888888,0.3,0.5,,0.3,0.449438202247191,0.375,0.45,0.4495798319327731,0.5,0.4090909090909091,0.4806201550387597,0.5,0.5172413793103449,0.25210084033613445,0.11235955056179775,0.06666666666666667,0.14583333333333334,20.714285714285715,0.5625,,0.016483516483516484,0.010638297872340425,0.014492753623188406,0.014492753623188406,0.012048192771084338,0.03333333333333333,0.014492753623188406,,0.01694915254237288,0.25210084033613445,0.6,0.6428571428571429,0.6666666666666666,0.40336134453781514,0.4166666666666667,0.4878048780487805,0.25,0.09243697478991597,0.18181818181818182,0.2,,0.05042016806722689,0.3333333333333333,0.3333333333333333,1.0,0.20168067226890757,0.2916666666666667,0.2916666666666667,0.8571428571428571,0.08333333333333333,,,0.08333333333333333,1.0,1.0,0.3181818181818182,0.7142857142857143,0.045454545454545456,,0.045454545454545456,,0.5042016806722689,0.2916666666666667,0.47792689075630285,0.46122857142857143,0.4643181818181818,0.04838709677419355,0.06382978723404255,0.0967741935483871,0.24193548387096775,6.8393258426966295,25.086666666666662,0.2182410423452769,False,possessions,4Q/OT | margin -3..3 | 300..120,team,,9.0,1.0,1.0,1.0,3.0,3.0,1.0,0.09090909090909091,0.25,0.3333333333333333,1.0,,,,,,,,,,,
wnba,wnba_shot_pace,shot_pace,possessions,get-possessions,2025,Regular Season,team,"{'OffDef': 'Offense', 'Season': '2025', 'SeasonType': 'Regular Season', 'TeamId': '1611661325'}",shot_pace,1611661325,4Q/OT | margin -3..3 | 300..120,get-possessions__possessions__off_def-Offense__season-2025__season_type-Regular_Season__team_id-1611661325__f98075ce,get-possessions,https://api.pbpstats.com/get-possessions/wnba?OffDef=Offense&Season=2025&SeasonType=Regular+Season&TeamId=1611661325,200,3,1627672,Aerial Powers,Aerial Powers,4794.0,327,306,85,40.0,306,11.0,16.0,4.0,5.0,2.0,3.0,6.0,18,3.0,10.0,,2.0,,,7.0,17.0,1.0,1.0,1.0,3.0,20.0,44,7.0,19.0,11.0,72.0,6.0,11.0,1.0,1.0,4.0,19.0,4.0,9.0,1.0,3.0,6.0,17.0,12.0,28.0,21.0,6.0,17.0,7.0,5,14.0,5.0,19.0,3.0,2.0,8.0,6.0,43.0,1.0,8.0,,9.0,9.0,1.0,6.0,2.0,5.0,5.0,1.0,1.0,1.0,11.0,,2.0,1.0,1.0,16.0,,17.0,5.0,9.0,1.0,17.0,85,1.0,0.3,0.35294117647058826,1.0,0.3684210526315789,1.0,0.3333333333333333,0.3684210526315789,0.45454545454545453,0.5454545454545454,0.4444444444444444,0.48412698412698413,0.625,0.4583333333333333,0.5294117647058824,0.7307692307692307,0.5666666666666667,0.30158730158730157,0.11363636363636363,0.125,0.16666666666666666,22.316384180790962,0.5454545454545454,,0.08163265306122448,0.017857142857142856,0.05844155844155844,0.125,0.057692307692307696,0.09090909090909091,,0.07142857142857142,0.03333333333333333,0.25396825396825395,0.6875,0.7857142857142857,0.2727272727272727,0.2857142857142857,0.3333333333333333,0.4,0.3333333333333333,0.15873015873015872,0.3,0.3,0.3333333333333333,0.031746031746031744,,,,0.2698412698412698,0.4117647058823529,0.4117647058823529,1.0,0.4166666666666667,0.8,,0.08333333333333333,1.0,1.0,0.25,0.6666666666666666,,,0.25,0.3333333333333333,0.5555555555555556,0.4117647058823529,0.4775682539682539,0.4411444444444445,0.4683458333333333,0.13432835820895522,0.1875,0.2638888888888889,0.2361111111111111,8.102272727272727,24.563157894736843,0.2777777777777778,False,possessions,4Q/OT | margin -3..3 | 300..120,team,,,,,,,,,,,,,1.0,0.05263157894736842,0.5,,,,,,,,
wnba,wnba_shot_pace,shot_pace,possessions,get-possessions,2025,Regular Season,team,"{'OffDef': 'Offense', 'Season': '2025', 'SeasonType': 'Regular Season', 'TeamId': '1611661325'}",shot_pace,1611661325,4Q/OT | margin -3..3 | 300..120,get-possessions__possessions__off_def-Offense__season-2025__season_type-Regular_Season__team_id-1611661325__f98075ce,get-possessions,https://api.pbpstats.com/get-possessions/wnba?OffDef=Offense&Season=2025&SeasonType=Regular+Season&TeamId=1611661325,200,4,1642815,Makayla Timpson,Makayla Timpson,6931.0,419,418,142,60.0,418,23.0,36.0,11.0,15.0,9.0,15.0,9.0,21,,,,,,,,,,,,,32.0,57,,,18.0,82.0,12.0,18.0,,,1.0,25.0,11.0,21.0,,,3.0,25.0,48.0,16.0,,14.0,,,8,,1.0,1.0,1.0,,,,3.0,5.0,11.0,2.0,18.0,18.0,,2.0,,1.0,6.0,2.0,1.0,,8.0,,4.0,2.0,2.0,24.0,2.0,27.0,1.0,12.0,2.0,25.0,142,1.0,0.75,0.96,,,,,,0.5614035087719298,0.6666666666666666,0.5238095238095238,0.5614035087719298,0.6666666666666666,0.5238095238095238,0.5857142857142857,0.6578947368421053,0.5208333333333334,,0.14035087719298245,0.1388888888888889,0.14285714285714285,15.98360655737705,0.25,0.18181818181818182,0.09322033898305085,0.05813953488372093,0.0784313725490196,0.1111111111111111,0.08163265306122448,0.08333333333333333,0.06060606060606061,0.05,,0.631578947368421,0.6388888888888888,0.7419354838709677,0.6521739130434783,0.3684210526315789,0.42857142857142855,0.5,1.0,,,,,,,,,,,,,0.8333333333333334,0.7333333333333333,0.36363636363636365,,,,0.7142857142857143,0.6,,,,,0.631578947368421,,0.543178947368421,0.6404428571428572,0.5495476190476192,0.17647058823529413,0.17647058823529413,0.3048780487804878,0.3048780487804878,3.8877192982456124,,0.3397129186602871,False,possessions,4Q/OT | margin -3..3 | 300..120,team,,,2.0,,,,,,,,,,,,,,,,,,,,
wnba,wnba_shot_pace,shot_pace,possessions,get-possessions,2025,Regular Season,team,"{'OffDef': 'Offense', 'Season': '2025', 'SeasonType': 'Regular Season', 'TeamId': '1611661325'}",shot_pace,1611661325,4Q/OT | margin -3..3 | 300..120,get-possessions__possessions__off_def-Offense__season-2025__season_type-Regular_Season__team_id-1611661325__f98075ce,get-possessions,https://api.pbpstats.com/get-possessions/wnba?OffDef=Offense&Season=2025&SeasonType=Regular+Season&TeamId=1611661325,200,5,1629488,Brianna Turner,Brianna Turner,6996.0,442,448,143,58.0,449,11.0,22.0,2.0,6.0,3.0,6.0,2.0,5,,4.0,,1.0,,,,,,,,,13.0,31,,1.0,4.0,30.0,2.0,9.0,,,,4.0,3.0,9.0,,,4.0,10.0,22.0,4.0,,4.0,,,2,5.0,12.0,17.0,5.0,7.0,3.0,1.0,46.0,5.0,13.0,,18.0,18.0,,7.0,1.0,5.0,2.0,,2.0,,9.0,3.0,5.0,1.0,1.0,6.0,3.0,8.0,,1.0,3.0,10.0,142,3.0,0.8461538461538461,1.0,,,,,,0.41935483870967744,0.2222222222222222,0.3333333333333333,0.40625,0.2222222222222222,0.3333333333333333,0.4166666666666667,0.2222222222222222,0.38461538461538464,0.03125,0.06451612903225806,,0.4,8.704061895551257,0.7777777777777778,,0.10236220472440945,0.05319148936170213,0.08144796380090498,0.06521739130434782,0.1,0.19047619047619047,0.05333333333333334,0.05263157894736842,,0.6875,0.5,0.5,0.8181818181818182,0.15625,0.4,0.6666666666666666,1.0,0.125,,,,0.03125,,,,,,,,0.6666666666666666,0.3333333333333333,,,,,0.6666666666666666,0.5,,,,,0.71875,,0.53349375,0.5360625,0.5153888888888889,0.030303030303030304,0.03125,0.13333333333333333,0.3333333333333333,4.819354838709676,22.9,0.31919642857142855,False,possessions,4Q/OT | margin -3..3 | 300..120,team,,1.0,,1.0,,,,,,,,,,,,1.0,,,,,,,
wnba,wnba_shot_pace,shot_pace,possessions,get-possessions,2025,Regular Season,team,"{'OffDef': 'Offense', 'Season': '2025', 'SeasonType': 'Regular Season', 'TeamId': '1611661325'}",shot_pace,1611661325,4Q/OT | margin -3..3 | 300..120,get-possessions__possessions__off_def-Offense__season-2025__season_type-Regular_Season__team_id-1611661325__f98075ce,get-possessions,https://api.pbpstats.com/get-possessions/wnba?OffDef=Offense&Season=2025&SeasonType=Regular+Season&TeamId=1611661325,200,6,203827,Natasha Howard,Natasha Howard,30772.0,2298,2089,383,254.0,2090,130.0,191.0,48.0,65.0,17.0,30.0,63.0,125,1.0,13.0,2.0,10.0,,1.0,4.0,22.0,,1.0,1.0,6.0,194.0,329,6.0,32.0,94.0,500.0,56.0,81.0,,1.0,23.0,135.0,27.0,48.0,1.0,7.0,22.0,79.0,258.0,130.0,18.0,66.0,22.0,4.0,19,46.0,20.0,66.0,16.0,4.0,31.0,10.0,152.0,31.0,54.0,1.0,86.0,86.0,11.0,39.0,7.0,26.0,46.0,6.0,13.0,20.0,85.0,5.0,14.0,12.0,9.0,99.0,8.0,132.0,9.0,58.0,13.0,79.0,380,12.0,0.6649484536082474,0.8012422360248447,1.0,0.1875,,0.14285714285714285,0.1875,0.5896656534954408,0.691358024691358,0.5625,0.5623268698060941,0.6829268292682927,0.5181818181818182,0.5910165484633569,0.7105263157894737,0.5563380281690141,0.0886426592797784,0.057750759878419454,0.06806282722513089,0.048,21.374367622259697,0.4588235294117647,0.017857142857142856,0.09800362976406533,0.08781869688385269,0.09402654867256637,0.1206896551724138,0.08490566037735849,0.07476635514018691,0.07017543859649122,0.16176470588235295,0.07913669064748201,0.5290858725761773,0.680628272251309,0.7303370786516854,0.6538461538461539,0.3462603878116344,0.504,0.5294117647058824,0.6825396825396826,0.036011080332409975,0.07692307692307693,0.07692307692307693,1.0,0.027700831024930747,0.2,0.2,1.0,0.060941828254847646,0.18181818181818182,0.18181818181818182,1.0,0.7926829268292683,0.7384615384615385,0.3125,0.012195121951219513,,,0.5454545454545454,0.5666666666666667,0.01818181818181818,,0.10909090909090909,0.16666666666666666,0.6177285318559557,0.18181818181818182,0.524051805555556,0.5653107142857144,0.5198,0.14146341463414633,0.15343915343915343,0.27,0.158,4.543465045592708,24.893750000000004,0.18334131163235998,False,possessions,4Q/OT | margin -3..3 | 300..120,team,,5.0,1.0,1.0,,,,2.0,,,,,,,,1.0,,,,,,,
wnba,wnba_shot_pace,shot_pace,possessions,get-possessions,2025,Regular Season,team,"{'OffDef': 'Offense', 'Season': '2025', 'SeasonType': 'Regular Season', 'TeamId': '1611661325'}",shot_pace,1611661325,4Q/OT | margin -3..3 | 300..120,get-possessions__possessions__off_def-Offense__season-2025__season_type-Regular_Season__team_id-1611661325__f98075ce,get-possessions,https://api.pbpstats.com/get-possessions/wnba?OffDef=Offense&Season=2025&SeasonType=Regular+Season&TeamId=1611661325,200,7,1631086,Lexie Hull,Lexie Hull,34940.7,2527,2324,526,312.0,2325,31.0,67.0,9.0,21.0,5.0,11.0,19.0,56,13.0,26.0,26.0,72.0,5.0,15.0,29.0,78.0,4.0,7.0,6.0,16.0,63.0,149,55.0,150.0,26.0,317.0,13.0,34.0,7.0,12.0,11.0,58.0,11.0,28.0,11.0,31.0,10.0,65.0,78.0,48.0,153.0,12.0,78.0,29.0,17,51.0,28.0,79.0,16.0,12.0,31.0,20.0,186.0,34.0,27.0,1.0,62.0,62.0,6.0,29.0,4.0,17.0,12.0,4.0,12.0,,41.0,8.0,9.0,2.0,2.0,37.0,6.0,34.0,5.0,12.0,6.0,65.0,520,6.0,0.6190476190476191,0.6842105263157895,0.9272727272727272,0.36666666666666664,0.5833333333333334,0.3548387096774194,0.36666666666666664,0.4228187919463087,0.38235294117647056,0.39285714285714285,0.4866220735785953,0.5108695652173914,0.4661016949152542,0.5063897763578274,0.5576923076923077,0.49242424242424243,0.5016722408026756,0.11409395973154363,0.16417910447761194,0.08928571428571429,13.228699551569505,0.7073170731707317,0.015873015873015872,0.043973941368078175,0.07407407407407407,0.05684995340167754,0.04048582995951417,0.028225806451612902,0.08403361344537816,0.08732394366197183,0.028846153846153848,0.03773584905660377,0.22408026755852842,0.4626865671641791,0.5535714285714286,0.5483870967741935,0.18729096989966554,0.3392857142857143,0.37254901960784315,0.5789473684210527,0.08695652173913043,0.5,0.52,0.8461538461538461,0.2408026755852843,0.3611111111111111,0.37142857142857144,1.0,0.2608695652173913,0.3717948717948718,0.3717948717948718,0.8620689655172413,0.45652173913043476,0.42857142857142855,0.2222222222222222,0.15217391304347827,0.5714285714285714,0.5,0.1864406779661017,0.45454545454545453,0.2542372881355932,0.3333333333333333,0.2711864406779661,0.375,0.725752508361204,0.3717948717948718,0.513980769230769,0.5342457142857143,0.4829601694915254,0.04234527687296417,0.07692307692307693,0.1829652996845426,0.20504731861198738,7.222818791946308,24.072666666666663,0.22633390705679862,False,possessions,4Q/OT | margin -3..3 | 300..120,team,,,1.0,1.0,3.0,5.0,12.0,,0.038461538461538464,0.10869565217391304,0.6,1.0,2.0,0.013333333333333334,0.027777777777777776,1.0,1.0,0.006622516556291391,,,,,
wnba,wnba_shot_pace,shot_pace,possessions,get-possessions,2025,Regular Season,team,"{'OffDef': 'Offense', 'Season': '2025', 'SeasonType': 'Regular Season', 'TeamId': '1611661325'}",shot_pace,1611661325,4Q/OT | margin -3..3 | 300..120,get-possessions__possessions__off_def-Offense__season-2025__season_type-Regular_Season__team_id-1611661325__f98075ce,get-possessions,https://api.pbpstats.com/get-possessions/wnba?OffDef=Offense&Season=2025&SeasonType=Regular+Season&TeamId=1611661325,200,8,1641648,Aliyah Boston,Aliyah Boston,38980.8,2859,2597,491,327.0,2599,157.0,255.0,32.0,57.0,22.0,38.0,84.0,178,24.0,41.0,,3.0,,,6.0,26.0,,4.0,1.0,8.0,265.0,474,6.0,29.0,112.0,660.0,50.0,78.0,,4.0,22.0,122.0,38.0,69.0,1.0,8.0,36.0,115.0,362.0,168.0,18.0,46.0,25.0,6.0,39,87.0,76.0,163.0,55.0,21.0,47.0,17.0,402.0,32.0,73.0,2.0,107.0,107.0,25.0,31.0,11.0,20.0,50.0,3.0,11.0,8.0,81.0,3.0,15.0,25.0,24.0,169.0,8.0,147.0,13.0,63.0,17.0,115.0,484,17.0,0.6830188679245283,0.7479338842975206,1.0,0.20689655172413793,,0.125,0.21428571428571427,0.5590717299578059,0.6410256410256411,0.5507246376811594,0.5447316103379721,0.6097560975609756,0.512987012987013,0.5789473684210527,0.6288659793814433,0.558252427184466,0.05765407554671968,0.08227848101265822,0.09411764705882353,0.08426966292134831,21.956155143338954,0.38271604938271603,0.028985507246376812,0.10124826629680998,0.06837606837606838,0.08830950378469302,0.12786885245901639,0.08571428571428572,0.07352941176470588,0.06970509383378017,0.06315789473684211,0.13157894736842105,0.5069582504970179,0.615686274509804,0.6796536796536796,0.5987261146496815,0.3538767395626243,0.47191011235955055,0.5153374233128835,0.75,0.08151093439363817,0.5853658536585366,0.5853658536585366,1.0,0.005964214711729622,,,,0.05168986083499006,0.23076923076923078,0.23076923076923078,1.0,0.6951219512195121,0.5614035087719298,0.25,0.04878048780487805,,,0.4935064935064935,0.5789473684210527,,,0.1038961038961039,0.125,0.5646123260437376,0.24,0.5028134730538927,0.5486838983050847,0.5003837662337662,0.11392405063291139,0.12022900763358779,0.18484848484848485,0.17424242424242425,5.249789029535868,26.210344827586205,0.18906430496726992,False,possessions,4Q/OT | margin -3..3 | 300..120,team,1.0,23.0,2.0,2.0,,,,1.0,,,,,,,,,,,1.0,,,,
wnba,wnba_shot_pace,shot_pace,possessions,get-possessions,2025,Regular Season,team,"{'OffDef': 'Offense', 'Season': '2025', 'SeasonType': 'Regular Season', 'TeamId': '1611661325'}",shot_pace,1611661325,4Q/OT | margin -3..3 | 300..120,get-possessions__possessions__off_def-Offense__season-2025__season_type-Regular_Season__team_id-1611661325__f98075ce,get-possessions,https://api.pbpstats.com/get-possessions/wnba?OffDef=Offense&Season=2025&SeasonType=Regular+Season&TeamId=1611661325,200,9,1628909,Kelsey Mitchell,Kelsey Mitchell,40422.9,2997,2741,597,339.0,2743,124.0,207.0,5.0,12.0,37.0,57.0,36.0,83,44.0,119.0,27.0,52.0,6.0,9.0,84.0,230.0,9.0,25.0,17.0,53.0,204.0,409,111.0,282.0,148.0,889.0,11.0,26.0,13.0,32.0,13.0,74.0,48.0,102.0,23.0,62.0,62.0,227.0,222.0,186.0,261.0,4.0,230.0,84.0,24,107.0,43.0,150.0,31.0,12.0,63.0,32.0,343.0,10.0,8.0,,18.0,18.0,8.0,37.0,17.0,28.0,41.0,2.0,9.0,8.0,78.0,2.0,13.0,7.0,7.0,142.0,4.0,187.0,17.0,65.0,26.0,223.0,590,16.0,0.5441176470588235,0.5495049504950495,0.7837837837837838,0.39361702127659576,0.40625,0.3709677419354839,0.39361702127659576,0.49877750611246946,0.4230769230769231,0.47058823529411764,0.5361794500723589,0.5258620689655172,0.5030487804878049,0.5720779220779221,0.5606060606060606,0.5544554455445545,0.4081041968162084,0.05867970660146699,0.05314009661835749,0.10843373493975904,26.93290734824281,0.47435897435897434,,0.010723860589812333,0.01937984496124031,0.014263074484944533,0.006230529595015576,0.01773049645390071,0.006993006993006993,0.019464720194647202,0.01904761904761905,0.023255813953488372,0.2995658465991317,0.5990338164251208,0.6326530612244898,0.532258064516129,0.12011577424023155,0.43373493975903615,0.4864864864864865,0.4166666666666667,0.17221418234442837,0.3697478991596639,0.3826086956521739,0.6818181818181818,0.07525325615050651,0.5192307692307693,0.5192307692307693,1.0,0.33285094066570187,0.3652173913043478,0.36681222707423583,0.7142857142857143,0.20689655172413793,0.4166666666666667,0.4,0.43103448275862066,0.36,0.4444444444444444,0.3475609756097561,0.6491228070175439,0.054878048780487805,0.6666666666666666,0.3231707317073171,0.32075471698113206,0.7076700434153401,0.3652173913043478,0.515396454413893,0.5372486486486486,0.49402743902439006,0.09421265141318977,0.1422319474835886,0.08323959505061868,0.25534308211473566,7.895354523227391,24.707092198581577,0.21780372126960962,False,possessions,4Q/OT | margin -3..3 | 300..120,team,,12.0,4.0,2.0,4.0,7.0,72.0,,0.03361344537815126,0.1206896551724138,0.5714285714285714,1.0,1.0,0.0035460992907801418,,1.0,6.0,0.017482517482517484,,1.0,1.0,9.0,0.004347826086956522
wnba,wnba_shot_pace,shot_pace,possessions,get-possessions,2025,Regular Season,team,"{'OffDef': 'Offense', 'Season': '2025', 'SeasonType': 'Regular Season', 'TeamId': '1611661325'}",shot_pace,1611661325,4Q/OT | margin -3..3 | 300..120,get-possessions__possessions__off_def-Offense__season-2025__season_type-Regular_Season__team_id-1611661325__f98075ce,get-possessions,https://api.pbpstats.com/get-possessions/wnba?OffDef=Offense&Season=2025&SeasonType=Regular+Season&TeamId=1611661325,200,10,1642788,Bree Hall,Bree Hall,179.0,11,10,6,,10,,,,,,,,1,,1.0,,,,,,,,,,,,2,,,,,,,,,,,,2.0,,,,,,,,,,,1,,,,,,,,,,,,,,,,,,,,,,,,,,,,,,,,,,6,,,,,,,,,,,,,,,,,,,0.5,,1.0,20.0,,,,,,,,,,,,,,,,0.5,,,,0.5,,,,,,,,,,,,,,,,,,,,,,,,,,0.34025,,0.34025,,,,,11.95,,0.6,False,possessions,4Q/OT | margin -3..3 | 300..120,team,,,,,,,,,,,,,,,,,,,,,,,
wnba,wnba_shot_pace,shot_pace,possessions,get-possessions,2025,Regular Season,team,"{'OffDef': 'Offense', 'Season': '2025', 'SeasonType': 'Regular Season', 'TeamId': '1611661325'}",shot_pace,1611661325,4Q/OT | margin -3..3 | 300..120,get-possessions__possessions__off_def-Offense__season-2025__season_type-Regular_Season__team_id-1611661325__f98075ce,get-possessions,https://api.pbpstats.com/get-possessions/wnba?OffDef=Offense&Season=2025&SeasonType=Regular+Season&TeamId=1611661325,200,11,1631064,Chloe Bibby,Chloe Bibby,2737.9,193,185,74,21.0,185,,,,,,,,2,1.0,3.0,5.0,8.0,1.0,3.0,4.0,15.0,1.0,4.0,4.0,7.0,1.0,5,9.0,23.0,6.0,35.0,,,2.0,5.0,,6.0,,,5.0,10.0,3.0,18.0,2.0,,27.0,,15.0,4.0,1,4.0,,4.0,,,3.0,1.0,8.0,1.0,1.0,,2.0,2.0,,4.0,2.0,3.0,3.0,,1.0,,7.0,,3.0,1.0,1.0,5.0,,7.0,,1.0,1.0,18.0,74,1.0,1.0,1.0,1.0,0.391304347826087,0.4,0.5,0.391304347826087,0.2,,,0.5178571428571429,0.6,0.75,0.5645161290322581,0.6,0.75,0.8214285714285714,0.2,,0.5,18.095238095238095,0.5714285714285714,,0.02564102564102564,0.023255813953488372,0.024390243902439025,,0.058823529411764705,,,0.1,,,,,,0.07142857142857142,,,,0.10714285714285714,0.3333333333333333,0.3333333333333333,1.0,0.2857142857142857,0.625,0.625,1.0,0.5357142857142857,0.26666666666666666,0.26666666666666666,1.0,,,,0.8,0.25,1.0,,,0.3,0.3333333333333333,0.7,0.5714285714285714,0.8214285714285714,0.26666666666666666,0.4791500000000001,0.5361,0.48873,0.06666666666666667,0.16666666666666666,0.17142857142857143,0.5142857142857142,15.7,24.926086956521736,0.4,False,possessions,4Q/OT | margin -3..3 | 300..120,team,,,,,1.0,1.0,,,,0.2,1.0,1.0,,,,,1.0,0.041666666666666664,,,,,
wnba,wnba_shot_pace,shot_pace,possessions,get-possessions,2025,Regular Season,team,"{'OffDef': 'Offense', 'Season': '2025', 'SeasonType': 'Regular Season', 'TeamId': '1611661325'}",shot_pace,1611661325,4Q/OT | margin -3..3 | 300..120,get-possessions__possessions__off_def-Offense__season-2025__season_type-Regular_Season__team_id-1611661325__f98075ce,get-possessions,https://api.pbpstats.com/get-possessions/wnba?OffDef=Offense&Season=2025&SeasonType=Regular+Season&TeamId=1611661325,200,12,1629482,Sophie Cunningham,Sophie Cunningham,22851.2,1612,1524,367,188.0,1525,30.0,47.0,3.0,5.0,7.0,9.0,1.0,5,,5.0,13.0,35.0,2.0,3.0,38.0,83.0,6.0,15.0,10.0,18.0,31.0,57,51.0,118.0,41.0,256.0,4.0,7.0,7.0,19.0,2.0,31.0,8.0,11.0,12.0,21.0,22.0,74.0,44.0,18.0,141.0,4.0,83.0,38.0,9,25.0,11.0,36.0,6.0,5.0,19.0,3.0,83.0,8.0,6.0,1.0,15.0,15.0,1.0,12.0,4.0,5.0,22.0,2.0,7.0,2.0,34.0,5.0,9.0,9.0,9.0,48.0,2.0,47.0,2.0,12.0,11.0,71.0,362,8.0,0.7096774193548387,0.7586206896551724,0.9215686274509803,0.4322033898305085,0.3684210526315789,0.5714285714285714,0.4322033898305085,0.543859649122807,0.5714285714285714,0.7272727272727273,0.6142857142857143,0.5576923076923077,0.8125,0.649746192893401,0.5535714285714286,0.8409090909090909,0.6742857142857143,0.15789473684210525,0.1702127659574468,0.2,13.225991949396205,0.35294117647058826,0.03125,0.014925373134328358,0.026845637583892617,0.02,0.022988505747126436,0.006172839506172839,0.015151515151515152,0.03319502074688797,,0.012195121951219513,0.26857142857142857,0.6382978723404256,0.7692307692307693,0.7333333333333333,0.02857142857142857,0.2,0.25,,0.02857142857142857,,,,0.2,0.37142857142857144,0.38235294117647056,1.0,0.4742857142857143,0.4578313253012048,0.4578313253012048,0.8947368421052632,0.19230769230769232,0.6,0.6666666666666666,0.5769230769230769,0.4,1.0,0.28125,0.7777777777777778,0.09375,0.6666666666666666,0.5625,0.5555555555555556,0.9428571428571428,0.4578313253012048,0.548261142857143,0.5437916666666666,0.52154375,0.07526881720430108,0.1791044776119403,0.12109375,0.2890625,4.080701754385965,25.01525423728814,0.24081364829396326,False,possessions,4Q/OT | margin -3..3 | 300..120,team,,3.0,4.0,1.0,1.0,4.0,12.0,,,0.15384615384615385,0.25,1.0,1.0,0.00847457627118644,0.02857142857142857,1.0,2.0,0.01680672268907563,,1.0,1.0,,
wnba,wnba_shot_pace,shot_pace,possessions,get-possessions,2025,Regular Season,team,"{'OffDef': 'Offense', 'Season': '2025', 'SeasonType': 'Regular Season', 'TeamId': '1611661325'}",shot_pace,1611661325,4Q/OT | margin -3..3 | 300..120,get-possessions__possessions__off_def-Offense__season-2025__season_type-Regular_Season__team_id-1611661325__f98075ce,get-possessions,https://api.pbpstats.com/get-possessions/wnba?OffDef=Offense&Season=2025&SeasonType=Regular+Season&TeamId=1611661325,200,13,1630462,Aari McDonald,Aari McDonald,15872.8,1120,1043,264,127.0,1044,30.0,46.0,3.0,3.0,7.0,13.0,6.0,22,6.0,8.0,3.0,8.0,,,21.0,70.0,3.0,7.0,3.0,16.0,42.0,76,24.0,78.0,40.0,196.0,6.0,7.0,3.0,8.0,,21.0,11.0,23.0,3.0,16.0,17.0,48.0,28.0,56.0,57.0,2.0,70.0,21.0,5,63.0,31.0,94.0,21.0,10.0,34.0,16.0,219.0,2.0,7.0,,9.0,9.0,3.0,27.0,7.0,22.0,19.0,3.0,5.0,2.0,46.0,2.0,8.0,4.0,2.0,39.0,2.0,51.0,6.0,20.0,9.0,48.0,261,8.0,0.3333333333333333,0.34146341463414637,0.7916666666666666,0.3076923076923077,0.375,0.1875,0.3076923076923077,0.5526315789473685,0.8571428571428571,0.4782608695652174,0.5064935064935064,0.7,0.3974358974358974,0.5536723163841808,0.7,0.4897959183673469,0.5064935064935064,0.06578947368421052,0.08695652173913043,0.045454545454545456,18.686868686868685,0.5869565217391305,,0.026022304832713755,0.00980392156862745,0.019027484143763214,0.025423728813559324,0.0380952380952381,,0.005747126436781609,0.03333333333333333,0.038461538461538464,0.2987012987012987,0.6521739130434783,0.7142857142857143,0.4,0.14285714285714285,0.2727272727272727,0.2857142857142857,0.3333333333333333,0.05194805194805195,0.75,0.75,,0.05194805194805195,0.375,0.375,1.0,0.45454545454545453,0.3,0.30434782608695654,0.7619047619047619,0.2,1.0,,0.4666666666666667,0.42857142857142855,0.6666666666666666,0.3333333333333333,0.5384615384615384,,,0.41025641025641024,0.1875,0.8051948051948052,0.3,0.5271902597402597,0.4753772727272727,0.4870871794871796,0.11904761904761904,0.2222222222222222,0.10714285714285714,0.24489795918367346,5.339473684210528,24.95,0.25311601150527324,False,possessions,4Q/OT | margin -3..3 | 300..120,team,,13.0,1.0,1.0,,1.0,15.0,2.0,,0.06666666666666667,,,1.0,0.01282051282051282,,,,,,1.0,,,0.014285714285714285
wnba,wnba_shot_pace,shot_pace,possessions,get-possessions,2025,Regular Season,team,"{'OffDef': 'Offense', 'Season': '2025', 'SeasonType': 'Regular Season', 'TeamId': '1611661325'}",shot_pace,1611661325,4Q/OT | margin -3..3 | 300..120,get-possessions__possessions__off_def-Offense__season-2025__season_type-Regular_Season__team_id-1611661325__f98075ce,get-possessions,https://api.pbpstats.com/get-possessions/wnba?OffDef=Offense&Season=2025&SeasonType=Regular+Season&TeamId=1611661325,200,14,202641,Sydney Colson,Sydney Colson,12409.1,757,791,204,104.0,791,6.0,9.0,,1.0,1.0,2.0,3.0,9,4.0,11.0,2.0,7.0,1.0,2.0,11.0,38.0,1.0,2.0,3.0,9.0,13.0,29,13.0,45.0,6.0,71.0,,2.0,1.0,3.0,,3.0,3.0,7.0,4.0,11.0,,18.0,10.0,16.0,27.0,,37.0,11.0,1,35.0,25.0,60.0,19.0,6.0,19.0,15.0,145.0,4.0,2.0,1.0,7.0,7.0,1.0,22.0,7.0,16.0,13.0,1.0,6.0,1.0,35.0,2.0,8.0,2.0,2.0,8.0,,7.0,,2.0,,18.0,203,,0.38461538461538464,0.38461538461538464,0.6923076923076923,0.28888888888888886,0.3333333333333333,0.36363636363636365,0.29545454545454547,0.4482758620689655,,0.42857142857142855,0.4391891891891892,0.3,0.5,0.461038961038961,0.3,0.5,0.6081081081081081,0.034482758620689655,0.1111111111111111,,12.375690607734805,0.6285714285714286,0.043478260869565216,0.009708737864077669,0.023952095808383235,0.0160857908847185,0.011627906976744186,0.01282051282051282,,0.029850746268656716,,0.022727272727272728,0.12162162162162163,0.6666666666666666,0.75,0.3333333333333333,0.12162162162162163,0.3333333333333333,0.3333333333333333,0.3333333333333333,0.14864864864864866,0.36363636363636365,0.36363636363636365,0.5,0.0945945945945946,0.2857142857142857,0.2857142857142857,1.0,0.5135135135135135,0.2894736842105263,0.2972972972972973,0.6363636363636364,0.2,,,0.4,0.5,1.0,0.1111111111111111,0.5,0.1111111111111111,0.5,0.5,0.3333333333333333,0.7297297297297297,0.2972972972972973,0.4844664383561644,0.49805,0.4577970588235294,0.02631578947368421,0.06451612903225806,0.04225352112676056,0.2535211267605634,10.4,25.720000000000006,0.2579013906447535,False,possessions,4Q/OT | margin -3..3 | 300..120,team,1.0,1.0,2.0,,,1.0,12.0,,,0.2,,,1.0,0.022222222222222223,,,1.0,,,,,,0.02631578947368421
wnba,wnba_shot_pace,shot_pace,possessions,get-possessions,2025,Regular Season,team,"{'OffDef': 'Offense', 'Season': '2025', 'SeasonType': 'Regular Season', 'TeamId': '1611661325'}",shot_pace,1611661325,4Q/OT | margin -3..3 | 300..120,get-possessions__possessions__off_def-Offense__season-2025__season_type-Regular_Season__team_id-1611661325__f98075ce,get-possessions,https://api.pbpstats.com/get-possessions/wnba?OffDef=Offense&Season=2025&SeasonType=Regular+Season&TeamId=1611661325,200,15,1642286,Caitlin Clark,Caitlin Clark,11882.0,916,821,156,115.0,821,20.0,37.0,,,4.0,9.0,18.0,34,5.0,21.0,1.0,3.0,,,28.0,101.0,,3.0,7.0,19.0,43.0,92,29.0,104.0,40.0,213.0,,,,3.0,3.0,3.0,7.0,18.0,7.0,19.0,12.0,47.0,12.0,74.0,42.0,,101.0,28.0,9,96.0,19.0,115.0,15.0,4.0,61.0,29.0,249.0,,,1.0,1.0,1.0,,42.0,15.0,27.0,23.0,,15.0,4.0,65.0,4.0,8.0,2.0,2.0,56.0,,49.0,6.0,13.0,8.0,47.0,155,8.0,0.13953488372093023,0.13953488372093023,0.4827586206896552,0.27884615384615385,,0.3684210526315789,0.27884615384615385,0.4673913043478261,,0.3888888888888889,0.4413265306122449,,0.47297297297297297,0.4953271028037383,0.375,0.5222222222222223,0.5306122448979592,0.09782608695652174,0.10810810810810811,0.14705882352941177,29.39936775553214,0.6461538461538462,0.058823529411764705,,,,,,,,,,0.18877551020408162,0.5405405405405406,0.6060606060606061,0.15,0.17346938775510204,0.5294117647058824,0.6206896551724138,0.1111111111111111,0.10714285714285714,0.23809523809523808,0.23809523809523808,0.2,0.015306122448979591,0.3333333333333333,0.3333333333333333,1.0,0.5153061224489796,0.27722772277227725,0.27722772277227725,0.4642857142857143,,,,1.0,,,0.24324324324324326,0.4444444444444444,,,0.5135135135135135,0.3684210526315789,0.7193877551020408,0.27722772277227725,0.4878066326530612,0.49645000000000006,0.4593554054054053,0.0825242718446602,0.13131313131313133,0.014084507042253521,0.22065727699530516,7.980434782608696,27.523076923076925,0.1900121802679659,False,possessions,4Q/OT | margin -3..3 | 300..120,team,,6.0,1.0,,,,45.0,,,,,,,,,,4.0,0.037383177570093455,,,1.0,1.0,
wnba,wnba_shot_pace,shot_pace,possessions,get-possessions,2025,Regular Season,team,"{'OffDef': 'Offense', 'Season': '2025', 'SeasonType': 'Regular Season', 'TeamId': '1611661325'}",shot_pace,1611661325,4Q/OT | margin -3..3 | 300..120,get-possessions__possessions__off_def-Offense__season-2025__season_type-Regular_Season__team_id-1611661325__f98075ce,get-possessions,https://api.pbpstats.com/get-possessions/wnba?OffDef=Offense&Season=2025&SeasonType=Regular+Season&TeamId=1611661325,200,16,201886,DeWanna Bonner,DeWanna Bonner,5897.0,349,372,82,40.0,372,7.0,16.0,1.0,3.0,1.0,3.0,2.0,9,1.0,5.0,3.0,7.0,1.0,2.0,6.0,17.0,,,5.0,9.0,10.0,30,9.0,24.0,17.0,64.0,1.0,4.0,1.0,1.0,2.0,7.0,1.0,5.0,6.0,11.0,6.0,26.0,10.0,10.0,24.0,2.0,17.0,6.0,4,11.0,3.0,14.0,2.0,1.0,5.0,5.0,31.0,3.0,1.0,,4.0,4.0,1.0,7.0,1.0,5.0,2.0,,2.0,,9.0,1.0,1.0,,,12.0,,19.0,,9.0,,26.0,82,,0.5,0.5555555555555556,0.8888888888888888,0.375,1.0,0.5454545454545454,0.375,0.3333333333333333,0.25,0.2,0.4351851851851852,0.5,0.625,0.5,0.5833333333333334,0.6842105263157895,0.4444444444444444,0.13333333333333333,0.25,,17.224880382775122,0.7777777777777778,,0.009433962264150943,0.04,0.022099447513812154,,,0.05263157894736842,0.047619047619047616,,0.034482758620689655,0.2962962962962963,0.4375,0.5833333333333334,0.2857142857142857,0.16666666666666666,0.2222222222222222,0.2222222222222222,1.0,0.09259259259259259,0.2,0.2,1.0,0.12962962962962962,0.42857142857142855,0.42857142857142855,1.0,0.3148148148148148,0.35294117647058826,0.375,0.8333333333333334,0.6,0.3333333333333333,,,,,0.1875,0.3333333333333333,0.125,0.5,0.5625,0.5555555555555556,0.7407407407407407,0.35294117647058826,0.4924175925925926,0.5427500000000001,0.4529687499999999,0.14285714285714285,0.23076923076923078,0.109375,0.40625,6.9799999999999995,25.325000000000006,0.22043010752688172,False,possessions,4Q/OT | margin -3..3 | 300..120,team,,1.0,,,1.0,1.0,3.0,,,0.2,1.0,1.0,1.0,0.041666666666666664,,,,,,,,1.0,0.058823529411764705
